종목명,종목코드,소속,섹터,테마,AI수급점수,Quant점수,정성점수,정성보정치,점수모드,현재가,등락률,외인강도(%),연기금강도(%),투신강도(%),사모강도(%),외인연속,연기금연속,이격도(%),손바뀜(%),RSI,거래급증(%),거래대금(억),5일평균거래대금(억),20일평균거래대금(억),거래대금활력,추세상승,정배열,추세품질점수,MA5,MA10,MA20,음봉매집률,시가총액,PER,ROE,뉴스테마가점,뉴스톤계수,뉴스부정키워드수,V5공시점수,V5공시보정,V5공시위험,V5공시차단,V5공시사유,테마가점완화,눌림목가감,눌림목신호,점수변화(안정화),신호신뢰도,신호등급,신호레짐,종목체급,연기금5일강도(%),연기금10일강도(%),기관10일동행강도(%),수급흡수율,수급지속일수,외인5일강도(%),외인10일강도(%),투신5일강도(%),사모5일강도(%),외인5일매수일수,연기금5일매수일수,5일수익률,20일수익률,20일고점낙폭,20일전고점돌파율,수급품질점수,주도주점수,기관동행점수,체급별수급점수,핵심수급주체,핵심수급상태,체급별수급사유,시장대비5일(%p),시장대비20일(%p),V5주도성점수,V5주도성사유,V5진입상태,V5진입확인,V5진입품질,V5진입사유,V5종합점수,시장위험레버,진입유형,전략슬리브,스윙우선순위,진입코멘트,매도점검,V5추천상태,V5추천사유,매수후보
LG전자,66570,KOSPI,분류안됨,분류안됨,27.43,32,49.8,-0.08,상승장 (보수적 반영),215000.0,1.6548463356973908,0.2821396892991771,0.3097504906206436,0.0600168190648246,0.0198993727982563,1,3,104.3,1.7,60.0,64.3,831.7,1215.8,1364.5,0.89,True,True,100.0,213400.0,209130.0,206110.0,0.1702,350201.96217494085,35.75,4.28,0.0,0.35,1,50.0,0.0,중립,False,최근 중요 공시 신호 없음,0.0,1.1,대기,8.0,67.95,Medium,RiskOn,대형,0.1021,0.1957,0.2719,0.4712,4,0.0988,0.2431,0.0269,0.0051,4,4,2.8708133971291794,7.231920199501252,-0.6928406466512715,-0.6928406466512715,47.86,97.07,18.48,57.12,외국인,유지,"대형주 핵심 외국인, 외국인 49, 연기금 68, 투신·사모 40, 지속성 80",1.59,5.29,66.81,"시장대비 5일 +1.6%p·20일 +5.3%p, 거래대금 상위 95%, 추세 100",돌파대기,False,60.0,"돌파대기: 20일 +7.2%, 고점대비 -0.7%, MA20 이격 +4.3%, 거래대금 0.89배",58.07,RiskOn,주도눌림,주도대형,58.45,연기금 10일 순매수 · 거래대금 대비 수급 양호 · 대형 주도주 조건 · 기관 동행 · 대형 주도주 눌림,보유/관찰,관찰,외국인 수급 57.1 · 주도성 66.8 · 돌파대기 · 공시 중립,신규후보
LG이노텍,11070,KOSPI,분류안됨,카메라모듈;IT부품,25.14,25,47.2,-1.12,상승장 (보수적 반영),570000.0,-2.397260273972601,0.2896121859472687,-0.5971307163832599,0.0026356094338149,-0.1049877703120805,0,0,104.1,5.5,52.0,60.2,858.5,1487.5,1026.7,1.45,True,True,100.0,576200.0,551600.0,547650.0,0.0,134901.62671232878,19.88,6.14,0.0,0.35,1,50.0,0.0,중립,False,최근 중요 공시 신호 없음,0.0,1.7,관심,1.02,62.94,Medium,RiskOn,대형,-0.0412,-0.0969,0.1786,0.2943,3,-0.0257,0.0215,0.1191,0.159,2,3,6.542056074766345,0.5291005291005346,-2.7303754266211566,-2.7303754266211566,40.86,93.82,9.5,0.0,외국인,미확인,"대형주 핵심 외국인, 외국인 0, 연기금 0, 투신·사모 82, 지속성 40",5.26,-1.41,64.05,"시장대비 5일 +5.3%p·20일 -1.4%p, 거래대금 상위 91%, 추세 100",조건미충족,False,0.0,"조건미충족: 20일 +0.5%, 고점대비 -2.7%, MA20 이격 +4.1%, 거래대금 1.45배",22.14,RiskOn,주도눌림,주도대형,48.97,거래대금 대비 수급 양호 · 대형 주도주 조건 · 기관 동행 · 대형 주도주 눌림,수급훼손,제외,외국인 수급 0.0 · 주도성 64.0 · 조건미충족 · 공시 중립,신규후보
HPSP,403870,KOSDAQ,분류안됨,반도체장비;고압어닐링,67.38,65,58.02,3.21,상승장 (보수적 반영),66000.0,-4.347826086956519,0.2319369380315917,0.3526430612320041,2.963376365109172,0.0294631079936669,0,7,118.2,21.1,74.7,106.3,2231.5,2290.8,1367.0,1.68,True,True,100.0,63140.0,58720.0,55855.0,0.6873,54318.0,53.93,24.79,2.251,0.35,1,50.0,0.0,중립,False,최근 중요 공시 신호 없음,0.0,-1.0,대기,-0.39,60.05,High,RiskOn,대형,0.266,0.2666,1.0697,0.4894,4,0.4431,0.5943,0.5999,0.1441,4,5,18.918918918918926,30.952380952380953,-4.347826086956519,-4.347826086956519,56.99,67.94,34.45,84.61,외국인,유지,"대형주 핵심 외국인, 외국인 81, 연기금 88, 투신·사모 93, 지속성 80",17.64,29.01,99.07,"시장대비 5일 +17.6%p·20일 +29.0%p, 거래대금 상위 95%, 추세 100",눌림대기,False,50.0,"눌림대기: 20일 +31.0%, 고점대비 -4.3%, MA20 이격 +18.2%, 거래대금 1.68배",81.05,RiskOn,과열주의,관찰,76.03,연기금 10일 순매수 · 거래대금 대비 수급 양호 · 대형 주도주 조건 · 기관 동행 · 이격/RSI 과열,익절/추격주의,제외,외국인 수급 84.6 · 주도성 99.1 · 눌림대기 · 공시 중립,관찰
제주반도체,80220,KOSDAQ,분류안됨,반도체;팹리스,71.99,72,59.27,3.71,상승장 (보수적 반영),92700.0,5.102040816326525,1.211306987683345,0.1292980673290008,2.639356496557614,0.2325356467090708,3,4,122.6,28.7,75.8,287.6,3870.4,1835.7,1036.2,1.77,True,True,100.0,82160.0,78510.0,75615.0,0.0,31927.897959183672,11.76,19.21,2.251,0.35,1,50.0,0.0,중립,False,최근 중요 공시 신호 없음,0.0,-1.0,대기,6.33,51.88,High,RiskOn,대형,0.224,0.2149,0.9052,0.558,4,1.5581,1.9818,0.4636,0.3443,4,4,19.458762886597935,27.685950413223146,0.0,5.102040816326525,58.26,65.62,28.84,90.3,외국인,유지,"대형주 핵심 외국인, 외국인 96, 연기금 83, 투신·사모 96, 지속성 80",18.18,25.74,98.3,"시장대비 5일 +18.2%p·20일 +25.7%p, 거래대금 상위 92%, 추세 100",돌파대기,False,80.0,"돌파대기: 20일 +27.7%, 고점대비 +0.0%, MA20 이격 +22.6%, 거래대금 1.77배",87.97,RiskOn,과열주의,관찰,73.57,연기금 10일 순매수 · 거래대금 대비 수급 양호 · 대형 주도주 조건 · 기관 동행 · 이격/RSI 과열,익절/추격주의,제외,외국인 수급 90.3 · 주도성 98.3 · 돌파대기 · 공시 중립,관찰
리노공업,58470,KOSDAQ,분류안됨,분류안됨,60.02,65,56.44,2.58,상승장 (보수적 반영),84500.0,3.808353808353804,-4.197157453904414,0.5782127623510076,2.880393024973856,0.1583497724970536,0,7,120.0,7.0,77.6,230.2,1899.3,899.3,635.4,1.42,True,True,100.0,76800.0,73910.0,70420.0,0.6113,64398.550368550365,28.11,22.45,0.0,0.35,1,50.0,0.0,중립,False,최근 중요 공시 신호 없음,0.0,-0.4,대기,8.0,50.06,High,RiskOn,중형,0.321,0.5154,1.7505,0.6291,2,-1.5729,-2.5371,0.8472,0.239,0,5,13.728129205921945,31.211180124223592,0.0,3.8083538083538038,50.7,64.93,35.0,71.39,연기금,유지,"중형주 핵심 연기금, 외국인 0, 연기금 92, 투신·사모 99, 지속성 100",12.45,29.27,96.63,"시장대비 5일 +12.4%p·20일 +29.3%p, 거래대금 상위 83%, 추세 100",돌파대기,False,80.0,"돌파대기: 20일 +31.2%, 고점대비 +0.0%, MA20 이격 +20.0%, 거래대금 1.42배",78.59,RiskOn,과열주의,관찰,71.75,연기금 10일 순매수 · 거래대금 대비 수급 양호 · 대형 주도주 조건 · 기관 동행 · 이격/RSI 과열,익절/추격주의,제외,연기금 수급 71.4 · 주도성 96.6 · 돌파대기 · 공시 중립,관찰
테스,95610,KOSDAQ,분류안됨,반도체장비;반도체,54.51,51,56.75,2.7,상승장 (보수적 반영),177800.0,-3.317020119630232,-2.3907636075001832,0.4972366321189108,4.711039355870688,-0.1664425925704179,0,4,117.4,7.6,67.6,70.2,406.2,520.3,578.0,0.9,True,True,100.0,172420.0,159660.0,151410.0,0.0,34422.04132680805,37.45,15.76,2.251,0.35,1,50.0,0.0,중립,False,최근 중요 공시 신호 없음,0.0,-0.4,대기,-2.83,49.45,High,RiskOn,중형,0.4659,0.4077,0.5415,0.2471,3,-0.3463,0.6559,0.1402,-0.0181,2,4,9.82087708462014,30.73529411764706,-3.317020119630232,-3.317020119630232,33.91,75.39,28.97,62.39,연기금,유지,"중형주 핵심 연기금, 외국인 0, 연기금 95, 투신·사모 62, 지속성 80",8.54,28.79,96.22,"시장대비 5일 +8.5%p·20일 +28.8%p, 거래대금 상위 81%, 추세 100",눌림대기,False,83.33,"눌림대기: 20일 +30.7%, 고점대비 -3.3%, MA20 이격 +17.4%, 거래대금 0.90배",74.93,RiskOn,과열주의,관찰,65.1,연기금 10일 순매수 · 거래대금 대비 수급 양호 · 대형 주도주 조건 · 기관 동행 · 이격/RSI 과열,익절/추격주의,제외,연기금 수급 62.4 · 주도성 96.2 · 눌림대기 · 공시 중립,관찰
파두,440110,KOSDAQ,분류안됨,분류안됨,48.78,54,47.9,-0.84,상승장 (보수적 반영),86200.0,-3.9018952062430334,-2.997212399838146,0.1659656960796869,3.648414689563873,0.4414560658847235,0,6,119.8,6.7,64.4,78.6,547.5,576.1,441.7,1.3,True,True,100.0,84420.0,76610.0,71960.0,0.0427,43195.13712374582,-39.95,-131.08,0.0,0.35,1,50.0,0.0,중립,False,최근 중요 공시 신호 없음,0.0,-0.4,대기,2.29,49.0,High,RiskOn,중형,0.0614,0.1184,1.6544,0.5584,3,-1.2031,-0.9683,0.7873,0.3239,0,5,5.6372549019607865,37.261146496815286,-3.9018952062430334,-3.9018952062430334,54.33,67.94,32.72,58.25,연기금,유지,"중형주 핵심 연기금, 외국인 0, 연기금 58, 투신·사모 99, 지속성 100",4.36,35.32,86.13,"시장대비 5일 +4.4%p·20일 +35.3%p, 거래대금 상위 76%, 추세 100",눌림대기,False,83.33,"눌림대기: 20일 +37.3%, 고점대비 -3.9%, MA20 이격 +19.8%, 거래대금 1.30배",68.65,RiskOn,과열주의,관찰,63.77,연기금 10일 순매수 · 거래대금 대비 수급 양호 · 대형 주도주 조건 · 기관 동행 · 이격/RSI 과열,익절/추격주의,제외,연기금 수급 58.2 · 주도성 86.1 · 눌림대기 · 공시 중립,관찰
대덕전자,353200,KOSPI,분류안됨,PCB;반도체,45.08,45,53.12,1.25,상승장 (보수적 반영),147600.0,-1.2048192771084376,0.0210402198187745,-0.2661665882433395,-0.1762560449997819,0.2391550752936621,0,7,132.4,12.5,78.4,72.8,1547.1,1830.4,1231.9,1.49,True,True,100.0,136600.0,122050.0,111455.0,0.0,72938.50602409638,34.72,5.37,2.251,0.35,1,50.0,0.0,중립,False,최근 중요 공시 신호 없음,0.0,-0.4,대기,1.81,48.79,High,RiskOn,대형,0.6016,0.8927,1.831,0.4989,4,-1.4684,-1.3469,0.4946,0.4806,0,5,23.61809045226131,35.53719008264462,-1.2048192771084376,-1.2048192771084376,57.61,68.52,34.43,14.12,외국인,미확인,"대형주 핵심 외국인, 외국인 0, 연기금 98, 투신·사모 98, 지속성 0",22.34,33.6,98.74,"시장대비 5일 +22.3%p·20일 +33.6%p, 거래대금 상위 94%, 추세 100",눌림대기,False,33.33,"눌림대기: 20일 +35.5%, 고점대비 -1.2%, MA20 이격 +32.4%, 거래대금 1.49배",46.22,RiskOn,과열주의,관찰,63.18,연기금 10일 순매수 · 거래대금 대비 수급 양호 · 대형 주도주 조건 · 기관 동행 · 이격/RSI 과열,익절/추격주의,제외,외국인 수급 14.1 · 주도성 98.7 · 눌림대기 · 공시 중립,관찰
씨에스윈드,112610,KOSPI,분류안됨,풍력;신재생,39.83,39,50.84,0.34,상승장 (보수적 반영),55300.0,1.2820512820512775,-0.9239586198820766,0.8589881372201378,1.0452339877128605,0.7287578024986601,0,5,108.3,4.8,72.6,106.1,223.4,224.3,182.0,1.23,True,True,100.0,52820.0,51800.0,51050.0,0.2152,23320.192307692305,496.12,3.02,0.0,0.35,1,50.0,0.0,중립,False,최근 중요 공시 신호 없음,0.0,0.6,대기,0.27,42.82,High,RiskOn,중형,0.4055,0.4704,1.2372,1.0539,5,-0.418,-0.4606,0.5051,0.1209,2,5,10.379241516966076,21.405049396267838,0.0,1.2820512820512775,52.19,54.37,32.22,70.72,연기금,유지,"중형주 핵심 연기금, 외국인 0, 연기금 93, 투신·사모 92, 지속성 100",9.1,19.46,90.85,"시장대비 5일 +9.1%p·20일 +19.5%p, 거래대금 상위 54%, 추세 100",돌파확인,True,95.0,"돌파확인: 20일 +21.4%, 고점대비 +0.0%, MA20 이격 +8.3%, 거래대금 1.23배",77.96,RiskOn,관찰,관찰,58.99,연기금 10일 순매수 · 거래대금 대비 수급 양호 · 기관 동행,보유/관찰,추천,연기금 수급 70.7 · 주도성 90.8 · 돌파확인 · 공시 중립,관찰
두산테스나,131970,KOSDAQ,분류안됨,분류안됨,41.9,44,50.84,0.34,상승장 (보수적 반영),107600.0,1.7013232514177634,-3.034104819814956,1.2334028464350228,1.3260756542390963,-0.0431116315535717,0,5,122.9,7.0,73.0,125.1,351.1,289.2,312.9,0.92,True,True,100.0,99620.0,94520.0,87555.0,0.0,20795.886578449903,50.31,0.35,0.0,0.35,1,50.0,0.0,중립,False,최근 중요 공시 신호 없음,0.0,-0.4,대기,-2.24,47.54,High,RiskOn,중형,0.8711,0.9016,1.31,0.3491,2,-0.8567,-1.9192,0.0012,0.0813,0,5,14.834578441835644,37.59590792838874,0.0,1.7013232514177634,36.57,54.81,34.19,65.74,연기금,유지,"중형주 핵심 연기금, 외국인 0, 연기금 99, 투신·사모 55, 지속성 100",13.56,35.65,93.42,"시장대비 5일 +13.6%p·20일 +35.6%p, 거래대금 상위 67%, 추세 100",돌파대기,False,60.0,"돌파대기: 20일 +37.6%, 고점대비 +0.0%, MA20 이격 +22.9%, 거래대금 0.92배",71.36,RiskOn,과열주의,관찰,58.93,연기금 10일 순매수 · 거래대금 대비 수급 양호 · 기관 동행 · 이격/RSI 과열,익절/추격주의,제외,연기금 수급 65.7 · 주도성 93.4 · 돌파대기 · 공시 중립,관찰
KIWOOM 200,69660,KOSPI,분류안됨,분류안됨,47.81,52,44.54,-2.18,상승장 (보수적 반영),112045.0,0.5699667893366733,-0.0166167786014307,0.599051995629445,0.0195447159363005,-0.0072415259902676,0,0,102.6,7.2,63.1,26.8,35.0,123.3,156.6,0.79,True,True,100.0,110496.0,110465.5,109222.0,0.7428,8515.259088053137,0.0,0.0,0.0,0.35,1,50.0,0.0,중립,False,최근 중요 공시 신호 없음,0.0,1.7,관심,1.66,48.56,High,RiskOn,소형,0.5991,0.5991,0.5107,0.4465,3,0.2688,0.0051,0.0879,-0.0002,3,2,-0.9503182461103266,8.308361527307873,-0.9503182461103266,-0.9503182461103266,34.33,54.4,16.99,74.34,연기금,유지,"소형주 핵심 연기금, 외국인 59, 연기금 97, 투신·사모 56, 지속성 40",-2.23,6.37,50.7,"시장대비 5일 -2.2%p·20일 +6.4%p, 거래대금 상위 50%, 추세 100",돌파대기,False,60.0,"돌파대기: 20일 +8.3%, 고점대비 -1.0%, MA20 이격 +2.6%, 거래대금 0.79배",59.65,RiskOn,눌림목,수급스윙,57.68,연기금 10일 순매수 · 거래대금 대비 수급 양호 · 기관 동행 · 20일선 부근 눌림,보유/관찰,관찰,연기금 수급 74.3 · 주도성 50.7 · 돌파대기 · 공시 중립,관찰
티에스이,131290,KOSDAQ,분류안됨,분류안됨,39.39,42,53.36,1.34,상승장 (보수적 반영),290500.0,-4.754098360655734,-3.122032959517727,-0.2298265259004335,3.640273586863088,-0.1127455611511888,2,4,108.8,4.2,61.1,141.9,337.1,267.2,385.2,0.69,True,True,100.0,294900.0,280550.0,266975.0,0.0,32133.10983606557,32.4,10.42,0.0,0.35,1,50.0,0.0,중립,False,최근 중요 공시 신호 없음,0.0,0.6,대기,3.63,47.11,High,RiskOn,중형,0.0426,0.0203,0.1257,0.1763,4,0.3345,-0.0468,-0.0159,0.0175,4,4,0.519031141868509,24.14529914529915,-5.220228384991843,-5.220228384991843,29.19,80.12,19.2,44.9,연기금,유지,"중형주 핵심 연기금, 외국인 64, 연기금 39, 투신·사모 5, 지속성 80",-0.76,22.2,73.0,"시장대비 5일 -0.8%p·20일 +22.2%p, 거래대금 상위 75%, 추세 100",눌림대기,False,66.67,"눌림대기: 20일 +24.1%, 고점대비 -5.2%, MA20 이격 +8.8%, 거래대금 0.69배",56.09,RiskOn,관찰,관찰,55.79,연기금 10일 순매수 · 대형 주도주 조건 · 기관 동행,보유/관찰,관찰,연기금 수급 44.9 · 주도성 73.0 · 눌림대기 · 공시 중립,관찰
RF머트리얼즈,327260,KOSDAQ,분류안됨,분류안됨,45.52,50,46.92,-1.23,상승장 (보수적 반영),52800.0,6.882591093117418,-2.826816284873211,1.6116089705368253,1.4213652982341702,-0.1789834190668644,1,4,119.4,29.6,85.2,230.8,1035.2,562.9,499.7,1.13,True,True,100.0,49270.0,48475.0,44217.5,0.0,9496.518218623483,0.0,0.0,0.0,0.35,1,50.0,0.0,중립,False,최근 중요 공시 신호 없음,0.0,-1.0,대기,-1.76,46.32,High,RiskOn,중형,0.9311,1.0719,0.3656,0.0809,3,-0.062,-0.4305,0.2345,-0.7087,2,4,12.221041445270986,49.36350777934937,0.0,6.882591093117418,22.27,37.41,30.37,52.0,연기금,유지,"중형주 핵심 연기금, 외국인 0, 연기금 100, 투신·사모 0, 지속성 80",10.94,47.42,95.67,"시장대비 5일 +10.9%p·20일 +47.4%p, 거래대금 상위 78%, 추세 100",돌파대기,False,40.0,"돌파대기: 20일 +49.4%, 고점대비 +0.0%, MA20 이격 +19.4%, 거래대금 1.13배",62.58,RiskOn,과열주의,관찰,55.0,연기금 10일 순매수 · 기관 동행 · 이격/RSI 과열,익절/추격주의,제외,연기금 수급 52.0 · 주도성 95.7 · 돌파대기 · 공시 중립,관찰
DB하이텍,990,KOSPI,분류안됨,분류안됨,47.88,50,55.18,2.07,상승장 (보수적 반영),141100.0,-0.9824561403508736,-5.516248051896474,0.5934807232951169,2.953274364992501,-0.0990878948882984,0,4,117.6,6.1,77.6,54.6,436.1,753.6,881.2,0.86,True,True,100.0,137420.0,133230.0,120000.0,0.0,61384.93614035088,14.61,12.52,0.0,0.35,1,50.0,0.0,중립,False,최근 중요 공시 신호 없음,0.0,-0.4,대기,1.83,45.15,High,RiskOn,중형,0.2273,0.2663,0.354,0.1494,2,-0.2477,-0.5757,0.0318,0.0792,2,4,6.893939393939386,58.18385650224216,-0.9824561403508736,-0.9824561403508736,19.32,71.28,20.78,58.34,연기금,유지,"중형주 핵심 연기금, 외국인 0, 연기금 86, 투신·사모 60, 지속성 80",5.62,56.24,91.64,"시장대비 5일 +5.6%p·20일 +56.2%p, 거래대금 상위 88%, 추세 100",돌파대기,False,40.0,"돌파대기: 20일 +58.2%, 고점대비 -1.0%, MA20 이격 +17.6%, 거래대금 0.86배",64.84,RiskOn,과열주의,관찰,53.64,연기금 10일 순매수 · 대형 주도주 조건 · 기관 동행 · 이격/RSI 과열,익절/추격주의,제외,연기금 수급 58.3 · 주도성 91.6 · 돌파대기 · 공시 중립,관찰
이오테크닉스,39030,KOSDAQ,분류안됨,분류안됨,37.86,36,52.0,0.8,상승장 (보수적 반영),535000.0,-5.141843971631211,-2.930266573175545,0.7706814381563759,3.060803709210508,0.047634846757864,0,1,113.7,4.1,66.3,110.1,567.8,539.6,578.6,0.93,True,True,100.0,516600.0,493800.0,470725.0,0.5735,65909.3439716312,51.66,8.9,0.0,0.35,1,50.0,0.0,중립,False,최근 중요 공시 신호 없음,0.0,-0.4,대기,-3.41,46.05,High,RiskOn,중형,0.1008,0.1798,0.6754,0.4768,4,-0.3951,-0.3684,0.336,0.1793,1,4,11.111111111111116,33.08457711442787,-5.141843971631211,-5.141843971631211,52.21,86.91,24.03,57.04,연기금,유지,"중형주 핵심 연기금, 외국인 0, 연기금 67, 투신·사모 90, 지속성 80",9.83,31.14,96.27,"시장대비 5일 +9.8%p·20일 +31.1%p, 거래대금 상위 81%, 추세 100",눌림대기,False,83.33,"눌림대기: 20일 +33.1%, 고점대비 -5.1%, MA20 이격 +13.7%, 거래대금 0.93배",72.06,RiskOn,과열주의,관찰,53.09,연기금 10일 순매수 · 거래대금 대비 수급 양호 · 대형 주도주 조건 · 기관 동행 · 이격/RSI 과열,익절/추격주의,제외,연기금 수급 57.0 · 주도성 96.3 · 눌림대기 · 공시 중립,관찰
후성,93370,KOSPI,분류안됨,2차전지;전해질,44.6,45,49.3,-0.28,상승장 (보수적 반영),16400.0,4.392106938255891,-0.1741621027183346,0.85347944146175,0.7656141968832919,-0.3327704841291153,1,2,117.1,24.6,80.6,86.3,861.8,865.4,635.4,1.36,True,True,100.0,15046.0,14617.0,14005.5,0.0468,17589.026098026734,38.94,1.61,0.0,0.35,1,50.0,0.0,중립,False,최근 중요 공시 신호 없음,0.0,-1.0,대기,-2.07,44.22,High,RiskOn,중형,0.2502,0.2407,-0.0697,0.3865,5,0.5076,0.7501,0.8276,0.0647,3,4,17.562724014336915,30.885873902633687,0.0,4.392106938255891,54.73,69.54,22.22,87.4,연기금,유지,"중형주 핵심 연기금, 외국인 86, 연기금 87, 투신·사모 96, 지속성 80",16.28,28.94,96.63,"시장대비 5일 +16.3%p·20일 +28.9%p, 거래대금 상위 83%, 추세 100",돌파대기,False,80.0,"돌파대기: 20일 +30.9%, 고점대비 +0.0%, MA20 이격 +17.1%, 거래대금 1.36배",85.08,RiskOn,과열주의,관찰,52.68,연기금 10일 순매수 · 거래대금 대비 수급 양호 · 대형 주도주 조건 · 기관 동행 · 이격/RSI 과열,익절/추격주의,제외,연기금 수급 87.4 · 주도성 96.6 · 돌파대기 · 공시 중립,관찰
ISC,95340,KOSDAQ,분류안됨,반도체소켓;반도체,44.09,55,52.41,0.97,상승장 (보수적 반영),207500.0,-7.572383073496658,-3.130505734551883,0.480130075233162,2.54662474407686,0.1066918433529862,0,0,106.4,3.7,61.9,163.0,456.1,329.4,318.2,1.04,True,True,100.0,211700.0,205230.0,195005.0,0.0148,43983.53006681515,52.09,10.6,2.251,0.35,1,50.0,0.0,중립,False,최근 중요 공시 신호 없음,0.0,0.0,대기,8.0,49.16,High,RiskOn,중형,-0.0388,0.115,0.6996,-0.4228,3,-0.509,-0.9143,0.0683,-0.0809,1,3,-2.352941176470591,21.700879765395896,-7.572383073496658,-7.572383073496658,16.0,82.86,11.81,18.47,연기금,유지,"중형주 핵심 연기금, 외국인 0, 연기금 24, 투신·사모 0, 지속성 60",-3.63,19.76,68.59,"시장대비 5일 -3.6%p·20일 +19.8%p, 거래대금 상위 68%, 추세 100",눌림대기,False,66.67,"눌림대기: 20일 +21.7%, 고점대비 -7.6%, MA20 이격 +6.4%, 거래대금 1.04배",42.56,RiskOn,관찰,관찰,52.67,연기금 10일 순매수 · 대형 주도주 조건 · 기관 동행,보유/관찰,관찰,연기금 수급 18.5 · 주도성 68.6 · 눌림대기 · 공시 중립,관찰
주성엔지니어링,36930,KOSDAQ,분류안됨,분류안됨,51.09,53,49.16,-0.34,상승장 (보수적 반영),238500.0,-1.0373443983402453,0.2558463140696239,0.1032126681713904,1.9534445933110736,-0.0427175043062756,0,2,115.3,12.8,76.4,112.6,3071.1,2835.9,2879.9,0.98,True,True,100.0,228600.0,217100.0,206820.0,0.0,110856.97717842324,1435.06,6.17,0.0,0.35,1,50.0,0.0,중립,False,최근 중요 공시 신호 없음,0.0,-0.4,대기,-4.28,44.8,High,RiskOn,대형,0.0461,0.0868,0.1826,0.1563,4,0.5688,0.5209,0.084,-0.0083,4,3,13.842482100238662,37.30569948186528,-1.0373443983402453,-1.0373443983402453,31.96,76.66,14.88,70.09,외국인,유지,"대형주 핵심 외국인, 외국인 84, 연기금 49, 투신·사모 52, 지속성 80",12.56,35.36,99.73,"시장대비 5일 +12.6%p·20일 +35.4%p, 거래대금 상위 99%, 추세 100",눌림대기,False,50.0,"눌림대기: 20일 +37.3%, 고점대비 -1.0%, MA20 이격 +15.3%, 거래대금 0.98배",73.86,RiskOn,과열주의,관찰,51.35,연기금 10일 순매수 · 거래대금 대비 수급 양호 · 대형 주도주 조건 · 기관 동행 · 이격/RSI 과열,익절/추격주의,제외,외국인 수급 70.1 · 주도성 99.7 · 눌림대기 · 공시 중립,관찰
삼성증권,16360,KOSPI,분류안됨,분류안됨,35.6,37,56.44,2.58,상승장 (보수적 반영),90200.0,-0.1107419712070845,0.4179830719363256,0.0768721356833684,0.1813357590504345,0.0370043721064483,0,7,102.6,1.4,62.1,57.1,156.1,219.7,242.1,0.91,True,True,100.0,89240.0,88750.0,87895.0,0.0,80547.70099667774,5.33,13.09,0.0,0.35,1,50.0,0.0,중립,False,최근 중요 공시 신호 없음,0.0,1.1,대기,4.84,43.95,High,RiskOn,중형,0.1184,0.2137,0.2233,0.1312,3,-0.1273,0.1714,-0.0115,-0.0038,2,5,-0.9879253567508184,5.868544600938974,-0.9879253567508184,-0.9879253567508184,26.12,66.4,19.15,43.21,연기금,유지,"중형주 핵심 연기금, 외국인 0, 연기금 71, 투신·사모 0, 지속성 100",-2.27,3.93,48.55,"시장대비 5일 -2.3%p·20일 +3.9%p, 거래대금 상위 60%, 추세 100",돌파대기,False,40.0,"돌파대기: 20일 +5.9%, 고점대비 -1.0%, MA20 이격 +2.6%, 거래대금 0.91배",43.08,RiskOn,관찰,관찰,51.35,연기금 10일 순매수 · 대형 주도주 조건 · 기관 동행,보유/관찰,관찰,연기금 수급 43.2 · 주도성 48.5 · 돌파대기 · 공시 중립,관찰
디아이,3160,KOSPI,분류안됨,분류안됨,47.69,51,44.82,-2.07,상승장 (보수적 반영),42650.0,2.7710843373494054,1.996544640639624,1.4746329477864628,0.922691053384672,0.0685268756628312,2,0,127.6,17.5,81.2,133.7,536.6,422.6,252.9,1.67,True,True,100.0,38740.0,36325.0,33420.0,0.2966,12069.436144578314,0.0,0.0,0.0,0.35,1,50.0,0.0,중립,False,최근 중요 공시 신호 없음,0.0,-0.4,대기,-5.03,45.81,High,RiskOn,중형,-0.1136,0.6867,1.0343,0.2423,5,1.4399,2.6934,-0.0496,-0.049,2,3,16.054421768707485,39.37908496732025,0.0,2.7710843373494054,45.52,33.65,23.41,61.98,연기금,유지,"중형주 핵심 연기금, 외국인 97, 연기금 72, 투신·사모 0, 지속성 60",14.78,37.44,92.11,"시장대비 5일 +14.8%p·20일 +37.4%p, 거래대금 상위 61%, 추세 100",돌파대기,False,80.0,"돌파대기: 20일 +39.4%, 고점대비 +0.0%, MA20 이격 +27.6%, 거래대금 1.67배",71.61,RiskOn,과열주의,관찰,49.74,연기금 10일 순매수 · 거래대금 대비 수급 양호 · 기관 동행 · 이격/RSI 과열,익절/추격주의,제외,연기금 수급 62.0 · 주도성 92.1 · 돌파대기 · 공시 중립,관찰
원익IPS,240810,KOSDAQ,분류안됨,분류안됨,47.77,51,51.96,0.78,상승장 (보수적 반영),138500.0,-3.484320557491294,-2.603670364442317,0.4321702373107396,2.039246061107112,-0.1913591322772692,0,2,113.5,11.9,67.5,85.5,1735.8,1617.1,1400.1,1.15,True,True,100.0,133400.0,129950.0,121990.0,0.686,67980.818815331,33.69,9.05,0.0,0.35,1,50.0,0.0,중립,False,최근 중요 공시 신호 없음,0.0,-0.4,대기,1.42,46.91,High,RiskOn,대형,0.1475,0.2251,0.5372,-0.1056,2,-0.8542,-1.1711,0.1174,-0.0554,2,3,3.590127150336575,26.25341841385598,-3.484320557491294,-3.484320557491294,12.0,84.18,13.7,7.66,외국인,미확인,"대형주 핵심 외국인, 외국인 0, 연기금 77, 투신·사모 49, 지속성 40",2.31,24.31,84.9,"시장대비 5일 +2.3%p·20일 +24.3%p, 거래대금 상위 96%, 추세 100",눌림대기,False,66.67,"눌림대기: 20일 +26.3%, 고점대비 -3.5%, MA20 이격 +13.5%, 거래대금 1.15배",43.36,RiskOn,과열주의,관찰,49.62,연기금 10일 순매수 · 대형 주도주 조건 · 기관 동행 · 이격/RSI 과열,익절/추격주의,제외,외국인 수급 7.7 · 주도성 84.9 · 눌림대기 · 공시 중립,관찰
SK스퀘어,402340,KOSPI,분류안됨,분류안됨,31.27,29,59.0,3.6,상승장 (보수적 반영),1156000.0,0.0865800865800903,0.4675299764883457,-0.0849554357065851,0.050316428825697,0.0028686607848694,1,2,105.7,1.8,63.5,55.4,3902.4,5467.3,5512.7,0.99,True,True,100.0,1133600.0,1120500.0,1093250.0,0.0,1525041.23982684,4.57,37.82,0.0,0.35,1,50.0,0.0,중립,False,최근 중요 공시 신호 없음,0.0,1.1,대기,5.66,43.13,Medium,RiskOn,대형,-0.0025,0.0057,0.0422,-0.1253,2,-0.0701,0.1783,-0.0092,0.0014,3,2,-2.857142857142858,17.718940936863547,-2.857142857142858,-2.857142857142858,12.0,93.37,6.07,13.61,외국인,유지,"대형주 핵심 외국인, 외국인 10, 연기금 1, 투신·사모 0, 지속성 60",-4.14,15.78,59.78,"시장대비 5일 -4.1%p·20일 +15.8%p, 거래대금 상위 99%, 추세 100",눌림대기,False,83.33,"눌림대기: 20일 +17.7%, 고점대비 -2.9%, MA20 이격 +5.7%, 거래대금 0.99배",40.45,RiskOn,주도눌림,주도대형,49.54,연기금 10일 순매수 · 대형 주도주 조건 · 대형 주도주 눌림,보유/관찰,관찰,외국인 수급 13.6 · 주도성 59.8 · 눌림대기 · 공시 중립,관찰
산일전기,62040,KOSPI,분류안됨,분류안됨,29.62,34,45.6,-1.76,상승장 (보수적 반영),226500.0,6.088992974238883,0.1815582995452245,-0.7318772850138577,0.3351986033146122,0.3620427222941051,1,4,111.8,3.8,69.8,224.5,949.6,527.8,576.7,0.92,True,True,100.0,211900.0,208750.0,202635.0,0.0,69405.54098360657,0.0,0.0,0.0,0.35,1,50.0,0.0,중립,False,최근 중요 공시 신호 없음,0.0,0.0,대기,6.13,45.23,Medium,RiskOn,중형,0.0606,0.0009,0.2578,0.3152,4,0.1456,0.291,0.189,-0.0605,3,4,10.21897810218979,23.231773667029376,0.0,6.088992974238883,42.28,85.59,17.46,57.53,연기금,유지,"중형주 핵심 연기금, 외국인 61, 연기금 43, 투신·사모 65, 지속성 80",8.94,21.29,96.16,"시장대비 5일 +8.9%p·20일 +21.3%p, 거래대금 상위 81%, 추세 100",돌파대기,False,80.0,"돌파대기: 20일 +23.2%, 고점대비 +0.0%, MA20 이격 +11.8%, 거래대금 0.92배",71.1,RiskOn,관찰,관찰,49.52,연기금 10일 순매수 · 거래대금 대비 수급 양호 · 대형 주도주 조건 · 기관 동행,보유/관찰,관찰,연기금 수급 57.5 · 주도성 96.2 · 돌파대기 · 공시 중립,관찰
S-Oil,10950,KOSPI,분류안됨,분류안됨,17.96,16,50.4,0.16,상승장 (보수적 반영),165400.0,11.155913978494624,0.5433049548979616,0.2032473726111322,0.0361518815027301,-0.085877058370104,1,0,106.9,1.5,59.2,130.1,748.0,577.0,653.2,0.88,True,True,100.0,159180.0,156140.0,154790.0,0.0,186211.72177419355,11.85,2.01,0.0,0.35,1,50.0,0.0,중립,False,최근 중요 공시 신호 없음,0.0,0.0,대기,-4.2,44.43,Low,RiskOn,대형,0.0357,0.1277,0.1405,0.5084,4,0.2241,0.4149,0.0242,0.0063,4,3,6.2982005141388075,9.609012591119948,-0.3013863773357439,-0.3013863773357439,49.74,94.22,13.09,62.57,외국인,유지,"대형주 핵심 외국인, 외국인 71, 연기금 52, 투신·사모 38, 지속성 80",5.02,7.67,77.05,"시장대비 5일 +5.0%p·20일 +7.7%p, 거래대금 상위 84%, 추세 100",돌파대기,False,60.0,"돌파대기: 20일 +9.6%, 고점대비 -0.3%, MA20 이격 +6.9%, 거래대금 0.88배",64.16,RiskOn,주도눌림,주도대형,47.92,연기금 10일 순매수 · 거래대금 대비 수급 양호 · 대형 주도주 조건 · 기관 동행 · 대형 주도주 눌림,보유/관찰,관찰,외국인 수급 62.6 · 주도성 77.0 · 돌파대기 · 공시 중립,관찰
DN오토모티브,7340,KOSPI,분류안됨,분류안됨,37.24,36,58.96,3.58,상승장 (보수적 반영),50100.0,0.9063444108761364,-0.3365444470095952,0.3932577015418388,0.1864728773537262,-0.1144450589062838,3,11,105.7,1.2,60.7,71.3,50.8,67.7,57.5,1.18,True,True,100.0,49650.0,49235.0,47400.0,0.225,29313.29305135952,6.97,15.02,0.0,0.35,1,50.0,0.0,중립,False,최근 중요 공시 신호 없음,0.0,1.1,대기,1.04,44.32,High,RiskOn,중형,0.1801,0.3444,0.2939,0.6123,3,0.0766,-0.1068,0.0233,-0.1216,4,5,4.592901878914413,10.963455149501655,-1.1834319526627168,-1.1834319526627168,26.56,56.92,27.28,21.65,연기금,유지,"중형주 핵심 연기금, 외국인 11, 연기금 85, 투신·사모 0, 지속성 100",3.31,9.02,64.01,"시장대비 5일 +3.3%p·20일 +9.0%p, 거래대금 상위 28%, 추세 100",눌림대기,False,66.67,"눌림대기: 20일 +11.0%, 고점대비 -1.2%, MA20 이격 +5.7%, 거래대금 1.18배",43.04,RiskOn,관찰,관찰,47.69,연기금 10일 순매수 · 기관 동행,보유/관찰,제외,연기금 수급 21.6 · 주도성 64.0 · 눌림대기 · 공시 중립,관찰
LS에코에너지,229640,KOSPI,분류안됨,분류안됨,34.33,32,59.2,3.68,상승장 (보수적 반영),66600.0,5.379746835443044,-1.7050658500496985,1.263799933280392,0.2912112681349325,0.2184991728320239,0,22,121.3,2.8,78.5,85.9,149.5,113.8,144.0,0.79,True,True,100.0,63320.0,61350.0,54925.0,0.4406,20395.19620253165,33.59,21.43,0.0,0.35,1,50.0,0.0,중립,False,최근 중요 공시 신호 없음,0.0,-1.0,대기,0.81,41.61,Medium,RiskOn,중형,0.3936,0.9727,1.2904,0.2667,4,-0.6514,-1.0743,0.0181,0.1023,0,5,4.062499999999991,50.33860045146727,0.0,4.062499999999991,27.11,31.45,35.0,65.91,연기금,유지,"중형주 핵심 연기금, 외국인 0, 연기금 96, 투신·사모 62, 지속성 100",2.78,48.4,76.48,"시장대비 5일 +2.8%p·20일 +48.4%p, 거래대금 상위 48%, 추세 100",돌파대기,False,60.0,"돌파대기: 20일 +50.3%, 고점대비 +0.0%, MA20 이격 +21.3%, 거래대금 0.79배",66.35,RiskOn,과열주의,관찰,47.49,연기금 10일 순매수 · 기관 동행 · 이격/RSI 과열,익절/추격주의,제외,연기금 수급 65.9 · 주도성 76.5 · 돌파대기 · 공시 중립,관찰
삼성전자,5930,KOSPI,분류안됨,분류안됨,29.44,28,55.8,2.32,상승장 (보수적 반영),275000.0,-0.3623188405797117,-0.2923501250334323,0.0008580146444979,-0.0237256212012588,0.0116470318159237,0,2,103.7,1.3,60.9,63.1,30657.2,42792.1,44225.0,0.97,True,True,100.0,272400.0,271150.0,265275.0,0.0,16077265.217391305,12.07,10.85,0.0,0.35,1,50.0,0.0,중립,False,최근 중요 공시 신호 없음,0.0,1.1,대기,4.62,40.16,Medium,RiskOn,대형,-0.0089,0.0058,0.0146,-0.431,1,-0.1997,-0.0999,-0.0023,-0.0075,0,2,-3.677758318739055,9.78043912175648,-3.677758318739055,-3.677758318739055,8.0,93.09,4.84,0.0,외국인,미확인,"대형주 핵심 외국인, 외국인 0, 연기금 0, 투신·사모 0, 지속성 0",-4.96,7.84,48.01,"시장대비 5일 -5.0%p·20일 +7.8%p, 거래대금 상위 100%, 추세 100",눌림대기,False,83.33,"눌림대기: 20일 +9.8%, 고점대비 -3.7%, MA20 이격 +3.7%, 거래대금 0.97배",29.88,RiskOn,주도눌림,주도대형,47.38,연기금 10일 순매수 · 대형 주도주 조건 · 대형 주도주 눌림,보유/관찰,관찰,외국인 수급 0.0 · 주도성 48.0 · 눌림대기 · 공시 중립,관찰
SK이노베이션,96770,KOSPI,분류안됨,분류안됨,17.34,21,43.2,-2.72,상승장 (보수적 반영),152700.0,9.383954154727792,1.3104373397307596,0.26625015615854,0.2042501817945977,0.0884074599574163,1,1,106.7,2.7,59.4,126.5,1766.6,1412.8,1466.9,0.96,True,True,100.0,149040.0,145210.0,143160.0,0.0,258142.85028653292,-22.03,-14.42,0.0,0.35,1,50.0,0.0,중립,False,최근 중요 공시 신호 없음,0.0,0.0,대기,2.2,40.0,Low,RiskOn,대형,-0.0008,-0.0231,-0.0361,0.3059,3,0.4391,0.6438,-0.0575,0.0126,3,3,2.3458445040214437,16.12167300380227,-3.476611883691527,-3.476611883691527,37.74,95.46,12.02,45.93,외국인,유지,"대형주 핵심 외국인, 외국인 82, 연기금 0, 투신·사모 0, 지속성 60",1.07,14.18,80.49,"시장대비 5일 +1.1%p·20일 +14.2%p, 거래대금 상위 96%, 추세 100",눌림대기,False,66.67,"눌림대기: 20일 +16.1%, 고점대비 -3.5%, MA20 이격 +6.7%, 거래대금 0.96배",58.16,RiskOn,주도눌림,주도대형,46.85,거래대금 대비 수급 양호 · 대형 주도주 조건 · 기관 동행 · 대형 주도주 눌림,수급훼손,제외,외국인 수급 45.9 · 주도성 80.5 · 눌림대기 · 공시 중립,관찰
고영,98460,KOSDAQ,분류안됨,반도체장비;자동화,39.44,39,50.73,0.29,상승장 (보수적 반영),34150.0,0.2936857562408246,4.493635013333389,0.2893717921421239,-2.563455552927567,0.1186273565315447,8,0,118.2,11.7,76.3,97.8,507.1,543.7,373.0,1.46,True,True,100.0,31810.0,30155.0,28902.5,0.0,23291.202643171808,41.58,4.48,2.251,0.35,1,50.0,0.0,중립,False,최근 중요 공시 신호 없음,0.0,-0.4,대기,-1.29,41.86,High,RiskOn,중형,0.0762,0.0836,0.3562,0.8004,5,1.9477,1.9237,0.2049,0.0269,5,3,17.152658662092634,21.74688057040999,0.0,0.2936857562408246,63.22,60.47,19.02,72.0,연기금,유지,"중형주 핵심 연기금, 외국인 98, 연기금 58, 투신·사모 77, 지속성 60",15.87,19.81,94.41,"시장대비 5일 +15.9%p·20일 +19.8%p, 거래대금 상위 72%, 추세 100",돌파대기,False,80.0,"돌파대기: 20일 +21.7%, 고점대비 +0.0%, MA20 이격 +18.2%, 거래대금 1.46배",77.52,RiskOn,과열주의,관찰,45.52,연기금 10일 순매수 · 거래대금 대비 수급 양호 · 대형 주도주 조건 · 기관 동행 · 이격/RSI 과열,익절/추격주의,제외,연기금 수급 72.0 · 주도성 94.4 · 돌파대기 · 공시 중립,관찰
LX인터내셔널,1120,KOSPI,분류안됨,분류안됨,39.23,42,53.5,1.4,상승장 (보수적 반영),43700.0,2.944640753828032,-1.3041264034916182,0.6523436610887041,0.7506925730021344,0.0876055556838208,0,6,106.4,1.5,63.8,137.8,62.9,50.7,44.3,1.14,True,True,100.0,42160.0,41740.0,41072.5,0.3358,16937.481743227327,12.97,5.22,0.0,0.35,1,50.0,0.0,중립,False,최근 중요 공시 신호 없음,0.0,0.0,대기,2.72,41.83,High,RiskOn,중형,0.2561,0.313,0.7285,0.6406,4,-0.4278,-0.7683,0.1117,0.0136,0,5,8.70646766169154,10.632911392405052,0.0,0.9237875288683695,30.78,52.96,24.05,33.23,연기금,유지,"중형주 핵심 연기금, 외국인 0, 연기금 88, 투신·사모 64, 지속성 100",7.43,8.69,72.77,"시장대비 5일 +7.4%p·20일 +8.7%p, 거래대금 상위 24%, 추세 100",돌파대기,False,60.0,"돌파대기: 20일 +10.6%, 고점대비 +0.0%, MA20 이격 +6.4%, 거래대금 1.14배",49.77,RiskOn,관찰,관찰,45.47,연기금 10일 순매수 · 거래대금 대비 수급 양호 · 기관 동행,보유/관찰,제외,연기금 수급 33.2 · 주도성 72.8 · 돌파대기 · 공시 중립,관찰
한화솔루션,9830,KOSPI,분류안됨,분류안됨,33.13,38,43.2,-2.72,상승장 (보수적 반영),36100.0,5.40145985401459,0.2905279892622192,0.0496226976212889,0.4496409566631691,-0.2904139608592023,1,1,119.0,13.5,71.2,85.0,1902.7,2193.8,963.9,2.28,True,True,100.0,34020.0,31115.0,30325.0,0.0,81185.47445255474,0.0,0.0,0.0,0.35,1,50.0,0.0,중립,False,최근 중요 공시 신호 없음,0.0,-0.4,대기,4.08,42.06,Medium,RiskOn,중형,0.3278,0.3077,0.8902,0.7863,4,0.1197,-0.0747,0.3973,0.1486,3,4,23.630136986301366,19.14191419141915,0.0,5.40145985401459,59.07,73.18,20.58,72.42,연기금,유지,"중형주 핵심 연기금, 외국인 25, 연기금 90, 투신·사모 91, 지속성 80",22.35,17.2,98.03,"시장대비 5일 +22.4%p·20일 +17.2%p, 거래대금 상위 90%, 추세 100",돌파대기,False,80.0,"돌파대기: 20일 +19.1%, 고점대비 +0.0%, MA20 이격 +19.0%, 거래대금 2.28배",78.22,RiskOn,과열주의,관찰,45.22,연기금 10일 순매수 · 거래대금 대비 수급 양호 · 대형 주도주 조건 · 기관 동행 · 이격/RSI 과열,익절/추격주의,제외,연기금 수급 72.4 · 주도성 98.0 · 돌파대기 · 공시 중립,관찰
동국제약,86450,KOSDAQ,분류안됨,분류안됨,38.66,36,55.8,2.32,상승장 (보수적 반영),22800.0,2.934537246049662,-1.843681781854066,0.9158833853427863,1.0664629188250625,1.0168431713398338,0,2,108.9,4.7,58.7,164.6,169.4,95.9,98.6,0.97,True,True,100.0,21780.0,21360.0,20929.5,0.1807,10311.981941309255,11.63,10.42,0.0,0.35,1,50.0,0.0,중립,False,최근 중요 공시 신호 없음,0.0,0.6,대기,0.62,39.39,High,RiskOn,중형,0.374,0.4055,1.8015,0.8025,4,-0.8192,-0.6641,0.3796,0.4233,1,3,6.791569086651061,4.347826086956519,0.0,2.934537246049662,31.37,48.41,24.58,34.47,연기금,유지,"중형주 핵심 연기금, 외국인 0, 연기금 91, 투신·사모 95, 지속성 60",5.51,2.41,60.63,"시장대비 5일 +5.5%p·20일 +2.4%p, 거래대금 상위 39%, 추세 100",돌파대기,False,60.0,"돌파대기: 20일 +4.3%, 고점대비 +0.0%, MA20 이격 +8.9%, 거래대금 0.97배",46.31,RiskOn,관찰,관찰,44.86,연기금 10일 순매수 · 거래대금 대비 수급 양호 · 기관 동행,보유/관찰,제외,연기금 수급 34.5 · 주도성 60.6 · 돌파대기 · 공시 중립,관찰
솔브레인,357780,KOSDAQ,분류안됨,분류안됨,32.23,33,52.2,0.88,상승장 (보수적 반영),421000.0,-2.0930232558139528,-0.5319873867877758,0.4517471115893852,0.5999563804528695,0.2604694760463021,0,7,119.8,3.6,75.3,46.3,124.7,234.4,118.5,1.98,True,True,100.0,402600.0,372150.0,351375.0,0.1102,32746.946511627903,20.84,7.66,0.0,0.35,1,50.0,0.0,중립,False,최근 중요 공시 신호 없음,0.0,-1.0,대기,1.51,38.62,Medium,RiskOn,중형,0.2819,0.3651,1.2814,1.8887,5,-0.7653,-0.8855,0.5042,0.28,0,5,13.783783783783775,27.769347496206365,-2.0930232558139528,-2.0930232558139528,56.85,38.01,31.99,69.72,연기금,유지,"중형주 핵심 연기금, 외국인 0, 연기금 89, 투신·사모 95, 지속성 100",12.51,25.83,88.77,"시장대비 5일 +12.5%p·20일 +25.8%p, 거래대금 상위 44%, 추세 100",눌림대기,False,50.0,"눌림대기: 20일 +27.8%, 고점대비 -2.1%, MA20 이격 +19.8%, 거래대금 1.98배",70.16,RiskOn,과열주의,관찰,44.77,연기금 10일 순매수 · 거래대금 대비 수급 양호 · 기관 동행 · 이격/RSI 과열,익절/추격주의,제외,연기금 수급 69.7 · 주도성 88.8 · 눌림대기 · 공시 중립,관찰
삼성전기,9150,KOSPI,분류안됨,분류안됨,19.84,19,47.6,-0.96,상승장 (보수적 반영),1574000.0,0.8327994875080069,0.0944773283301512,0.0181702241690392,0.2606029425206174,0.1192822652652869,2,0,110.0,3.7,66.6,80.4,7300.0,8751.8,8211.5,1.07,True,True,100.0,1535000.0,1481500.0,1431350.0,0.0,1175678.1755285074,107.83,7.7,0.0,0.35,1,50.0,0.0,중립,False,최근 중요 공시 신호 없음,0.0,0.0,대기,-4.2,39.46,Medium,RiskOn,대형,0.0839,0.116,0.3997,0.2677,3,0.0205,0.0971,0.0289,0.0639,2,4,4.44591904445919,12.428571428571434,0.0,0.8327994875080069,35.24,91.76,10.29,39.89,외국인,유지,"대형주 핵심 외국인, 외국인 21, 연기금 63, 투신·사모 57, 지속성 40",3.17,10.49,80.3,"시장대비 5일 +3.2%p·20일 +10.5%p, 거래대금 상위 99%, 추세 100",돌파대기,False,60.0,"돌파대기: 20일 +12.4%, 고점대비 +0.0%, MA20 이격 +10.0%, 거래대금 1.07배",54.82,RiskOn,주도돌파,주도대형,44.74,연기금 10일 순매수 · 거래대금 대비 수급 양호 · 대형 주도주 조건 · 기관 동행 · 대형 주도주 돌파,보유/관찰,관찰,외국인 수급 39.9 · 주도성 80.3 · 돌파대기 · 공시 중립,관찰
삼화콘덴서,1820,KOSPI,분류안됨,분류안됨,48.69,53,48.04,-0.78,상승장 (보수적 반영),156700.0,-1.2602394454946486,3.7495438157891887,-1.4450924139061463,0.9837977404086898,1.593541206690396,0,0,114.9,45.9,74.6,57.8,884.8,1495.1,1497.6,1.0,True,True,100.0,153420.0,148960.0,136390.0,0.0,16288.110901071204,62.88,4.62,0.0,0.35,1,50.0,0.0,중립,False,최근 중요 공시 신호 없음,0.0,-1.0,대기,-1.11,38.35,High,RiskOn,대형,-0.3751,-0.7205,-2.3325,0.0721,2,2.359,3.1347,0.1294,-0.271,3,0,6.671204901293404,40.53811659192825,-1.2602394454946486,-1.2602394454946486,17.68,66.2,10.15,53.69,외국인,유지,"대형주 핵심 외국인, 외국인 99, 연기금 0, 투신·사모 0, 지속성 60",5.39,38.6,92.71,"시장대비 5일 +5.4%p·20일 +38.6%p, 거래대금 상위 96%, 추세 100",눌림대기,False,33.33,"눌림대기: 20일 +40.5%, 고점대비 -1.3%, MA20 이격 +14.9%, 거래대금 1.00배",61.41,RiskOn,과열주의,관찰,44.26,대형 주도주 조건 · 기관 동행 · 이격/RSI 과열,수급훼손,제외,외국인 수급 53.7 · 주도성 92.7 · 눌림대기 · 공시 중립,관찰
올릭스,226950,KOSDAQ,분류안됨,분류안됨,18.88,25,43.8,-2.48,상승장 (보수적 반영),117000.0,0.085543199315663,-0.1246890579907861,0.1340552853389638,0.4258739340824619,0.4011545083340965,0,2,111.8,4.7,69.5,84.6,210.2,248.2,248.7,1.0,True,True,100.0,108720.0,108040.0,104625.0,0.0,26617.750213858,-155.45,-18.83,0.0,0.35,1,50.0,0.0,중립,False,최근 중요 공시 신호 없음,0.0,0.6,대기,8.0,39.53,Medium,RiskOn,중형,0.4952,0.3802,0.7044,0.8315,4,-0.4072,0.0185,0.2104,0.275,0,4,13.924050632911399,16.766467065868262,0.0,0.08554319931566301,55.52,61.79,23.06,67.96,연기금,유지,"중형주 핵심 연기금, 외국인 0, 연기금 95, 투신·사모 89, 지속성 80",12.65,14.82,91.75,"시장대비 5일 +12.7%p·20일 +14.8%p, 거래대금 상위 60%, 추세 100",돌파대기,False,80.0,"돌파대기: 20일 +16.8%, 고점대비 +0.0%, MA20 이격 +11.8%, 거래대금 1.00배",74.07,RiskOn,관찰,관찰,44.24,연기금 10일 순매수 · 거래대금 대비 수급 양호 · 대형 주도주 조건 · 기관 동행,보유/관찰,관찰,연기금 수급 68.0 · 주도성 91.8 · 돌파대기 · 공시 중립,관찰
대한항공,3490,KOSPI,분류안됨,분류안됨,19.91,16,42.4,-3.04,상승장 (보수적 반영),30400.0,-2.564102564102566,2.3393540157554806,0.4593738776092681,0.2201631322510211,0.0049467667958893,1,0,100.7,3.1,53.2,65.2,528.9,686.5,839.9,0.82,True,True,100.0,31340.0,30715.0,30175.0,0.0,111938.2564102564,-42.64,7.28,0.0,0.35,1,50.0,0.0,중립,False,최근 중요 공시 신호 없음,0.0,1.1,대기,-8.0,38.25,Low,RiskOn,대형,-0.0082,0.2317,0.443,0.0371,2,-0.0779,0.5252,0.0846,-0.0096,2,2,-3.4920634920634908,5.190311418685112,-5.000000000000004,-5.000000000000004,11.04,88.41,7.63,45.41,외국인,유지,"대형주 핵심 외국인, 외국인 41, 연기금 54, 투신·사모 51, 지속성 40",-4.77,3.25,37.84,"시장대비 5일 -4.8%p·20일 +3.2%p, 거래대금 상위 87%, 추세 100",눌림대기,False,83.33,"눌림대기: 20일 +5.2%, 고점대비 -5.0%, MA20 이격 +0.7%, 거래대금 0.82배",45.42,RiskOn,주도눌림,주도대형,43.48,연기금 10일 순매수 · 대형 주도주 조건 · 대형 주도주 눌림,보유/관찰,관찰,외국인 수급 45.4 · 주도성 37.8 · 눌림대기 · 공시 중립,관찰
한솔케미칼,14680,KOSPI,분류안됨,분류안됨,31.34,32,57.4,2.96,상승장 (보수적 반영),272000.0,-2.508960573476704,-1.521804353519841,0.7501799594935102,1.0261382073009346,0.2325227944960982,0,4,123.5,3.3,84.8,94.7,185.6,196.5,123.9,1.59,True,True,100.0,258700.0,240050.0,220330.0,0.1348,29359.42652329749,14.79,14.34,0.0,0.35,1,50.0,0.0,중립,False,최근 중요 공시 신호 없음,0.0,-1.0,대기,6.12,37.74,Medium,RiskOn,중형,0.3818,0.6736,2.0303,1.9805,5,-1.3324,-1.7521,0.9904,0.1298,0,4,15.010570824524304,40.35087719298245,-2.508960573476704,-2.508960573476704,56.93,24.75,32.71,70.32,연기금,유지,"중형주 핵심 연기금, 외국인 0, 연기금 96, 투신·사모 100, 지속성 80",13.73,38.41,89.15,"시장대비 5일 +13.7%p·20일 +38.4%p, 거래대금 상위 46%, 추세 100",눌림대기,False,66.67,"눌림대기: 20일 +40.4%, 고점대비 -2.5%, MA20 이격 +23.5%, 거래대금 1.59배",73.59,RiskOn,과열주의,관찰,42.74,연기금 10일 순매수 · 거래대금 대비 수급 양호 · 기관 동행 · 이격/RSI 과열,익절/추격주의,제외,연기금 수급 70.3 · 주도성 89.2 · 눌림대기 · 공시 중립,관찰
한미반도체,42700,KOSPI,분류안됨,분류안됨,28.62,27,55.0,2.0,상승장 (보수적 반영),271500.0,1.1173184357542,-0.3116886827669097,0.1301597535099818,1.4081776318557673,-0.0548642012166902,0,1,113.2,2.9,73.1,122.7,1722.1,1475.4,1622.0,0.91,True,True,100.0,256600.0,246450.0,239900.0,0.0,258772.36312849165,108.58,34.76,0.0,0.35,1,50.0,0.0,중립,False,최근 중요 공시 신호 없음,0.0,-1.0,대기,-1.44,36.99,Medium,RiskOn,대형,0.0167,0.0666,0.198,0.4888,4,0.2536,0.4837,0.0382,0.1247,4,2,11.498973305954818,27.166276346604224,0.0,1.1173184357541999,52.88,87.88,16.81,65.53,외국인,유지,"대형주 핵심 외국인, 외국인 74, 연기금 38, 투신·사모 71, 지속성 80",10.22,25.22,99.4,"시장대비 5일 +10.2%p·20일 +25.2%p, 거래대금 상위 97%, 추세 100",돌파대기,False,60.0,"돌파대기: 20일 +27.2%, 고점대비 +0.0%, MA20 이격 +13.2%, 거래대금 0.91배",73.78,RiskOn,과열주의,관찰,41.75,연기금 10일 순매수 · 거래대금 대비 수급 양호 · 대형 주도주 조건 · 기관 동행 · 이격/RSI 과열,익절/추격주의,제외,외국인 수급 65.5 · 주도성 99.4 · 돌파대기 · 공시 중립,관찰
지엔씨에너지,119850,KOSDAQ,분류안됨,분류안됨,43.67,49,44.82,-2.07,상승장 (보수적 반영),53200.0,-2.564102564102566,0.4099238509367729,-0.414706829915787,0.4194490865218385,0.2113309171701662,2,0,104.7,12.3,64.5,147.6,292.0,215.8,333.6,0.65,True,True,100.0,55160.0,54460.0,50815.0,0.0,8750.71794871795,0.0,0.0,0.0,0.35,1,50.0,0.0,중립,False,최근 중요 공시 신호 없음,0.0,1.7,관심,4.57,38.28,High,RiskOn,중형,-0.1424,-0.1501,-1.1345,-0.339,1,0.4501,0.6945,-0.2548,-1.1201,2,1,-5.169340463458106,27.120669056152934,-6.99300699300699,-6.99300699300699,0.0,71.66,1.28,0.0,연기금,미확인,"중형주 핵심 연기금, 외국인 83, 연기금 0, 투신·사모 0, 지속성 20",-6.45,25.18,53.92,"시장대비 5일 -6.5%p·20일 +25.2%p, 거래대금 상위 70%, 추세 100",눌림대기,False,83.33,"눌림대기: 20일 +27.1%, 고점대비 -7.0%, MA20 이격 +4.7%, 거래대금 0.65배",30.85,RiskOn,관찰,관찰,41.68,대형 주도주 조건,수급훼손,제외,연기금 수급 0.0 · 주도성 53.9 · 눌림대기 · 공시 중립,관찰
코리아써키트,7810,KOSPI,분류안됨,분류안됨,26.94,23,52.8,1.12,상승장 (보수적 반영),82700.0,4.683544303797471,-0.1235119661352809,0.3271736677690594,0.1148135339718778,-0.5342837036299054,0,2,140.4,19.1,88.4,94.1,755.7,756.2,377.0,2.01,True,True,100.0,75820.0,66650.0,58917.5,0.0,19833.34430379747,17.01,11.54,0.0,0.35,1,50.0,0.0,중립,False,최근 중요 공시 신호 없음,0.0,-1.0,대기,-8.0,38.71,Medium,RiskOn,중형,0.7437,0.8882,0.6203,0.4068,4,-0.212,-0.6209,0.2202,-0.0847,1,4,27.035330261136714,44.32809773123909,0.0,4.683544303797471,52.19,44.96,25.24,65.27,연기금,유지,"중형주 핵심 연기금, 외국인 0, 연기금 99, 투신·사모 68, 지속성 80",25.76,42.39,94.63,"시장대비 5일 +25.8%p·20일 +42.4%p, 거래대금 상위 73%, 추세 100",돌파대기,False,80.0,"돌파대기: 20일 +44.3%, 고점대비 +0.0%, MA20 이격 +40.4%, 거래대금 2.01배",74.77,RiskOn,과열주의,관찰,41.07,연기금 10일 순매수 · 거래대금 대비 수급 양호 · 기관 동행 · 이격/RSI 과열,익절/추격주의,제외,연기금 수급 65.3 · 주도성 94.6 · 돌파대기 · 공시 중립,관찰
심텍,222800,KOSDAQ,분류안됨,PCB;반도체,42.92,47,46.39,-1.44,상승장 (보수적 반영),167600.0,4.94677520350657,0.9064223732570844,-0.2255876878869631,1.6650271394999503,-0.2761699904414612,2,0,123.5,8.4,80.0,177.0,1761.7,1082.9,982.1,1.1,True,True,100.0,155400.0,145920.0,135740.0,0.0038,64499.23857232311,-94.96,-32.1,2.251,0.35,1,50.0,0.0,중립,False,최근 중요 공시 신호 없음,0.0,-0.4,대기,5.21,36.98,High,RiskOn,중형,-0.2115,-0.1846,-0.2332,0.1545,4,0.9637,1.471,-0.0629,0.0278,4,1,12.107023411371243,35.818476499189636,0.0,4.94677520350657,31.8,63.72,10.28,1.62,연기금,미확인,"중형주 핵심 연기금, 외국인 94, 연기금 0, 투신·사모 0, 지속성 20",10.83,33.88,98.08,"시장대비 5일 +10.8%p·20일 +33.9%p, 거래대금 상위 90%, 추세 100",돌파대기,False,40.0,"돌파대기: 20일 +35.8%, 고점대비 +0.0%, MA20 이격 +23.5%, 거래대금 1.10배",40.7,RiskOn,과열주의,관찰,40.63,거래대금 대비 수급 양호 · 대형 주도주 조건 · 기관 동행 · 이격/RSI 과열,수급훼손,제외,연기금 수급 1.6 · 주도성 98.1 · 돌파대기 · 공시 중립,관찰
하나마이크론,67310,KOSDAQ,분류안됨,분류안됨,47.87,37,54.6,1.84,상승장 (보수적 반영),51700.0,0.9765625,0.3921779712095824,-0.0029328996875097,1.9721464748502449,0.0240423288080707,2,0,128.5,13.0,85.8,120.2,1082.1,895.4,808.3,1.11,True,True,100.0,48540.0,45560.0,40247.5,0.0,34375.451171875,13.96,9.89,0.0,0.35,1,50.0,0.0,중립,False,최근 중요 공시 신호 없음,0.0,-0.4,대기,-8.0,38.23,High,RiskOn,중형,0.0204,0.0731,0.5039,0.1133,2,0.4856,2.0427,0.0516,-0.0484,2,2,11.904761904761907,46.25176803394626,0.0,0.9765625,20.7,46.56,9.57,47.52,연기금,유지,"중형주 핵심 연기금, 외국인 92, 연기금 42, 투신·사모 9, 지속성 40",10.63,44.31,97.32,"시장대비 5일 +10.6%p·20일 +44.3%p, 거래대금 상위 87%, 추세 100",돌파대기,False,40.0,"돌파대기: 20일 +46.3%, 고점대비 +0.0%, MA20 이격 +28.5%, 거래대금 1.11배",61.91,RiskOn,과열주의,관찰,40.15,연기금 10일 순매수 · 기관 동행 · 이격/RSI 과열,익절/추격주의,제외,연기금 수급 47.5 · 주도성 97.3 · 돌파대기 · 공시 중립,관찰
서진시스템,178320,KOSDAQ,분류안됨,분류안됨,35.69,39,42.2,-3.12,상승장 (보수적 반영),41650.0,3.4782608695652195,-1.10971212524311,0.3628036847107838,0.2977911596134087,0.1764075336193429,0,0,117.1,15.3,70.1,105.4,811.6,809.6,397.7,2.04,True,True,100.0,38630.0,35740.0,35557.5,0.0,26540.104347826087,-25.79,-12.63,0.0,0.35,1,50.0,0.0,중립,False,최근 중요 공시 신호 없음,0.0,-0.4,대기,-0.5,38.9,Medium,RiskOn,중형,0.1585,0.1518,0.2785,0.1791,4,-0.3977,-0.9176,0.1564,0.1524,1,4,29.54898911353032,24.700598802395213,0.0,3.4782608695652195,37.4,73.08,12.6,58.59,연기금,유지,"중형주 핵심 연기금, 외국인 0, 연기금 74, 투신·사모 85, 지속성 80",28.27,22.76,95.01,"시장대비 5일 +28.3%p·20일 +22.8%p, 거래대금 상위 75%, 추세 100",돌파대기,False,80.0,"돌파대기: 20일 +24.7%, 고점대비 +0.0%, MA20 이격 +17.1%, 거래대금 2.04배",70.84,RiskOn,과열주의,관찰,39.9,연기금 10일 순매수 · 거래대금 대비 수급 양호 · 대형 주도주 조건 · 기관 동행 · 이격/RSI 과열,익절/추격주의,제외,연기금 수급 58.6 · 주도성 95.0 · 돌파대기 · 공시 중립,관찰
세아베스틸지주,1430,KOSPI,분류안됨,분류안됨,35.7,39,50.84,0.34,상승장 (보수적 반영),46650.0,-0.7446808510638281,-1.0554664420663862,0.1574102012531703,0.8355541458687252,0.0758029026343158,0,5,107.3,1.9,65.8,41.9,28.9,62.5,59.9,1.04,True,True,100.0,45700.0,45270.0,43495.0,0.2194,16729.48404255319,17.07,2.89,0.0,0.35,1,50.0,0.0,중립,False,최근 중요 공시 신호 없음,0.0,0.0,대기,1.5,37.19,High,RiskOn,중형,0.1717,0.1681,0.6673,0.519,4,-0.4372,-0.9169,0.2852,-0.0525,0,5,5.304740406320541,16.044776119402982,-0.7446808510638281,-0.7446808510638281,30.04,53.73,19.32,31.21,연기금,유지,"중형주 핵심 연기금, 외국인 0, 연기금 77, 투신·사모 77, 지속성 100",4.03,14.1,74.33,"시장대비 5일 +4.0%p·20일 +14.1%p, 거래대금 상위 29%, 추세 100",돌파대기,False,40.0,"돌파대기: 20일 +16.0%, 고점대비 -0.7%, MA20 이격 +7.3%, 거래대금 1.04배",46.14,RiskOn,관찰,관찰,39.52,연기금 10일 순매수 · 거래대금 대비 수급 양호 · 기관 동행,보유/관찰,제외,연기금 수급 31.2 · 주도성 74.3 · 돌파대기 · 공시 중립,관찰
NC,36570,KOSPI,분류안됨,분류안됨,22.3,29,55.8,2.32,상승장 (보수적 반영),240500.0,4.565217391304355,-0.2509696056030135,-0.4603142351371447,0.1861262591292257,0.3063589067245905,0,2,112.6,2.9,63.9,161.2,449.1,303.9,219.0,1.39,True,True,100.0,221300.0,216150.0,213600.0,0.0,51813.11086956522,7.31,10.79,0.0,0.35,1,50.0,0.0,중립,False,최근 중요 공시 신호 없음,0.0,-1.0,대기,8.0,36.65,Medium,RiskOn,중형,0.384,0.5576,1.0633,1.2071,3,-0.6375,-0.7625,0.3619,0.083,1,4,13.443396226415105,9.817351598173518,0.0,4.565217391304355,56.41,64.32,22.91,67.42,연기금,유지,"중형주 핵심 연기금, 외국인 0, 연기금 94, 투신·사모 89, 지속성 80",12.16,7.88,79.91,"시장대비 5일 +12.2%p·20일 +7.9%p, 거래대금 상위 59%, 추세 100",돌파대기,False,80.0,"돌파대기: 20일 +9.8%, 고점대비 +0.0%, MA20 이격 +12.6%, 거래대금 1.39배",70.89,RiskOn,과열주의,관찰,39.5,연기금 10일 순매수 · 거래대금 대비 수급 양호 · 대형 주도주 조건 · 기관 동행 · 이격/RSI 과열,익절/추격주의,제외,연기금 수급 67.4 · 주도성 79.9 · 돌파대기 · 공시 중립,관찰
TIME 미국나스닥100액티브,426030,KOSPI,분류안됨,분류안됨,32.41,35,42.2,-3.12,상승장 (보수적 반영),48085.0,-1.1715137190422389,0.0184056168580273,0.0,0.013130091029466,0.0050074043536129,0,0,104.0,7.4,66.4,93.5,347.2,389.6,337.3,1.16,True,True,100.0,47802.0,47627.0,46223.75,0.072,26465.28034117768,0.0,0.0,0.0,0.35,1,50.0,0.0,중립,False,최근 중요 공시 신호 없음,0.0,1.7,관심,2.73,39.15,Medium,RiskOn,중형,0.0,0.0,0.0101,0.0095,3,0.0002,-0.0003,0.0117,0.0002,2,0,-1.5357837616463588,11.140644863053284,-1.5357837616463588,-1.5357837616463588,16.85,81.09,3.77,0.0,연기금,미확인,"중형주 핵심 연기금, 외국인 1, 연기금 0, 투신·사모 21, 지속성 0",-2.81,9.2,59.42,"시장대비 5일 -2.8%p·20일 +9.2%p, 거래대금 상위 70%, 추세 100",눌림대기,False,66.67,"눌림대기: 20일 +11.1%, 고점대비 -1.5%, MA20 이격 +4.0%, 거래대금 1.16배",30.02,RiskOn,관찰,관찰,38.78,대형 주도주 조건,보유/관찰,관찰,연기금 수급 0.0 · 주도성 59.4 · 눌림대기 · 공시 중립,관찰
동진쎄미켐,5290,KOSDAQ,분류안됨,분류안됨,36.56,33,54.2,1.68,상승장 (보수적 반영),52200.0,-1.6949152542372836,-0.3875497895870095,0.7107563013052868,0.5268352882587894,0.1807794811341788,0,0,120.5,7.1,75.5,71.1,310.4,377.9,187.5,2.02,True,True,100.0,48930.0,45905.0,43322.5,0.1056,26606.27118644068,10.42,9.52,0.0,0.35,1,50.0,0.0,중립,False,최근 중요 공시 신호 없음,0.0,-0.4,대기,-5.32,36.76,Medium,RiskOn,중형,0.3407,0.4883,1.1081,1.0463,4,-0.3478,-0.0961,0.4101,0.1604,1,4,11.538461538461542,29.20792079207921,-1.6949152542372836,-1.6949152542372836,52.11,38.39,21.72,67.18,연기금,유지,"중형주 핵심 연기금, 외국인 0, 연기금 92, 투신·사모 92, 지속성 80",10.26,27.27,91.18,"시장대비 5일 +10.3%p·20일 +27.3%p, 거래대금 상위 56%, 추세 100",눌림대기,False,33.33,"눌림대기: 20일 +29.2%, 고점대비 -1.7%, MA20 이격 +20.5%, 거래대금 2.02배",67.56,RiskOn,과열주의,관찰,38.61,연기금 10일 순매수 · 거래대금 대비 수급 양호 · 기관 동행 · 이격/RSI 과열,익절/추격주의,제외,연기금 수급 67.2 · 주도성 91.2 · 눌림대기 · 공시 중립,관찰
KIWOOM 200TR,294400,KOSPI,분류안됨,분류안됨,44.84,51,44.54,-2.18,상승장 (보수적 반영),147190.0,0.5602240896358524,-0.0263487196037873,-0.2236930954244277,0.2295342119634575,0.0276659054014501,0,0,102.6,5.8,63.3,67.5,137.7,210.5,185.6,1.13,True,True,100.0,145185.0,145131.5,143487.0,1.0,18250.67507002801,0.0,0.0,0.0,0.35,1,50.0,0.0,중립,False,최근 중요 공시 신호 없음,0.0,1.7,관심,6.24,42.61,High,RiskOn,중형,0.0,0.0,0.0015,0.1047,3,-0.0039,-0.0101,0.0482,0.0602,1,0,-0.9355229505989993,8.291642142436718,-0.9355229505989993,-0.9355229505989993,15.9,57.65,3.94,0.0,연기금,미확인,"중형주 핵심 연기금, 외국인 0, 연기금 0, 투신·사모 58, 지속성 0",-2.21,6.35,51.54,"시장대비 5일 -2.2%p·20일 +6.3%p, 거래대금 상위 55%, 추세 100",돌파대기,False,40.0,"돌파대기: 20일 +8.3%, 고점대비 -0.9%, MA20 이격 +2.6%, 거래대금 1.13배",23.49,RiskOn,관찰,관찰,38.38,추가 확인 필요,보유/관찰,관찰,연기금 수급 0.0 · 주도성 51.5 · 돌파대기 · 공시 중립,관찰
가온전선,500,KOSPI,분류안됨,분류안됨,32.36,37,53.92,1.57,상승장 (보수적 반영),328000.0,3.1446540880503138,1.1492353288788402,0.2822998317780985,0.1287598803321783,0.0833764925154003,2,5,119.1,2.1,74.2,150.9,615.4,413.8,891.8,0.46,True,True,100.0,315200.0,312200.0,275450.0,0.0,97669.7358490566,115.79,10.97,0.0,0.35,1,50.0,0.0,중립,False,최근 중요 공시 신호 없음,0.0,-1.0,대기,8.0,36.35,Medium,RiskOn,중형,0.1054,0.0502,0.1759,0.125,4,0.0264,1.2076,-0.0049,0.0004,2,5,2.982731554160134,63.18407960199004,0.0,0.3058103975535076,15.73,62.03,14.21,29.29,연기금,유지,"중형주 핵심 연기금, 외국인 79, 연기금 62, 투신·사모 0, 지속성 100",1.7,61.24,81.95,"시장대비 5일 +1.7%p·20일 +61.2%p, 거래대금 상위 88%, 추세 100",돌파대기,False,40.0,"돌파대기: 20일 +63.2%, 고점대비 +0.0%, MA20 이격 +19.1%, 거래대금 0.46배",48.26,RiskOn,과열주의,관찰,37.57,연기금 10일 순매수 · 대형 주도주 조건 · 기관 동행 · 이격/RSI 과열,익절/추격주의,제외,연기금 수급 29.3 · 주도성 82.0 · 돌파대기 · 공시 중립,관찰
테크윙,89030,KOSDAQ,분류안됨,반도체장비;테스트,33.01,35,44.45,-2.22,상승장 (보수적 반영),55100.0,-3.839441535776611,4.213888891316596,0.1859510914680541,-2.9752756241878613,-0.898619383796645,0,0,114.2,11.4,65.1,106.0,496.9,467.2,338.8,1.38,True,True,100.0,52950.0,50075.0,48262.5,0.0,20415.84816753927,-156.01,4.63,2.251,0.35,1,50.0,0.0,중립,False,최근 중요 공시 신호 없음,0.0,-0.4,대기,-1.46,35.54,Medium,RiskOn,중형,0.0073,-0.0542,-0.7707,0.2854,3,1.2819,1.9101,0.0693,-0.2439,4,2,12.105798575788395,16.367476240760293,-3.839441535776611,-3.839441535776611,40.27,70.97,11.75,4.79,연기금,미확인,"중형주 핵심 연기금, 외국인 95, 연기금 0, 투신·사모 0, 지속성 40",10.83,14.43,93.19,"시장대비 5일 +10.8%p·20일 +14.4%p, 거래대금 상위 71%, 추세 100",눌림대기,False,66.67,"눌림대기: 20일 +16.4%, 고점대비 -3.8%, MA20 이격 +14.2%, 거래대금 1.38배",44.22,RiskOn,과열주의,관찰,37.29,거래대금 대비 수급 양호 · 대형 주도주 조건 · 기관 동행 · 이격/RSI 과열,익절/추격주의,제외,연기금 수급 4.8 · 주도성 93.2 · 눌림대기 · 공시 중립,관찰
성호전자,43260,KOSDAQ,분류안됨,분류안됨,42.9,47,55.74,2.3,상승장 (보수적 반영),31300.0,9.82456140350878,0.0702359874445039,0.1885684912306611,-0.2127085034646328,0.0059967287423598,1,1,144.3,29.9,81.4,236.4,2800.0,1410.2,1159.3,1.22,True,True,100.0,26970.0,26325.0,21685.0,0.0,23615.575438596494,3.65,46.27,0.0,0.35,1,50.0,0.0,중립,False,최근 중요 공시 신호 없음,0.0,-1.0,대기,5.59,34.69,High,RiskOn,대형,-0.0068,0.0994,-0.0761,0.0199,3,0.4224,0.2851,-0.0752,-0.0315,3,2,19.465648854961827,88.78166465621231,0.0,9.824561403508781,17.81,58.17,6.62,52.4,외국인,유지,"대형주 핵심 외국인, 외국인 77, 연기금 36, 투신·사모 0, 지속성 60",18.19,86.84,98.52,"시장대비 5일 +18.2%p·20일 +86.8%p, 거래대금 상위 93%, 추세 100",돌파대기,False,60.0,"돌파대기: 20일 +88.8%, 고점대비 +0.0%, MA20 이격 +44.3%, 거래대금 1.22배",67.64,RiskOn,과열주의,관찰,36.62,연기금 10일 순매수 · 이격/RSI 과열,익절/추격주의,제외,외국인 수급 52.4 · 주도성 98.5 · 돌파대기 · 공시 중립,관찰
코스모신소재,5070,KOSPI,분류안됨,분류안됨,34.6,42,48.18,-0.73,상승장 (보수적 반영),47050.0,5.493273542600896,-0.4443644390970305,0.2987538117601128,0.5045130008946819,0.3795643953206797,1,8,114.0,3.0,69.9,161.9,133.4,95.1,52.2,1.82,True,True,100.0,44460.0,42655.0,41272.5,0.3159,15626.718609865473,-188.89,-0.11,0.0,0.35,1,50.0,0.0,중립,False,최근 중요 공시 신호 없음,0.0,-1.0,대기,6.24,36.59,High,RiskOn,중형,0.1394,0.1975,0.64,1.5672,4,0.0592,-0.1769,-0.0042,0.3587,2,5,13.237063778580026,23.328964613368285,0.0,5.493273542600896,36.7,48.89,25.68,32.16,연기금,유지,"중형주 핵심 연기금, 외국인 0, 연기금 75, 투신·사모 86, 지속성 100",11.96,21.39,85.37,"시장대비 5일 +12.0%p·20일 +21.4%p, 거래대금 상위 27%, 추세 100",돌파대기,False,60.0,"돌파대기: 20일 +23.3%, 고점대비 +0.0%, MA20 이격 +14.0%, 거래대금 1.82배",53.17,RiskOn,과열주의,관찰,36.52,연기금 10일 순매수 · 거래대금 대비 수급 양호 · 기관 동행 · 이격/RSI 과열,익절/추격주의,제외,연기금 수급 32.2 · 주도성 85.4 · 돌파대기 · 공시 중립,관찰
에이치브이엠,295310,KOSDAQ,분류안됨,분류안됨,37.12,40,43.8,-2.48,상승장 (보수적 반영),69900.0,8.204334365325083,-1.9872805593888865,-0.068803884600489,1.329635210367442,0.51758795132237,0,2,126.6,6.9,79.0,131.6,184.6,120.4,100.6,1.2,True,True,100.0,62060.0,61190.0,55212.5,0.0,8685.561919504644,0.0,0.0,0.0,0.35,1,50.0,0.0,중립,False,최근 중요 공시 신호 없음,0.0,-0.4,대기,0.0,35.84,High,RiskOn,소형,0.1592,0.1839,1.8803,0.5148,3,-0.4411,-1.484,1.0222,-0.3646,2,3,10.77654516640254,-5.412719891745599,0.0,-5.412719891745599,41.96,26.65,20.82,70.11,연기금,유지,"소형주 핵심 연기금, 외국인 0, 연기금 76, 투신·사모 93, 지속성 60",9.5,-7.35,58.0,"시장대비 5일 +9.5%p·20일 -7.3%p, 거래대금 상위 40%, 추세 100",조건미충족,False,0.0,"조건미충족: 20일 -5.4%, 고점대비 +0.0%, MA20 이격 +26.6%, 거래대금 1.20배",51.23,RiskOn,과열주의,관찰,36.29,연기금 10일 순매수 · 거래대금 대비 수급 양호 · 기관 동행 · 이격/RSI 과열,익절/추격주의,제외,연기금 수급 70.1 · 주도성 58.0 · 조건미충족 · 공시 중립,관찰
RFHIC,218410,KOSDAQ,분류안됨,분류안됨,32.83,36,52.0,0.8,상승장 (보수적 반영),62000.0,3.333333333333344,-2.6976067945255364,0.3348244287318301,-1.2597737019391253,0.2308757321032986,0,1,115.0,6.6,77.9,269.5,464.3,218.8,325.8,0.67,True,True,100.0,59120.0,58640.0,53925.0,0.0,16476.5,41.09,8.84,0.0,0.35,1,50.0,0.0,중립,False,최근 중요 공시 신호 없음,0.0,-0.4,대기,8.0,37.26,Medium,RiskOn,중형,0.0531,0.0838,1.066,0.1088,4,-0.3467,-2.7237,0.2672,0.0682,3,2,5.802047781569963,30.526315789473692,0.0,3.161397670549082,24.33,61.83,11.37,43.35,연기금,유지,"중형주 핵심 연기금, 외국인 0, 연기금 51, 투신·사모 86, 지속성 40",4.52,28.58,85.05,"시장대비 5일 +4.5%p·20일 +28.6%p, 거래대금 상위 69%, 추세 100",돌파대기,False,40.0,"돌파대기: 20일 +30.5%, 고점대비 +0.0%, MA20 이격 +15.0%, 거래대금 0.67배",55.48,RiskOn,과열주의,관찰,35.4,연기금 10일 순매수 · 대형 주도주 조건 · 기관 동행 · 이격/RSI 과열,익절/추격주의,제외,연기금 수급 43.4 · 주도성 85.0 · 돌파대기 · 공시 중립,관찰
브이엠,89970,KOSDAQ,분류안됨,분류안됨,38.65,35,54.2,1.68,상승장 (보수적 반영),66700.0,-5.7909604519774005,-2.570271620008441,0.3247946660662908,-1.032445703560581,0.7807674482893754,0,0,120.2,12.5,67.3,110.6,533.5,439.4,384.7,1.14,True,True,100.0,64300.0,60300.0,55502.5,0.0,17559.622881355932,19.89,17.34,0.0,0.35,1,50.0,0.0,중립,False,최근 중요 공시 신호 없음,0.0,-0.4,대기,-5.52,34.03,High,RiskOn,중형,0.0502,0.4526,0.8068,-0.5517,1,-1.1816,-2.4161,-0.6074,-0.0607,2,4,6.891025641025639,19.53405017921146,-5.7909604519774005,-5.7909604519774005,8.0,56.05,8.11,43.37,연기금,유지,"중형주 핵심 연기금, 외국인 0, 연기금 78, 투신·사모 0, 지속성 80",5.61,17.59,88.87,"시장대비 5일 +5.6%p·20일 +17.6%p, 거래대금 상위 74%, 추세 100",눌림대기,False,66.67,"눌림대기: 20일 +19.5%, 고점대비 -5.8%, MA20 이격 +20.2%, 거래대금 1.14배",61.04,RiskOn,과열주의,관찰,35.08,연기금 10일 순매수 · 기관 동행 · 이격/RSI 과열,익절/추격주의,제외,연기금 수급 43.4 · 주도성 88.9 · 눌림대기 · 공시 중립,관찰
SKC,11790,KOSPI,분류안됨,분류안됨,28.26,33,44.6,-2.16,상승장 (보수적 반영),106200.0,1.3358778625954135,-0.6743380760497621,0.220023742356621,0.3200181210077994,0.0986060871533335,0,3,117.3,3.6,81.5,229.4,657.8,379.7,186.2,2.04,True,True,100.0,98780.0,93420.0,90545.0,0.0827,52673.37595419847,-4.48,-73.28,0.0,0.35,1,50.0,0.0,중립,False,최근 중요 공시 신호 없음,0.0,-1.0,대기,3.68,35.07,Medium,RiskOn,중형,0.2063,0.1992,0.4884,1.1029,4,-0.2291,-0.2653,0.2148,0.0834,2,4,18.791946308724828,27.033492822966497,0.0,1.3358778625954137,52.26,51.0,20.6,61.51,연기금,유지,"중형주 핵심 연기금, 외국인 0, 연기금 82, 투신·사모 83, 지속성 80",17.51,25.09,91.01,"시장대비 5일 +17.5%p·20일 +25.1%p, 거래대금 상위 55%, 추세 100",돌파대기,False,80.0,"돌파대기: 20일 +27.0%, 고점대비 +0.0%, MA20 이격 +17.3%, 거래대금 2.04배",70.99,RiskOn,과열주의,관찰,34.86,연기금 10일 순매수 · 거래대금 대비 수급 양호 · 기관 동행 · 이격/RSI 과열,익절/추격주의,제외,연기금 수급 61.5 · 주도성 91.0 · 돌파대기 · 공시 중립,관찰
일진전기,103590,KOSPI,분류안됨,전력망;전선,32.03,28,56.6,2.64,상승장 (보수적 반영),86200.0,3.980699638118224,-1.4923406314266796,0.3144177424971362,0.2142011521311272,0.90580110506536,0,3,115.7,4.3,72.7,126.0,546.4,357.6,294.0,1.22,True,True,100.0,82920.0,79260.0,74495.0,0.0977,41104.61037394452,23.97,19.08,0.0,0.35,1,50.0,0.0,중립,False,최근 중요 공시 신호 없음,0.0,-0.4,대기,-4.19,35.59,Medium,RiskOn,중형,0.0976,0.2031,1.1183,-0.2171,2,-0.9095,-0.9806,0.0393,0.1626,0,3,5.5079559363525155,27.703703703703695,0.0,3.9806996381182236,12.0,46.54,13.94,50.92,연기금,유지,"중형주 핵심 연기금, 외국인 0, 연기금 68, 투신·사모 74, 지속성 60",4.23,25.76,83.62,"시장대비 5일 +4.2%p·20일 +25.8%p, 거래대금 상위 65%, 추세 100",돌파대기,False,60.0,"돌파대기: 20일 +27.7%, 고점대비 +0.0%, MA20 이격 +15.7%, 거래대금 1.22배",61.84,RiskOn,과열주의,관찰,34.67,연기금 10일 순매수 · 기관 동행 · 이격/RSI 과열,익절/추격주의,제외,연기금 수급 50.9 · 주도성 83.6 · 돌파대기 · 공시 중립,관찰
HD현대에너지솔루션,322000,KOSPI,분류안됨,태양광;신재생,40.2,41,52.94,1.18,상승장 (보수적 반영),138900.0,5.949656750572085,1.0985753938709624,0.5518474645234811,-0.4916905076160276,-0.7799638726350642,3,3,108.0,13.3,57.6,125.7,536.2,414.6,352.4,1.18,True,False,60.0,128940.0,124750.0,128665.0,0.0,15556.5881006865,18.37,10.59,0.0,0.35,1,50.0,0.0,중립,False,최근 중요 공시 신호 없음,0.0,0.6,대기,6.02,39.85,High,RiskOn,중형,0.4386,0.4454,0.2016,0.7942,4,2.1464,1.2903,0.3751,-0.0878,4,4,15.653621981681942,4.751131221719462,-2.935010482180289,-2.935010482180289,55.15,58.36,24.21,90.21,연기금,유지,"중형주 핵심 연기금, 외국인 97, 연기금 94, 투신·사모 82, 지속성 80",14.37,2.81,65.93,"시장대비 5일 +14.4%p·20일 +2.8%p, 거래대금 상위 71%, 추세 60",눌림대기,False,83.33,"눌림대기: 20일 +4.8%, 고점대비 -2.9%, MA20 이격 +8.0%, 거래대금 1.18배",76.46,RiskOn,관찰,관찰,34.59,연기금 10일 순매수 · 거래대금 대비 수급 양호 · 기관 동행 · 정배열 확인 전,추세훼손,제외,연기금 수급 90.2 · 주도성 65.9 · 눌림대기 · 공시 중립,관찰
피에스케이,319660,KOSDAQ,분류안됨,분류안됨,36.39,36,54.2,1.68,상승장 (보수적 반영),152000.0,-6.114885731933295,-1.940542469323871,-0.0158817371075245,1.7906849927220123,-0.1081086953379354,0,0,113.9,5.6,62.4,136.2,710.1,490.8,471.4,1.04,True,True,100.0,150440.0,141790.0,133475.0,0.734,44029.302038295245,30.21,15.54,0.0,0.35,1,50.0,0.0,중립,False,최근 중요 공시 신호 없음,0.0,-0.4,대기,2.07,33.63,High,RiskOn,중형,-0.0954,0.075,0.3152,-0.6906,0,-0.8329,-0.8166,-0.2606,0.0332,1,0,4.972375690607733,22.580645161290324,-6.114885731933295,-6.114885731933295,4.0,78.11,4.85,0.0,연기금,미확인,"중형주 핵심 연기금, 외국인 0, 연기금 0, 투신·사모 0, 지속성 0",3.69,20.64,84.73,"시장대비 5일 +3.7%p·20일 +20.6%p, 거래대금 상위 78%, 추세 100",눌림대기,False,66.67,"눌림대기: 20일 +22.6%, 고점대비 -6.1%, MA20 이격 +13.9%, 거래대금 1.04배",40.08,RiskOn,과열주의,관찰,34.53,연기금 10일 순매수 · 대형 주도주 조건 · 이격/RSI 과열,익절/추격주의,제외,연기금 수급 0.0 · 주도성 84.7 · 눌림대기 · 공시 중립,관찰
티엘비,356860,KOSDAQ,분류안됨,PCB;반도체,38.15,36,57.05,2.82,상승장 (보수적 반영),48350.0,0.1035196687370509,1.15268483044333,0.1739096783711343,0.8108118645357062,-1.7612289350433803,3,0,119.7,12.8,80.3,108.3,323.8,294.1,268.0,1.1,True,True,100.0,46300.0,43365.0,40407.5,0.0,11458.84989648033,24.45,15.99,2.251,0.35,1,50.0,0.0,중립,False,최근 중요 공시 신호 없음,0.0,-0.4,대기,0.62,35.3,High,RiskOn,중형,0.0383,0.2406,0.0778,0.1656,4,0.1595,1.0741,0.1306,0.1387,4,3,8.408071748878921,22.095959595959602,0.0,0.10351966873705098,32.58,31.96,11.17,71.02,연기금,유지,"중형주 핵심 연기금, 외국인 81, 연기금 65, 투신·사모 80, 지속성 60",7.13,20.15,90.37,"시장대비 5일 +7.1%p·20일 +20.1%p, 거래대금 상위 63%, 추세 100",돌파대기,False,60.0,"돌파대기: 20일 +22.1%, 고점대비 +0.0%, MA20 이격 +19.7%, 거래대금 1.10배",73.29,RiskOn,과열주의,관찰,33.54,연기금 10일 순매수 · 거래대금 대비 수급 양호 · 기관 동행 · 이격/RSI 과열,익절/추격주의,제외,연기금 수급 71.0 · 주도성 90.4 · 돌파대기 · 공시 중립,관찰
롯데에너지머티리얼즈,20150,KOSPI,분류안됨,분류안됨,25.18,31,43.2,-2.72,상승장 (보수적 반영),50900.0,18.509895227008144,-0.2505778828966552,0.6859986230575301,0.1597977190167907,0.1359394114389193,1,1,125.2,3.9,74.8,691.5,679.3,209.6,133.6,1.57,True,True,100.0,44190.0,42420.0,40670.0,0.0,26652.87543655413,-26.48,-10.54,0.0,0.35,1,50.0,0.0,중립,False,최근 중요 공시 신호 없음,0.0,-1.0,대기,4.9,33.73,Medium,RiskOn,중형,0.6181,0.6533,0.8813,1.7009,3,0.0008,-0.1041,0.1777,0.0564,2,3,26.774595267745948,39.835164835164825,0.0,18.509895227008144,48.78,36.16,23.56,63.54,연기금,유지,"중형주 핵심 연기금, 외국인 0, 연기금 97, 투신·사모 78, 지속성 60",25.5,37.89,89.34,"시장대비 5일 +25.5%p·20일 +37.9%p, 거래대금 상위 47%, 추세 100",돌파대기,False,80.0,"돌파대기: 20일 +39.8%, 고점대비 +0.0%, MA20 이격 +25.2%, 거래대금 1.57배",71.18,RiskOn,과열주의,관찰,33.22,연기금 10일 순매수 · 거래대금 대비 수급 양호 · 기관 동행 · 이격/RSI 과열,익절/추격주의,제외,연기금 수급 63.5 · 주도성 89.3 · 돌파대기 · 공시 중립,관찰
이수페타시스,7660,KOSPI,분류안됨,분류안됨,18.06,15,54.2,1.68,상승장 (보수적 반영),121200.0,-1.7828200972447306,-0.5480888874485665,0.3772271548875131,-0.1453468993252514,-0.242867043838654,0,0,108.4,4.3,61.6,60.0,543.7,769.7,748.3,1.03,True,True,100.0,118000.0,114180.0,111795.0,0.0,88971.01458670989,41.27,29.64,0.0,0.35,1,50.0,0.0,중립,False,최근 중요 공시 신호 없음,0.0,0.6,대기,-1.81,35.35,Low,RiskOn,중형,0.0129,0.3749,0.0911,-0.2346,2,-0.2652,-0.6208,-0.013,-0.0646,2,2,1.9343986543313818,8.214285714285708,-1.7828200972447306,-1.7828200972447306,12.0,82.7,5.91,33.58,연기금,유지,"중형주 핵심 연기금, 외국인 0, 연기금 69, 투신·사모 0, 지속성 40",0.66,6.27,64.25,"시장대비 5일 +0.7%p·20일 +6.3%p, 거래대금 상위 86%, 추세 100",눌림대기,False,50.0,"눌림대기: 20일 +8.2%, 고점대비 -1.8%, MA20 이격 +8.4%, 거래대금 1.03배",45.52,RiskOn,관찰,관찰,32.53,연기금 10일 순매수 · 대형 주도주 조건,보유/관찰,관찰,연기금 수급 33.6 · 주도성 64.2 · 눌림대기 · 공시 중립,관찰
와이씨,232140,KOSDAQ,분류안됨,분류안됨,39.16,45,48.04,-0.78,상승장 (보수적 반영),16980.0,6.125000000000003,1.805717807451944,0.0631589013122954,-1.3784513796226283,-0.0898629866082215,0,0,130.7,16.1,82.4,158.8,661.4,447.6,374.6,1.19,True,True,100.0,15146.0,14238.0,12988.0,0.0,13931.02875,32.11,5.56,0.0,0.35,1,50.0,0.0,중립,False,최근 중요 공시 신호 없음,0.0,-0.4,대기,3.87,34.29,High,RiskOn,중형,0.0119,0.0367,0.4854,0.0942,2,0.1618,0.5797,0.1908,-0.0304,3,2,19.157894736842106,40.91286307053943,0.0,6.125000000000003,19.15,46.02,6.56,50.73,연기금,유지,"중형주 핵심 연기금, 외국인 72, 연기금 32, 투신·사모 71, 지속성 40",17.88,38.97,94.55,"시장대비 5일 +17.9%p·20일 +39.0%p, 거래대금 상위 73%, 추세 100",돌파대기,False,60.0,"돌파대기: 20일 +40.9%, 고점대비 +0.0%, MA20 이격 +30.7%, 거래대금 1.19배",64.72,RiskOn,과열주의,관찰,32.45,연기금 10일 순매수 · 이격/RSI 과열,익절/추격주의,제외,연기금 수급 50.7 · 주도성 94.5 · 돌파대기 · 공시 중립,관찰
티씨케이,64760,KOSDAQ,분류안됨,분류안됨,35.29,38,51.4,0.56,상승장 (보수적 반영),295000.0,-6.050955414012737,-1.8020169506976325,-0.0608441301796118,1.8703345185137972,-0.0437771135500997,1,0,108.0,2.9,64.6,114.9,201.5,189.7,190.0,1.0,True,True,100.0,298700.0,286000.0,273150.0,0.0,32978.93312101911,37.26,13.5,0.0,0.35,1,50.0,0.0,중립,False,최근 중요 공시 신호 없음,0.0,0.0,대기,7.63,32.37,High,RiskOn,중형,-0.2187,-0.2117,-0.0877,-0.4573,1,-0.3112,-0.2905,0.0962,0.0147,2,1,3.1468531468531458,19.433198380566807,-6.050955414012737,-6.050955414012737,0.0,54.45,3.18,0.0,연기금,미확인,"중형주 핵심 연기금, 외국인 0, 연기금 0, 투신·사모 60, 지속성 20",1.87,17.49,75.96,"시장대비 5일 +1.9%p·20일 +17.5%p, 거래대금 상위 56%, 추세 100",눌림대기,False,66.67,"눌림대기: 20일 +19.4%, 고점대비 -6.1%, MA20 이격 +8.0%, 거래대금 1.00배",36.73,RiskOn,관찰,관찰,31.68,추가 확인 필요,수급훼손,제외,연기금 수급 0.0 · 주도성 76.0 · 눌림대기 · 공시 중립,관찰
파크시스템스,140860,KOSDAQ,분류안됨,분류안됨,29.63,25,59.2,3.68,상승장 (보수적 반영),298000.0,-0.5008347245408995,0.5320010854997458,0.1810962452173367,-0.3729246213711602,0.0101609649795124,0,7,113.5,2.3,74.2,72.2,82.1,95.6,73.8,1.3,True,True,100.0,281000.0,268450.0,262575.0,0.0,20866.964941569284,76.92,16.69,0.0,0.35,1,50.0,0.0,중립,False,최근 중요 공시 신호 없음,0.0,-1.0,대기,-4.55,37.02,Medium,RiskOn,중형,0.1042,0.1644,0.5698,0.8661,5,-0.0099,-0.1853,0.1854,0.0216,2,5,12.665406427221182,18.962075848303385,-0.5008347245408995,-0.5008347245408995,39.67,47.49,22.66,26.53,연기금,유지,"중형주 핵심 연기금, 외국인 0, 연기금 66, 투신·사모 75, 지속성 100",11.39,17.02,86.58,"시장대비 5일 +11.4%p·20일 +17.0%p, 거래대금 상위 33%, 추세 100",돌파대기,False,40.0,"돌파대기: 20일 +19.0%, 고점대비 -0.5%, MA20 이격 +13.5%, 거래대금 1.30배",49.16,RiskOn,과열주의,관찰,30.84,연기금 10일 순매수 · 거래대금 대비 수급 양호 · 기관 동행 · 이격/RSI 과열,익절/추격주의,제외,연기금 수급 26.5 · 주도성 86.6 · 돌파대기 · 공시 중립,관찰
필옵틱스,161580,KOSDAQ,분류안됨,분류안됨,35.14,39,44.2,-2.32,상승장 (보수적 반영),41000.0,0.7371007371007376,1.509051851536534,0.1840414115789743,-2.9298411059850693,-0.0190990634299739,6,1,122.7,18.4,83.1,72.3,245.2,354.0,188.0,1.88,True,True,100.0,38790.0,35400.0,33407.5,0.0,9610.319410319413,0.0,0.0,0.0,0.35,1,50.0,0.0,중립,False,최근 중요 공시 신호 없음,0.0,-1.0,대기,1.27,32.2,Medium,RiskOn,소형,0.2555,0.2555,0.268,0.3884,4,0.9877,0.5222,0.0385,-0.0282,5,2,25.574272588055138,57.692307692307686,0.0,0.7371007371007376,42.9,26.09,15.52,63.19,연기금,유지,"소형주 핵심 연기금, 외국인 89, 연기금 87, 투신·사모 18, 지속성 40",24.3,55.75,91.23,"시장대비 5일 +24.3%p·20일 +55.8%p, 거래대금 상위 56%, 추세 100",돌파대기,False,80.0,"돌파대기: 20일 +57.7%, 고점대비 +0.0%, MA20 이격 +22.7%, 거래대금 1.88배",71.79,RiskOn,과열주의,관찰,30.55,연기금 10일 순매수 · 거래대금 대비 수급 양호 · 기관 동행 · 이격/RSI 과열,익절/추격주의,제외,연기금 수급 63.2 · 주도성 91.2 · 돌파대기 · 공시 중립,관찰
달바글로벌,483650,KOSPI,분류안됨,분류안됨,13.75,10,54.4,1.76,상승장 (보수적 반영),183300.0,-0.3804347826086962,1.7653665695775576,0.2891068002211754,-0.3138105175347276,-3.0566729135161346,1,0,102.1,3.1,44.7,56.6,102.0,142.0,266.8,0.53,True,True,100.0,185320.0,182400.0,179595.0,0.0,22961.313586956523,20.07,52.59,0.0,0.35,1,50.0,0.0,중립,False,최근 중요 공시 신호 없음,0.0,0.0,대기,-4.64,32.94,Low,RiskOn,중형,0.0314,0.4436,1.2334,0.3023,3,0.1343,0.043,0.0947,0.1581,3,4,0.6589785831960571,-9.257425742574254,-3.8300104931794365,-9.257425742574254,23.49,51.71,11.64,37.21,연기금,유지,"중형주 핵심 연기금, 외국인 36, 연기금 76, 투신·사모 79, 지속성 80",-0.62,-11.2,40.94,"시장대비 5일 -0.6%p·20일 -11.2%p, 거래대금 상위 62%, 추세 100",조건미충족,False,0.0,"조건미충족: 20일 -9.3%, 고점대비 -3.8%, MA20 이격 +2.1%, 거래대금 0.53배",31.51,RiskOn,관찰,관찰,29.94,연기금 10일 순매수 · 기관 동행,보유/관찰,제외,연기금 수급 37.2 · 주도성 40.9 · 조건미충족 · 공시 중립,관찰
씨젠,96530,KOSDAQ,분류안됨,분류안됨,26.89,25,51.6,0.64,상승장 (보수적 반영),36850.0,-1.2064343163538882,1.422495577834434,0.1241000366710473,-0.1727820058572481,-0.0097255475923017,13,3,111.0,3.6,74.6,71.9,87.6,123.7,91.9,1.35,True,True,100.0,35520.0,34740.0,33187.5,0.0,17220.706434316355,17.93,4.81,0.0,0.35,1,50.0,0.0,중립,False,최근 중요 공시 신호 없음,0.0,0.0,대기,-2.93,31.96,Medium,RiskOn,중형,0.0987,0.1532,0.2036,0.8307,4,0.629,1.135,0.0151,0.0151,5,4,8.382352941176464,14.797507788162001,-1.2064343163538882,-1.2064343163538882,35.44,46.49,15.12,37.88,연기금,유지,"중형주 핵심 연기금, 외국인 88, 연기금 66, 투신·사모 38, 지속성 80",7.1,12.86,81.64,"시장대비 5일 +7.1%p·20일 +12.9%p, 거래대금 상위 37%, 추세 100",눌림대기,False,33.33,"눌림대기: 20일 +14.8%, 고점대비 -1.2%, MA20 이격 +11.0%, 거래대금 1.35배",50.78,RiskOn,관찰,관찰,29.69,연기금 10일 순매수 · 거래대금 대비 수급 양호 · 기관 동행,보유/관찰,제외,연기금 수급 37.9 · 주도성 81.6 · 눌림대기 · 공시 중립,관찰
대주전자재료,78600,KOSDAQ,분류안됨,2차전지;소재,30.13,39,52.1,0.84,상승장 (보수적 반영),108700.0,12.293388429752072,1.063650812882293,-0.1400982373272663,-0.0832689855839751,0.1732218660141167,1,2,122.8,7.8,77.1,328.7,601.6,264.6,122.3,2.16,True,True,100.0,96500.0,91880.0,88545.0,0.0,17069.71797520661,133.85,8.6,0.0,0.35,1,50.0,0.0,중립,False,최근 중요 공시 신호 없음,0.0,-0.4,대기,8.0,35.51,Medium,RiskOn,중형,0.0279,-0.099,0.2354,1.4481,3,1.0288,0.7368,0.2943,0.201,3,2,26.102088167053374,29.404761904761912,0.0,12.293388429752072,48.56,32.92,15.15,21.56,연기금,미확인,"중형주 핵심 연기금, 외국인 90, 연기금 0, 투신·사모 90, 지속성 40",24.82,27.46,89.1,"시장대비 5일 +24.8%p·20일 +27.5%p, 거래대금 상위 45%, 추세 100",돌파대기,False,60.0,"돌파대기: 20일 +29.4%, 고점대비 +0.0%, MA20 이격 +22.8%, 거래대금 2.16배",50.1,RiskOn,과열주의,관찰,28.42,거래대금 대비 수급 양호 · 기관 동행 · 이격/RSI 과열,익절/추격주의,제외,연기금 수급 21.6 · 주도성 89.1 · 돌파대기 · 공시 중립,관찰
GST,83450,KOSDAQ,분류안됨,분류안됨,32.09,38,43.8,-2.48,상승장 (보수적 반영),53800.0,-2.1818181818181848,-0.5169960241459644,0.2353353642323141,0.94775626342339,0.2651219593821426,0,2,113.9,5.8,72.1,111.1,115.2,115.8,66.6,1.74,True,True,100.0,52420.0,50155.0,47217.5,0.1116,9914.850909090908,0.0,0.0,0.0,0.35,1,50.0,0.0,중립,False,최근 중요 공시 신호 없음,0.0,-0.4,대기,7.06,33.29,Medium,RiskOn,소형,0.2099,0.2661,1.296,1.4525,4,-0.4428,-0.4033,0.7838,0.2034,2,3,9.238578680203036,21.034870641169846,-2.1818181818181848,-2.1818181818181848,36.63,42.27,18.98,45.66,연기금,유지,"소형주 핵심 연기금, 외국인 0, 연기금 84, 투신·사모 98, 지속성 60",7.96,19.09,86.09,"시장대비 5일 +8.0%p·20일 +19.1%p, 거래대금 상위 31%, 추세 100",눌림대기,False,33.33,"눌림대기: 20일 +21.0%, 고점대비 -2.2%, MA20 이격 +13.9%, 거래대금 1.74배",55.06,RiskOn,과열주의,관찰,28.31,연기금 10일 순매수 · 거래대금 대비 수급 양호 · 기관 동행 · 이격/RSI 과열,익절/추격주의,제외,연기금 수급 45.7 · 주도성 86.1 · 눌림대기 · 공시 중립,관찰
유진테크,84370,KOSDAQ,분류안됨,분류안됨,29.75,29,51.2,0.48,상승장 (보수적 반영),178100.0,-4.195804195804199,-2.160693452451938,-0.1213097946951783,2.026396336109112,0.0965815707823583,0,0,120.8,3.7,67.9,91.6,317.6,305.4,257.8,1.18,True,True,100.0,170760.0,158160.0,147405.0,0.3933,40812.58741258741,28.73,9.81,0.0,0.35,1,50.0,0.0,중립,False,최근 중요 공시 신호 없음,0.0,-1.0,대기,-2.97,33.31,Medium,RiskOn,중형,0.0492,0.0074,0.7319,-0.1123,3,-1.0274,-0.9353,0.3162,0.0773,1,4,8.86308068459658,33.408239700374544,-4.1958041958041985,-4.1958041958041985,16.0,41.41,8.92,45.38,연기금,유지,"중형주 핵심 연기금, 외국인 0, 연기금 40, 투신·사모 87, 지속성 80",7.58,31.47,91.33,"시장대비 5일 +7.6%p·20일 +31.5%p, 거래대금 상위 62%, 추세 100",눌림대기,False,66.67,"눌림대기: 20일 +33.4%, 고점대비 -4.2%, MA20 이격 +20.8%, 거래대금 1.18배",62.51,RiskOn,과열주의,관찰,28.26,연기금 10일 순매수 · 기관 동행 · 이격/RSI 과열,익절/추격주의,제외,연기금 수급 45.4 · 주도성 91.3 · 눌림대기 · 공시 중립,관찰
태성,323280,KOSDAQ,분류안됨,분류안됨,26.67,28,48.8,-0.48,상승장 (보수적 반영),59600.0,-2.454991816693941,2.1592184304994317,0.0692041826616288,-2.831804997833666,0.0727438164738158,0,2,123.0,9.1,74.7,56.3,193.7,332.2,192.9,1.72,True,True,100.0,56130.0,50995.0,48470.0,0.0,18199.947626841244,607.93,-3.0,0.0,0.35,1,50.0,0.0,중립,False,최근 중요 공시 신호 없음,0.0,-0.4,대기,1.05,32.56,Medium,RiskOn,중형,0.0711,0.0711,0.2444,0.5096,4,0.5508,0.2345,0.0741,0.1195,3,3,28.172043010752688,30.98901098901099,-2.454991816693941,-2.454991816693941,49.81,35.91,16.64,64.7,연기금,유지,"중형주 핵심 연기금, 외국인 80, 연기금 53, 투신·사모 73, 지속성 60",26.89,29.05,91.45,"시장대비 5일 +26.9%p·20일 +29.1%p, 거래대금 상위 57%, 추세 100",눌림대기,False,50.0,"눌림대기: 20일 +31.0%, 고점대비 -2.5%, MA20 이격 +23.0%, 거래대금 1.72배",68.5,RiskOn,과열주의,관찰,28.16,연기금 10일 순매수 · 거래대금 대비 수급 양호 · 기관 동행 · 이격/RSI 과열,익절/추격주의,제외,연기금 수급 64.7 · 주도성 91.5 · 눌림대기 · 공시 중립,관찰
한국앤컴퍼니,240,KOSPI,분류안됨,분류안됨,29.21,35,55.2,2.08,상승장 (보수적 반영),25450.0,1.3944223107569709,-0.2161247007614821,0.1440915588320751,0.0240093661746775,-0.0022802255968032,1,6,103.1,0.2,60.5,56.9,8.1,11.4,16.2,0.7,True,True,100.0,25170.0,24875.0,24675.0,0.2532,24160.26294820717,6.05,7.52,0.0,0.35,1,50.0,0.0,중립,False,최근 중요 공시 신호 없음,0.0,-0.3,회피,8.0,31.67,Medium,RiskOn,중형,0.0322,0.0352,0.0191,0.1903,4,-0.0099,-0.0702,-0.0135,-0.001,2,5,3.2454361054766734,5.165289256198347,0.0,0.9920634920634885,6.11,48.61,11.33,0.16,연기금,유지,"중형주 핵심 연기금, 외국인 0, 연기금 38, 투신·사모 0, 지속성 100",1.97,3.22,46.8,"시장대비 5일 +2.0%p·20일 +3.2%p, 거래대금 상위 8%, 추세 100",돌파대기,False,60.0,"돌파대기: 20일 +5.2%, 고점대비 +0.0%, MA20 이격 +3.1%, 거래대금 0.70배",25.97,RiskOn,관찰,관찰,28.15,연기금 10일 순매수 · 기관 동행,보유/관찰,제외,연기금 수급 0.2 · 주도성 46.8 · 돌파대기 · 공시 중립,관찰
원익홀딩스,30530,KOSDAQ,분류안됨,분류안됨,30.55,30,48.4,-0.64,상승장 (보수적 반영),29300.0,4.642857142857149,-0.1432333611197998,0.1024060082526121,0.296944088410834,-0.0017862101269202,2,1,118.0,7.1,80.7,78.2,490.7,319.5,729.2,0.44,True,True,100.0,27510.0,27080.0,24831.0,0.0467,22630.06428571429,32.56,2.78,0.0,0.35,1,50.0,0.0,중립,False,최근 중요 공시 신호 없음,0.0,-0.4,대기,-3.7,32.02,Medium,RiskOn,중형,0.02,0.0366,0.0564,0.0009,2,-0.0596,0.1279,0.0166,-0.004,2,2,3.5335689045936425,68.00458715596329,0.0,3.5335689045936425,0.0,63.84,2.79,0.0,연기금,유지,"중형주 핵심 연기금, 외국인 3, 연기금 35, 투신·사모 22, 지속성 40",2.25,66.06,82.72,"시장대비 5일 +2.2%p·20일 +66.1%p, 거래대금 상위 85%, 추세 100",돌파대기,False,40.0,"돌파대기: 20일 +68.0%, 고점대비 +0.0%, MA20 이격 +18.0%, 거래대금 0.44배",34.79,RiskOn,과열주의,관찰,27.1,연기금 10일 순매수 · 대형 주도주 조건 · 이격/RSI 과열,익절/추격주의,제외,연기금 수급 0.0 · 주도성 82.7 · 돌파대기 · 공시 중립,관찰
CJ,1040,KOSPI,분류안됨,분류안됨,16.55,10,47.2,-1.12,상승장 (보수적 반영),131200.0,-0.3039513677811523,0.3988979830136649,-0.2367281643921241,0.0536614273844582,0.017706945829596,0,0,100.1,1.6,52.1,49.8,63.0,119.7,139.3,0.86,True,True,100.0,133820.0,131590.0,131120.0,0.0,38279.29483282675,96.96,2.69,0.0,0.35,1,50.0,0.0,중립,False,최근 중요 공시 신호 없음,0.0,1.1,대기,-8.0,31.74,Low,RiskOn,중형,-0.0187,-0.2209,-0.0253,0.4515,4,0.1155,0.183,-0.0147,0.14,2,2,0.9230769230769154,0.6907137375287808,-4.093567251461994,-4.093567251461994,38.72,63.42,8.84,5.79,연기금,미확인,"중형주 핵심 연기금, 외국인 47, 연기금 0, 투신·사모 65, 지속성 40",-0.36,-1.25,41.5,"시장대비 5일 -0.4%p·20일 -1.2%p, 거래대금 상위 47%, 추세 100",조건미충족,False,0.0,"조건미충족: 20일 +0.7%, 고점대비 -4.1%, MA20 이격 +0.1%, 거래대금 0.86배",16.85,RiskOn,관찰,관찰,27.06,거래대금 대비 수급 양호 · 대형 주도주 조건 · 기관 동행,수급훼손,제외,연기금 수급 5.8 · 주도성 41.5 · 조건미충족 · 공시 중립,관찰
두산로보틱스,454910,KOSPI,분류안됨,분류안됨,17.34,29,44.2,-2.32,상승장 (보수적 반영),72800.0,1.392757660167132,0.2497920167338033,0.0059771396931388,-0.0282294535245588,-0.0266348023855173,2,2,104.2,2.0,65.7,134.2,249.2,186.3,193.9,0.96,True,True,100.0,70220.0,70080.0,69875.0,0.0,47188.18941504179,-90.55,-14.78,0.0,0.35,1,50.0,0.0,중립,False,최근 중요 공시 신호 없음,0.0,1.1,대기,8.0,31.15,Medium,RiskOn,중형,0.0121,0.0024,-0.0454,0.2073,2,0.1562,0.1016,0.0013,-0.0063,2,3,2.824858757062154,10.303030303030303,0.0,0.5524861878453136,19.25,63.53,7.47,28.18,연기금,유지,"중형주 핵심 연기금, 외국인 47, 연기금 18, 투신·사모 0, 지속성 60",1.55,8.36,64.32,"시장대비 5일 +1.6%p·20일 +8.4%p, 거래대금 상위 58%, 추세 100",돌파대기,False,60.0,"돌파대기: 20일 +10.3%, 고점대비 +0.0%, MA20 이격 +4.2%, 거래대금 0.96배",43.61,RiskOn,관찰,관찰,26.37,연기금 10일 순매수 · 대형 주도주 조건,보유/관찰,관찰,연기금 수급 28.2 · 주도성 64.3 · 돌파대기 · 공시 중립,관찰
원익QnC,74600,KOSDAQ,분류안됨,분류안됨,21.8,22,45.4,-1.84,상승장 (보수적 반영),32300.0,-0.9202453987730008,0.2829079873559634,0.2962167130635413,0.1731387500916797,-0.1598507719705309,0,4,115.6,4.3,76.9,91.7,69.1,73.1,53.1,1.38,True,True,100.0,30770.0,29570.0,27942.5,0.0836,8490.144171779142,0.0,0.0,0.0,0.35,1,50.0,0.0,중립,False,최근 중요 공시 신호 없음,0.0,-0.4,대기,-4.77,32.16,Medium,RiskOn,소형,0.7386,0.6263,0.7173,1.4265,5,-0.2016,-0.0118,0.2287,0.0256,2,4,9.677419354838701,27.16535433070866,-0.9202453987730008,-0.9202453987730008,40.48,33.63,24.9,51.0,연기금,유지,"소형주 핵심 연기금, 외국인 0, 연기금 98, 투신·사모 79, 지속성 80",8.4,25.22,85.48,"시장대비 5일 +8.4%p·20일 +25.2%p, 거래대금 상위 27%, 추세 100",돌파대기,False,40.0,"돌파대기: 20일 +27.2%, 고점대비 -0.9%, MA20 이격 +15.6%, 거래대금 1.38배",58.41,RiskOn,과열주의,관찰,25.99,연기금 10일 순매수 · 거래대금 대비 수급 양호 · 기관 동행 · 이격/RSI 과열,익절/추격주의,제외,연기금 수급 51.0 · 주도성 85.5 · 돌파대기 · 공시 중립,관찰
팬오션,28670,KOSPI,분류안됨,분류안됨,33.98,48,53.08,1.23,상승장 (보수적 반영),6240.0,6.122448979591844,-0.0022439526352369,0.3644231888068504,0.3054460255472129,0.2421899093709007,1,5,106.1,2.6,62.5,191.7,295.2,174.6,176.3,0.99,False,False,60.0,5858.0,5810.0,5883.5,0.0,33356.40816326531,9.43,5.3,0.0,0.35,1,50.0,0.0,중립,False,최근 중요 공시 신호 없음,0.0,0.0,대기,8.0,31.71,High,RiskOn,중형,0.2298,0.171,0.318,0.8989,5,0.2013,0.1849,0.0564,0.0882,3,5,11.428571428571432,13.24863883847549,0.0,2.6315789473684292,51.74,46.43,23.97,77.21,연기금,유지,"중형주 핵심 연기금, 외국인 61, 연기금 83, 투신·사모 69, 지속성 100",10.15,11.31,76.64,"시장대비 5일 +10.2%p·20일 +11.3%p, 거래대금 상위 54%, 추세 60",돌파대기,False,60.0,"돌파대기: 20일 +13.2%, 고점대비 +0.0%, MA20 이격 +6.1%, 거래대금 0.99배",70.88,RiskOn,관찰,관찰,24.87,연기금 10일 순매수 · 거래대금 대비 수급 양호 · 기관 동행 · 정배열 확인 전,추세훼손,제외,연기금 수급 77.2 · 주도성 76.6 · 돌파대기 · 공시 중립,관찰
삼천당제약,250,KOSDAQ,분류안됨,분류안됨,29.52,32,50.4,0.16,상승장 (보수적 반영),207500.0,4.062186559679026,-0.7628447741794562,0.1914003611191677,0.1654486666498379,0.0461619904642729,0,4,124.8,4.1,82.2,177.3,593.3,397.6,186.6,2.13,True,True,100.0,181660.0,172140.0,166205.0,0.0,48674.04714142427,220.58,1.94,0.0,0.35,1,50.0,0.0,중립,False,최근 중요 공시 신호 없음,0.0,-0.4,대기,5.24,32.46,Medium,RiskOn,중형,0.1633,0.1644,0.2144,-0.1051,3,-0.511,-0.5284,0.0328,0.0191,2,4,25.22631261315631,30.503144654088054,0.0,4.062186559679026,12.0,30.18,11.83,51.39,연기금,유지,"중형주 핵심 연기금, 외국인 0, 연기금 75, 투신·사모 46, 지속성 80",23.95,28.56,91.07,"시장대비 5일 +23.9%p·20일 +28.6%p, 거래대금 상위 55%, 추세 100",돌파대기,False,60.0,"돌파대기: 20일 +30.5%, 고점대비 +0.0%, MA20 이격 +24.8%, 거래대금 2.13배",64.04,RiskOn,과열주의,관찰,24.81,연기금 10일 순매수 · 기관 동행 · 이격/RSI 과열,익절/추격주의,제외,연기금 수급 51.4 · 주도성 91.1 · 돌파대기 · 공시 중립,관찰
한화시스템,272210,KOSPI,분류안됨,분류안됨,21.7,23,50.4,0.16,상승장 (보수적 반영),82200.0,4.1825095057034245,-0.3963814360905094,0.4039163812241718,0.181781692752721,-0.0367664134902784,0,4,111.8,1.6,66.5,142.3,756.1,494.6,463.3,1.07,True,False,60.0,76080.0,76570.0,73535.0,0.2067,155291.32319391635,73.58,6.6,0.0,0.35,1,50.0,0.0,중립,False,최근 중요 공시 신호 없음,0.0,0.0,대기,3.4,27.66,Medium,RiskOn,대형,0.1473,0.3744,0.5268,0.8415,3,-0.0264,-0.3736,0.0707,0.0463,1,4,11.231393775372123,22.869955156950674,0.0,2.750000000000008,51.59,67.56,22.71,8.03,외국인,미확인,"대형주 핵심 외국인, 외국인 0, 연기금 84, 투신·사모 61, 지속성 20",9.95,20.93,87.29,"시장대비 5일 +9.9%p·20일 +20.9%p, 거래대금 상위 76%, 추세 60",돌파대기,False,60.0,"돌파대기: 20일 +22.9%, 고점대비 +0.0%, MA20 이격 +11.8%, 거래대금 1.07배",43.2,RiskOn,관찰,관찰,24.05,연기금 10일 순매수 · 거래대금 대비 수급 양호 · 대형 주도주 조건 · 기관 동행 · 정배열 확인 전,추세훼손,제외,외국인 수급 8.0 · 주도성 87.3 · 돌파대기 · 공시 중립,관찰
HMM,11200,KOSPI,분류안됨,분류안됨,13.59,16,50.8,0.32,상승장 (보수적 반영),21450.0,1.4184397163120588,0.1519370559491036,-0.03835783953332,0.0287550096148851,-0.0016819228119169,3,0,102.1,0.4,52.6,111.1,161.9,151.8,165.0,0.92,True,True,100.0,21140.0,21035.0,21007.5,0.0,202323.7021276596,14.01,6.9,0.0,0.35,1,50.0,0.0,중립,False,최근 중요 공시 신호 없음,0.0,-0.3,회피,5.67,28.84,Low,RiskOn,대형,-0.0317,-0.0196,-0.0114,0.2883,3,0.0954,0.1156,0.006,0.0015,4,1,3.125,3.125,0.0,0.0,28.49,66.95,6.39,30.06,외국인,유지,"대형주 핵심 외국인, 외국인 35, 연기금 0, 투신·사모 15, 지속성 80",1.85,1.18,51.95,"시장대비 5일 +1.9%p·20일 +1.2%p, 거래대금 상위 52%, 추세 100",돌파대기,False,60.0,"돌파대기: 20일 +3.1%, 고점대비 +0.0%, MA20 이격 +2.1%, 거래대금 0.92배",40.79,RiskOn,관찰,관찰,23.83,대형 주도주 조건,수급훼손,제외,외국인 수급 30.1 · 주도성 52.0 · 돌파대기 · 공시 중립,관찰
LS머트리얼즈,417200,KOSDAQ,분류안됨,2차전지;소재,40.77,50,45.24,-1.9,상승장 (보수적 반영),15250.0,9.554597701149415,-1.8696517257600047,-0.3602158306655038,0.4332846030572543,0.4172215903697011,1,1,121.8,13.0,84.6,175.1,406.3,268.6,173.1,1.55,True,True,100.0,13844.0,13635.0,12518.5,0.0,10316.75646551724,0.0,0.0,0.0,0.35,1,50.0,0.0,중립,False,최근 중요 공시 신호 없음,0.0,-0.4,대기,8.0,29.48,High,RiskOn,중형,-0.2056,-0.1951,0.453,0.0159,2,-0.1525,-1.1574,0.199,0.1096,3,1,13.97608370702541,41.86046511627908,0.0,9.554597701149415,9.39,13.11,5.92,0.0,연기금,미확인,"중형주 핵심 연기금, 외국인 0, 연기금 0, 투신·사모 84, 지속성 20",12.7,39.92,90.63,"시장대비 5일 +12.7%p·20일 +39.9%p, 거래대금 상위 53%, 추세 100",돌파대기,False,60.0,"돌파대기: 20일 +41.9%, 고점대비 +0.0%, MA20 이격 +21.8%, 거래대금 1.55배",40.24,RiskOn,과열주의,관찰,23.58,이격/RSI 과열,수급훼손,제외,연기금 수급 0.0 · 주도성 90.6 · 돌파대기 · 공시 중립,관찰
엘앤씨바이오,290650,KOSDAQ,분류안됨,분류안됨,10.54,10,42.2,-3.12,상승장 (보수적 반영),54100.0,-3.9076376554174064,2.0349302886668044,0.3048945914616783,0.1153415327764063,0.1859945764689883,0,0,111.6,4.6,59.8,141.5,159.0,134.1,109.4,1.23,True,True,100.0,51060.0,48785.0,48490.0,0.0,14589.703374777975,-8.28,-57.68,0.0,0.35,1,50.0,0.0,중립,False,최근 중요 공시 신호 없음,0.0,0.6,대기,-7.15,31.75,Low,RiskOn,중형,0.1257,0.1256,0.4028,-0.0014,2,-0.9088,-0.857,0.1418,0.1859,1,3,14.618644067796605,3.441682600382401,-3.9076376554174064,-3.9076376554174064,4.0,46.89,5.69,52.76,연기금,유지,"중형주 핵심 연기금, 외국인 0, 연기금 67, 투신·사모 85, 지속성 60",13.34,1.5,65.83,"시장대비 5일 +13.3%p·20일 +1.5%p, 거래대금 상위 42%, 추세 100",눌림대기,False,66.67,"눌림대기: 20일 +3.4%, 고점대비 -3.9%, MA20 이격 +11.6%, 거래대금 1.23배",56.0,RiskOn,돌파,수급스윙,23.25,연기금 10일 순매수 · 거래량 동반 돌파,보유/관찰,관찰,연기금 수급 52.8 · 주도성 65.8 · 눌림대기 · 공시 중립,관찰
피에스케이홀딩스,31980,KOSDAQ,분류안됨,분류안됨,23.09,19,54.2,1.68,상승장 (보수적 반영),193600.0,-0.2061855670103085,0.5370925882451841,-1.256047264687247,0.528596104361094,0.5488175355488861,0,0,118.7,3.7,75.9,140.1,394.3,308.5,314.4,0.98,True,True,100.0,182780.0,173210.0,163085.0,0.0,41744.75051546392,32.41,19.55,0.0,0.35,1,50.0,0.0,중립,False,최근 중요 공시 신호 없음,0.0,-1.0,대기,-7.96,29.85,Medium,RiskOn,중형,-0.4147,-0.6928,-0.7097,-0.3041,2,0.4158,0.4302,-0.2112,0.189,4,0,18.627450980392158,58.68852459016394,-0.20618556701030855,-0.20618556701030855,12.0,55.06,4.74,0.0,연기금,미확인,"중형주 핵심 연기금, 외국인 79, 연기금 0, 투신·사모 0, 지속성 0",17.35,56.75,93.48,"시장대비 5일 +17.4%p·20일 +56.8%p, 거래대금 상위 67%, 추세 100",돌파대기,False,20.0,"돌파대기: 20일 +58.7%, 고점대비 -0.2%, MA20 이격 +18.7%, 거래대금 0.98배",36.14,RiskOn,과열주의,관찰,23.03,이격/RSI 과열,수급훼손,제외,연기금 수급 0.0 · 주도성 93.5 · 돌파대기 · 공시 중립,관찰
케이씨텍,281820,KOSPI,분류안됨,분류안됨,24.7,24,56.0,2.4,상승장 (보수적 반영),91700.0,-0.8648648648648671,0.5797152276829761,0.1811067259726525,-0.8964036659931528,0.1946610078377202,0,6,121.1,3.9,77.8,81.5,139.7,140.6,150.1,0.94,True,True,100.0,89000.0,83440.0,75725.0,0.0,18154.617297297296,16.92,10.55,0.0,0.35,1,50.0,0.0,중립,False,최근 중요 공시 신호 없음,0.0,-1.0,대기,1.63,30.19,Medium,RiskOn,중형,0.1187,0.201,0.7847,-0.2633,1,-0.4081,-1.1912,-0.039,-0.0934,0,5,5.645161290322576,40.86021505376345,-0.8648648648648671,-0.8648648648648671,0.0,27.08,13.43,43.0,연기금,유지,"중형주 핵심 연기금, 외국인 0, 연기금 70, 투신·사모 0, 지속성 100",4.37,38.92,80.71,"시장대비 5일 +4.4%p·20일 +38.9%p, 거래대금 상위 49%, 추세 100",돌파대기,False,20.0,"돌파대기: 20일 +40.9%, 고점대비 -0.9%, MA20 이격 +21.1%, 거래대금 0.94배",51.2,RiskOn,과열주의,관찰,22.87,연기금 10일 순매수 · 기관 동행 · 이격/RSI 과열,익절/추격주의,제외,연기금 수급 43.0 · 주도성 80.7 · 돌파대기 · 공시 중립,관찰
한미약품,128940,KOSPI,분류안됨,분류안됨,33.77,39,42.4,-3.04,상승장 (보수적 반영),504000.0,1.306532663316573,-0.6986543084607355,0.8614955888711067,0.8043664157182183,0.5985276650588558,1,0,102.3,2.8,60.7,63.4,273.6,356.7,532.8,0.67,True,False,60.0,502300.0,505650.0,492475.0,0.2668,64566.70552763819,0.0,0.0,0.0,0.35,1,50.0,0.0,중립,False,최근 중요 공시 신호 없음,0.0,1.1,대기,7.66,29.54,Medium,RiskOn,중형,0.0364,0.2708,0.8303,0.0832,3,0.0574,-0.2593,0.0996,-0.0961,3,3,-3.076923076923077,6.329113924050622,-3.076923076923077,-3.076923076923077,18.46,66.72,12.85,37.01,연기금,유지,"중형주 핵심 연기금, 외국인 0, 연기금 65, 투신·사모 10, 지속성 60",-4.36,4.39,30.26,"시장대비 5일 -4.4%p·20일 +4.4%p, 거래대금 상위 80%, 추세 60",눌림대기,False,83.33,"눌림대기: 20일 +6.3%, 고점대비 -3.1%, MA20 이격 +2.3%, 거래대금 0.67배",38.98,RiskOn,관찰,관찰,22.54,연기금 10일 순매수 · 대형 주도주 조건 · 기관 동행 · 정배열 확인 전,추세훼손,제외,연기금 수급 37.0 · 주도성 30.3 · 눌림대기 · 공시 중립,관찰
동서,26960,KOSPI,분류안됨,분류안됨,23.21,37,52.2,0.88,상승장 (보수적 반영),27650.0,6.756756756756754,0.0501030740149945,0.0328261316765509,7.240793592746446e-05,-0.0061131643706818,1,1,107.6,0.5,69.3,419.7,63.9,25.1,15.4,1.63,True,True,100.0,26130.0,25795.0,25690.0,0.0,27566.72972972973,17.53,8.48,0.0,0.35,1,50.0,0.0,중립,False,최근 중요 공시 신호 없음,0.0,-1.4,회피,8.0,27.84,Medium,RiskOn,중형,0.029,0.0197,0.0148,1.0355,2,0.0551,0.0399,0.0012,0.0001,2,3,9.072978303747536,8.4313725490196,0.0,6.142034548944331,28.04,52.39,8.11,0.0,연기금,유지,"중형주 핵심 연기금, 외국인 23, 연기금 35, 투신·사모 4, 지속성 60",7.79,6.49,66.66,"시장대비 5일 +7.8%p·20일 +6.5%p, 거래대금 상위 7%, 추세 100",돌파대기,False,80.0,"돌파대기: 20일 +8.4%, 고점대비 +0.0%, MA20 이격 +7.6%, 거래대금 1.63배",35.55,RiskOn,관찰,관찰,22.54,연기금 10일 순매수 · 기관 동행,보유/관찰,제외,연기금 수급 0.0 · 주도성 66.7 · 돌파대기 · 공시 중립,관찰
이수스페셜티케미컬,457190,KOSPI,분류안됨,전고체;2차전지,29.73,31,50.4,0.16,상승장 (보수적 반영),80900.0,3.1887755102040893,-0.3955592239369062,0.1143087229121498,-0.2965526965198145,-0.0519234348666773,0,4,120.7,7.7,75.4,77.8,276.8,377.7,144.2,2.62,True,True,100.0,74380.0,69290.0,67020.0,0.0,24446.45280612245,304.11,0.61,0.0,0.35,1,50.0,0.0,중립,False,최근 중요 공시 신호 없음,0.0,-0.4,대기,2.4,30.37,Medium,RiskOn,중형,0.1615,0.1422,0.1042,-0.1497,1,-0.435,-0.5112,0.0175,-0.0498,1,4,26.802507836990586,25.81648522550544,0.0,1.5056461731492998,4.0,29.52,9.08,41.47,연기금,유지,"중형주 핵심 연기금, 외국인 0, 연기금 74, 투신·사모 0, 지속성 80",25.52,23.87,89.59,"시장대비 5일 +25.5%p·20일 +23.9%p, 거래대금 상위 48%, 추세 100",돌파대기,False,60.0,"돌파대기: 20일 +25.8%, 고점대비 +0.0%, MA20 이격 +20.7%, 거래대금 2.62배",59.06,RiskOn,과열주의,관찰,22.48,연기금 10일 순매수 · 기관 동행 · 이격/RSI 과열,익절/추격주의,제외,연기금 수급 41.5 · 주도성 89.6 · 돌파대기 · 공시 중립,관찰
차바이오텍,85660,KOSDAQ,분류안됨,분류안됨,36.58,40,42.2,-3.12,상승장 (보수적 반영),8500.0,-1.9607843137254943,-0.5732201403722085,-0.000347803548387,0.0603823383870967,-0.0361345896029776,0,0,105.2,1.0,63.9,63.3,10.3,16.0,15.0,1.07,True,True,100.0,8348.0,8133.0,8079.5,0.6182,7901.960784313725,0.0,0.0,0.0,0.35,1,50.0,0.0,중립,False,최근 중요 공시 신호 없음,0.0,-0.3,회피,0.0,29.5,Medium,RiskOn,소형,0.0,0.0,-0.0393,-0.4075,0,-0.1478,-0.2677,-0.0007,-0.0027,0,0,6.78391959798994,-1.7341040462427793,-1.9607843137254943,-1.9607843137254943,0.0,40.37,0.1,0.0,연기금,미확인,"소형주 핵심 연기금, 외국인 0, 연기금 0, 투신·사모 0, 지속성 0",5.51,-3.68,45.06,"시장대비 5일 +5.5%p·20일 -3.7%p, 거래대금 상위 6%, 추세 100",조건미충족,False,0.0,"조건미충족: 20일 -1.7%, 고점대비 -2.0%, MA20 이격 +5.2%, 거래대금 1.07배",14.99,RiskOn,관찰,관찰,21.56,추가 확인 필요,보유/관찰,제외,연기금 수급 0.0 · 주도성 45.1 · 조건미충족 · 공시 중립,관찰
HLB,28300,KOSDAQ,분류안됨,분류안됨,21.29,25,42.2,-3.12,상승장 (보수적 반영),40650.0,0.2466091245376001,-2.7928587433171272,0.0157230998341347,0.0567576614660723,-0.1181231067424354,0,0,119.9,8.3,66.3,30.0,272.1,899.0,378.9,2.37,True,True,100.0,40490.0,35765.0,33905.0,0.0,54144.196054254,-19.62,-44.32,0.0,0.35,1,50.0,0.0,중립,False,최근 중요 공시 신호 없음,0.0,-0.4,대기,0.43,29.9,Medium,RiskOn,중형,-0.0035,0.026,-0.1156,-1.4047,1,-1.7214,-2.2649,0.0005,-0.1193,1,2,33.06055646481178,21.889055472263873,-1.8115942028985477,-1.8115942028985477,12.0,62.1,2.9,12.11,연기금,유지,"중형주 핵심 연기금, 외국인 0, 연기금 15, 투신·사모 0, 지속성 40",31.78,19.95,94.74,"시장대비 5일 +31.8%p·20일 +19.9%p, 거래대금 상위 74%, 추세 100",눌림대기,False,33.33,"눌림대기: 20일 +21.9%, 고점대비 -1.8%, MA20 이격 +19.9%, 거래대금 2.37배",42.83,RiskOn,과열주의,관찰,21.55,연기금 10일 순매수 · 대형 주도주 조건 · 이격/RSI 과열,익절/추격주의,제외,연기금 수급 12.1 · 주도성 94.7 · 눌림대기 · 공시 중립,관찰
샘씨엔에스,252990,KOSDAQ,분류안됨,반도체테스트;세라믹기판,33.8,32,54.05,1.62,상승장 (보수적 반영),19670.0,-2.3821339950372167,1.2444125456896953,-0.3939991177912855,0.434044042968353,0.3492961570458011,3,0,119.0,6.4,77.0,82.0,124.6,151.6,133.7,1.13,True,True,100.0,19612.0,18553.0,16527.0,0.0,11843.975682382135,27.73,9.7,2.251,0.35,1,50.0,0.0,중립,False,최근 중요 공시 신호 없음,0.0,-0.4,대기,-1.34,28.14,Medium,RiskOn,중형,-0.3739,-0.5669,-0.0311,0.1068,3,0.5619,0.8452,0.0673,0.1461,3,0,9.70440602342444,45.380635624538066,-2.3821339950372167,-2.3821339950372167,16.15,26.73,5.51,11.67,연기금,미확인,"중형주 핵심 연기금, 외국인 86, 연기금 0, 투신·사모 76, 지속성 0",8.43,43.44,89.42,"시장대비 5일 +8.4%p·20일 +43.4%p, 거래대금 상위 47%, 추세 100",눌림대기,False,50.0,"눌림대기: 20일 +45.4%, 고점대비 -2.4%, MA20 이격 +19.0%, 거래대금 1.13배",44.45,RiskOn,과열주의,관찰,21.36,이격/RSI 과열,수급훼손,제외,연기금 수급 11.7 · 주도성 89.4 · 눌림대기 · 공시 중립,관찰
BNK금융지주,138930,KOSPI,분류안됨,분류안됨,12.12,9,51.2,0.48,상승장 (보수적 반영),15900.0,0.5056890012642201,-0.9279423254998784,0.8313662937887671,0.0531086167701755,0.0103876555567907,1,1,100.3,1.2,49.8,60.8,81.3,117.5,166.6,0.71,True,True,100.0,16124.0,15929.0,15854.5,0.2386,48787.47155499368,6.5,7.58,0.0,0.35,1,50.0,0.0,중립,False,최근 중요 공시 신호 없음,0.0,1.1,대기,-3.59,27.99,Low,RiskOn,중형,-0.009,-0.137,-0.1941,-0.2458,2,-0.1058,-0.0682,-0.0251,0.003,2,2,-0.4383218534752653,5.019815059445176,-3.8694074969770287,-3.8694074969770287,0.0,59.96,4.93,0.0,연기금,미확인,"중형주 핵심 연기금, 외국인 0, 연기금 0, 투신·사모 0, 지속성 40",-1.72,3.08,46.35,"시장대비 5일 -1.7%p·20일 +3.1%p, 거래대금 상위 53%, 추세 100",눌림대기,False,83.33,"눌림대기: 20일 +5.0%, 고점대비 -3.9%, MA20 이격 +0.3%, 거래대금 0.71배",28.84,RiskOn,관찰,관찰,20.61,추가 확인 필요,수급훼손,제외,연기금 수급 0.0 · 주도성 46.4 · 눌림대기 · 공시 중립,관찰
한온시스템,18880,KOSPI,분류안됨,분류안됨,24.02,46,47.48,-1.01,상승장 (보수적 반영),3825.0,4.081632653061229,-0.5708485601227817,0.5010949260117686,0.1541701023466606,0.1080693683679124,1,5,111.0,6.3,63.5,167.8,690.6,495.9,191.0,2.6,True,False,60.0,3503.0,3413.5,3447.0,0.0612,39253.34693877551,-592.5,-6.0,0.0,0.35,1,50.0,0.0,중립,False,최근 중요 공시 신호 없음,0.0,0.6,대기,8.0,27.83,Medium,RiskOn,중형,0.369,0.376,0.5815,0.986,4,-0.1506,-0.3875,0.1018,0.0843,2,5,18.788819875776408,12.334801762114544,0.0,4.081632653061229,51.89,42.21,26.25,65.73,연기금,유지,"중형주 핵심 연기금, 외국인 0, 연기금 91, 투신·사모 73, 지속성 100",17.51,10.39,75.66,"시장대비 5일 +17.5%p·20일 +10.4%p, 거래대금 상위 57%, 추세 60",돌파확인,True,95.0,"돌파확인: 20일 +12.3%, 고점대비 +0.0%, MA20 이격 +11.0%, 거래대금 2.60배",70.06,RiskOn,관찰,관찰,20.35,연기금 10일 순매수 · 거래대금 대비 수급 양호 · 기관 동행 · 정배열 확인 전,추세훼손,제외,연기금 수급 65.7 · 주도성 75.7 · 돌파확인 · 공시 중립,관찰
신성델타테크,65350,KOSDAQ,분류안됨,분류안됨,24.94,26,51.8,0.72,상승장 (보수적 반영),32650.0,2.1909233176838905,0.346855964403863,0.0047470882071184,-0.0064035812739917,-0.0023660525047728,3,0,105.5,1.7,66.4,105.2,30.9,29.9,27.1,1.1,True,True,100.0,31450.0,31255.0,30942.5,0.0,8973.384976525822,29.47,9.51,0.0,0.35,1,50.0,0.0,중립,False,최근 중요 공시 신호 없음,0.0,1.1,대기,6.72,35.57,Medium,RiskOn,소형,0.0004,0.0004,-0.0019,0.2981,4,0.1901,0.1544,-0.0007,-0.0047,4,1,3.8155802861685295,12.586206896551722,0.0,2.1909233176838905,17.2,45.32,3.98,0.0,연기금,유지,"소형주 핵심 연기금, 외국인 59, 연기금 5, 투신·사모 0, 지속성 20",2.54,10.64,61.71,"시장대비 5일 +2.5%p·20일 +10.6%p, 거래대금 상위 13%, 추세 100",돌파대기,False,60.0,"돌파대기: 20일 +12.6%, 고점대비 +0.0%, MA20 이격 +5.5%, 거래대금 1.10배",30.78,RiskOn,관찰,관찰,18.9,연기금 10일 순매수,보유/관찰,제외,연기금 수급 0.0 · 주도성 61.7 · 돌파대기 · 공시 중립,관찰
티에프이,425420,KOSDAQ,분류안됨,분류안됨,35.12,38,43.8,-2.48,상승장 (보수적 반영),72100.0,-2.8301886792452824,1.1674518195007753,-0.1456355362485335,0.4276749275898358,0.6579377782346651,8,0,122.6,5.6,74.6,92.2,88.0,100.4,88.4,1.14,True,True,100.0,67420.0,63780.0,58825.0,0.0,8901.72641509434,0.0,0.0,0.0,0.35,1,50.0,0.0,중립,False,최근 중요 공시 신호 없음,0.0,-0.4,대기,0.0,29.29,Medium,RiskOn,소형,0.0183,-0.102,0.1427,0.7225,3,0.8478,1.2155,0.0919,0.1834,5,2,12.130637636080866,9.57446808510638,-2.8301886792452824,-2.8301886792452824,27.0,24.02,8.76,0.0,연기금,미확인,"소형주 핵심 연기금, 외국인 92, 연기금 0, 투신·사모 81, 지속성 40",10.85,7.63,74.89,"시장대비 5일 +10.8%p·20일 +7.6%p, 거래대금 상위 36%, 추세 100",눌림대기,False,50.0,"눌림대기: 20일 +9.6%, 고점대비 -2.8%, MA20 이격 +22.6%, 거래대금 1.14배",33.09,RiskOn,과열주의,관찰,18.46,기관 동행 · 이격/RSI 과열,익절/추격주의,제외,연기금 수급 0.0 · 주도성 74.9 · 눌림대기 · 공시 중립,관찰
씨엠티엑스,388210,KOSDAQ,분류안됨,분류안됨,27.07,34,42.2,-3.12,상승장 (보수적 반영),93500.0,-0.9533898305084776,-1.2002127823271804,0.3454271640853901,0.7085971061144948,0.4338880214255829,0,0,118.5,4.9,72.9,198.6,149.9,89.3,50.0,1.79,True,True,100.0,90120.0,85240.0,78900.0,0.0749,9026.117584745762,0.0,0.0,0.0,0.35,1,50.0,0.0,중립,False,최근 중요 공시 신호 없음,0.0,-0.4,대기,7.95,29.15,Medium,RiskOn,소형,-0.0,0.0888,1.431,0.5369,4,-0.9572,-1.3413,0.4059,0.3702,0,0,5.649717514124286,34.33908045977012,-0.9533898305084776,-0.9533898305084776,34.19,23.42,14.06,11.67,연기금,유지,"소형주 핵심 연기금, 외국인 0, 연기금 36, 투신·사모 94, 지속성 0",4.37,32.4,76.19,"시장대비 5일 +4.4%p·20일 +32.4%p, 거래대금 상위 26%, 추세 100",돌파대기,False,40.0,"돌파대기: 20일 +34.3%, 고점대비 -1.0%, MA20 이격 +18.5%, 거래대금 1.79배",37.14,RiskOn,과열주의,관찰,18.2,연기금 10일 순매수 · 거래대금 대비 수급 양호 · 기관 동행 · 이격/RSI 과열,익절/추격주의,제외,연기금 수급 11.7 · 주도성 76.2 · 돌파대기 · 공시 중립,관찰
한화엔진,82740,KOSPI,분류안됨,분류안됨,25.35,21,56.6,2.64,상승장 (보수적 반영),48600.0,0.2061855670103085,-0.8890509247311468,0.2510773087735535,0.5219087898177966,0.3153324669150384,0,3,100.4,3.8,56.4,50.0,174.8,311.2,377.7,0.82,False,False,60.0,48060.0,49135.0,48417.5,0.0,40554.44536082474,18.43,36.6,0.0,0.35,1,50.0,0.0,중립,False,최근 중요 공시 신호 없음,0.0,1.1,대기,-1.43,26.77,Medium,RiskOn,중형,0.0421,0.0613,0.1221,0.1993,2,0.3577,-0.3156,-0.0142,-0.0211,3,3,2.1008403361344463,8.846584546472558,-8.301886792452828,-8.301886792452828,22.78,64.6,12.68,38.31,연기금,유지,"중형주 핵심 연기금, 외국인 45, 연기금 45, 투신·사모 0, 지속성 60",0.82,6.9,55.23,"시장대비 5일 +0.8%p·20일 +6.9%p, 거래대금 상위 73%, 추세 60",눌림대기,False,66.67,"눌림대기: 20일 +8.8%, 고점대비 -8.3%, MA20 이격 +0.4%, 거래대금 0.82배",47.23,RiskOn,관찰,관찰,17.17,연기금 10일 순매수 · 대형 주도주 조건 · 기관 동행 · 정배열 확인 전,추세훼손,제외,연기금 수급 38.3 · 주도성 55.2 · 눌림대기 · 공시 중립,관찰
아시아나항공,20560,KOSPI,분류안됨,분류안됨,27.05,25,42.2,-3.12,상승장 (보수적 반영),8170.0,-3.084223013048637,0.2308080172253801,-0.0040228380537251,0.0054309770994357,0.0130268600531253,0,0,101.5,0.2,55.1,44.8,4.6,6.8,12.6,0.54,True,True,100.0,8364.0,8182.0,8046.0,1.0,16829.424673784106,-1.37,-34.48,0.0,0.35,1,50.0,0.0,중립,False,최근 중요 공시 신호 없음,0.0,-0.3,회피,-8.0,27.58,Medium,RiskOn,중형,-0.0067,-0.0153,-0.0148,-0.1443,2,-0.0083,0.067,0.0001,-0.0,1,1,-2.2727272727272707,6.2418725617685356,-4.107981220657275,-4.107981220657275,0.0,44.82,0.15,0.0,연기금,미확인,"중형주 핵심 연기금, 외국인 13, 연기금 0, 투신·사모 1, 지속성 20",-3.55,4.3,38.26,"시장대비 5일 -3.5%p·20일 +4.3%p, 거래대금 상위 5%, 추세 100",눌림대기,False,66.67,"눌림대기: 20일 +6.2%, 고점대비 -4.1%, MA20 이격 +1.5%, 거래대금 0.54배",22.61,RiskOn,관찰,관찰,16.79,추가 확인 필요,수급훼손,제외,연기금 수급 0.0 · 주도성 38.3 · 눌림대기 · 공시 중립,관찰
LIG디펜스앤에어로스페이스,79550,KOSPI,분류안됨,분류안됨,23.43,32,56.4,2.56,상승장 (보수적 반영),755000.0,4.281767955801108,0.1089023780854906,0.1400434437086092,0.142917730282962,0.0965649488260084,3,2,109.3,1.4,66.1,153.7,700.0,470.7,553.5,0.85,True,False,60.0,706400.0,710500.0,690850.0,0.2528,166100.0,52.22,19.2,0.0,0.35,1,50.0,0.0,중립,False,최근 중요 공시 신호 없음,0.0,0.0,대기,8.0,28.15,Medium,RiskOn,대형,0.0593,0.1333,0.2763,0.3639,2,0.0555,0.0706,0.0177,0.0165,4,2,9.104046242774565,15.267175572519086,0.0,1.4784946236559238,33.45,65.96,12.82,44.86,외국인,유지,"대형주 핵심 외국인, 외국인 26, 연기금 61, 투신·사모 42, 지속성 80",7.83,13.33,84.9,"시장대비 5일 +7.8%p·20일 +13.3%p, 거래대금 상위 81%, 추세 60",돌파대기,False,60.0,"돌파대기: 20일 +15.3%, 고점대비 +0.0%, MA20 이격 +9.3%, 거래대금 0.85배",59.54,RiskOn,관찰,관찰,16.4,연기금 10일 순매수 · 거래대금 대비 수급 양호 · 대형 주도주 조건 · 기관 동행 · 정배열 확인 전,추세훼손,제외,외국인 수급 44.9 · 주도성 84.9 · 돌파대기 · 공시 중립,관찰
지역난방공사,71320,KOSPI,분류안됨,분류안됨,24.03,28,43.2,-2.72,상승장 (보수적 반영),79200.0,1.1494252873563315,-0.3082809397749834,-0.0223338799560796,0.1631287730882618,0.0472630448679381,1,1,103.6,0.6,61.1,56.3,8.0,10.9,9.7,1.12,True,True,100.0,78920.0,77860.0,76470.0,0.2261,9170.206896551725,0.0,0.0,0.0,0.35,1,50.0,0.0,중립,False,최근 중요 공시 신호 없음,0.0,-0.3,회피,2.23,28.27,Medium,RiskOn,소형,-0.0193,-0.0232,0.1229,-0.2834,3,-0.0689,-0.224,0.028,-0.0042,2,2,1.278772378516635,6.594885598923295,-0.12610340479193294,-0.12610340479193294,0.0,40.78,2.1,0.0,연기금,미확인,"소형주 핵심 연기금, 외국인 0, 연기금 0, 투신·사모 33, 지속성 40",0.0,4.65,43.13,"시장대비 5일 +0.0%p·20일 +4.7%p, 거래대금 상위 2%, 추세 100",돌파대기,False,40.0,"돌파대기: 20일 +6.6%, 고점대비 -0.1%, MA20 이격 +3.6%, 거래대금 1.12배",20.42,RiskOn,관찰,관찰,16.05,추가 확인 필요,수급훼손,제외,연기금 수급 0.0 · 주도성 43.1 · 돌파대기 · 공시 중립,관찰
SK아이이테크놀로지,361610,KOSPI,분류안됨,분류안됨,17.4,21,44.0,-2.4,상승장 (보수적 반영),17580.0,8.317929759704246,1.024535833941843,0.0730884172682772,0.1365059547070642,0.0227637211649862,1,2,105.7,2.7,56.7,146.0,111.8,76.4,96.4,0.79,True,True,100.0,17248.0,16756.0,16624.5,0.0,14378.121996303142,-0.9,-8.58,0.0,0.35,1,50.0,0.0,중립,False,최근 중요 공시 신호 없음,0.0,1.1,대기,5.36,37.1,Low,RiskOn,중형,0.0389,0.0374,0.0666,0.1509,3,0.0651,0.3361,0.0279,0.0018,3,4,2.3878858474082776,10.914826498422702,-3.671232876712327,-3.671232876712327,0.0,50.56,4.59,19.59,연기금,유지,"중형주 핵심 연기금, 외국인 53, 연기금 43, 투신·사모 36, 지속성 80",1.11,8.97,60.34,"시장대비 5일 +1.1%p·20일 +9.0%p, 거래대금 상위 38%, 추세 100",눌림대기,False,83.33,"눌림대기: 20일 +10.9%, 고점대비 -3.7%, MA20 이격 +5.7%, 거래대금 0.79배",41.83,RiskOn,관찰,관찰,15.88,연기금 10일 순매수,보유/관찰,제외,연기금 수급 19.6 · 주도성 60.3 · 눌림대기 · 공시 중립,관찰
F&F,383220,KOSPI,분류안됨,분류안됨,19.32,17,58.0,3.2,상승장 (보수적 반영),69200.0,0.0,-0.1439418892409838,0.195318088878829,-0.0139585332729741,0.0072833748302399,0,1,102.5,0.4,59.0,60.6,16.8,22.7,33.5,0.68,True,True,100.0,69280.0,68930.0,67495.0,0.1162,26508.0,4.77,23.16,0.0,0.35,1,50.0,0.0,중립,False,최근 중요 공시 신호 없음,0.0,-0.3,회피,1.36,27.68,Medium,RiskOn,중형,-0.018,-0.0266,0.0443,0.2101,3,0.0556,-0.0014,0.0193,-0.0025,3,4,2.0648967551622377,2.215657311669128,-0.8595988538681931,-0.8595988538681931,3.62,50.98,3.18,0.0,연기금,미확인,"중형주 핵심 연기금, 외국인 19, 연기금 0, 투신·사모 29, 지속성 80",0.79,0.27,41.21,"시장대비 5일 +0.8%p·20일 +0.3%p, 거래대금 상위 19%, 추세 100",조건미충족,False,0.0,"조건미충족: 20일 +2.2%, 고점대비 -0.9%, MA20 이격 +2.5%, 거래대금 0.68배",15.22,RiskOn,관찰,관찰,15.87,추가 확인 필요,수급훼손,제외,연기금 수급 0.0 · 주도성 41.2 · 조건미충족 · 공시 중립,관찰
씨어스,458870,KOSDAQ,분류안됨,분류안됨,20.16,18,55.8,2.32,상승장 (보수적 반영),26700.0,2.49520153550864,-0.8642887541360494,0.0731796080015119,0.1868945098068993,-0.3368551378508142,0,2,110.4,3.8,71.4,83.9,60.7,78.7,46.2,1.7,True,True,100.0,26370.0,25575.0,24192.5,0.0,10237.220729366603,21.14,52.78,0.0,0.35,1,50.0,0.0,중립,False,최근 중요 공시 신호 없음,0.0,0.0,대기,0.37,27.72,Medium,RiskOn,중형,0.0877,0.0756,-0.3968,-1.1403,1,-0.2057,-0.417,-0.0995,-0.4,2,3,6.586826347305386,28.67469879518072,-4.1292639138240546,-4.1292639138240546,0.0,41.15,4.44,2.58,연기금,유지,"중형주 핵심 연기금, 외국인 0, 연기금 59, 투신·사모 0, 지속성 60",5.31,26.73,78.37,"시장대비 5일 +5.3%p·20일 +26.7%p, 거래대금 상위 25%, 추세 100",눌림대기,False,50.0,"눌림대기: 20일 +28.7%, 고점대비 -4.1%, MA20 이격 +10.4%, 거래대금 1.70배",36.67,RiskOn,관찰,관찰,15.85,연기금 10일 순매수,보유/관찰,제외,연기금 수급 2.6 · 주도성 78.4 · 눌림대기 · 공시 중립,관찰
루닛,328130,KOSDAQ,분류안됨,분류안됨,24.5,25,42.2,-3.12,상승장 (보수적 반영),10580.0,-4.684684684684681,-2.4679171180783666,-0.072271175225132,0.3329041330905268,-0.2743847742251449,0,0,112.0,12.7,59.7,29.9,56.4,200.6,88.8,2.26,True,True,100.0,11208.0,10294.0,9448.5,0.0,7876.857657657658,0.0,0.0,0.0,0.35,1,50.0,0.0,중립,False,최근 중요 공시 신호 없음,0.0,0.6,대기,-4.71,29.96,Medium,RiskOn,소형,-0.1202,0.0933,-0.0341,-0.7262,1,-0.8191,-1.8995,0.0244,-0.3133,1,1,7.8491335372069315,22.4537037037037,-10.33898305084746,-10.33898305084746,0.0,41.33,0.94,0.0,연기금,미확인,"소형주 핵심 연기금, 외국인 0, 연기금 0, 투신·사모 0, 지속성 20",6.57,20.51,80.71,"시장대비 5일 +6.6%p·20일 +20.5%p, 거래대금 상위 36%, 추세 100",눌림대기,False,33.33,"눌림대기: 20일 +22.5%, 고점대비 -10.3%, MA20 이격 +12.0%, 거래대금 2.26배",32.47,RiskOn,관찰,관찰,15.42,연기금 10일 순매수,보유/관찰,제외,연기금 수급 0.0 · 주도성 80.7 · 눌림대기 · 공시 중립,관찰
하이젠알앤엠,160190,KOSDAQ,분류안됨,분류안됨,23.74,28,42.4,-3.04,상승장 (보수적 반영),28850.0,1.050788091068311,-1.5177909319836962,0.0,1.8046627318353468,-0.0200291089735702,1,0,115.8,2.0,72.6,74.9,30.6,36.0,102.0,0.35,True,True,100.0,28710.0,28305.0,24920.0,0.0,8910.658493870404,0.0,0.0,0.0,0.35,1,50.0,0.0,중립,False,최근 중요 공시 신호 없음,0.0,-1.0,대기,0.51,27.89,Medium,RiskOn,소형,0.0,0.0,0.7431,0.0299,3,0.0685,-0.6422,0.0,0.0,3,0,-1.8707482993197244,66.47432198499712,-3.350083752093802,-3.350083752093802,0.0,31.14,4.55,0.0,연기금,미확인,"소형주 핵심 연기금, 외국인 0, 연기금 0, 투신·사모 0, 지속성 0",-3.15,64.53,63.11,"시장대비 5일 -3.1%p·20일 +64.5%p, 거래대금 상위 41%, 추세 100",눌림대기,False,33.33,"눌림대기: 20일 +66.5%, 고점대비 -3.4%, MA20 이격 +15.8%, 거래대금 0.35배",26.33,RiskOn,과열주의,관찰,15.42,이격/RSI 과열,익절/추격주의,제외,연기금 수급 0.0 · 주도성 63.1 · 눌림대기 · 공시 중립,관찰
LG에너지솔루션,373220,KOSPI,분류안됨,분류안됨,15.01,21,44.8,-2.08,상승장 (보수적 반영),369000.0,2.3578363384188616,-0.014456984689505,0.0061126774836124,0.1210455325087439,0.0083819418386491,1,3,102.5,0.5,52.9,88.7,760.0,825.0,1009.2,0.82,True,False,60.0,360600.0,358600.0,360050.0,0.0,863460.0,-50.74,-5.19,0.0,0.35,1,50.0,0.0,중립,False,최근 중요 공시 신호 없음,0.0,-0.3,회피,8.0,27.99,Low,RiskOn,대형,0.0256,-0.0194,-0.0142,0.4639,4,0.0144,-0.0057,0.028,-0.0065,2,4,4.97866287339972,6.187050359712232,-0.5390835579514808,-0.5390835579514808,47.42,76.71,15.33,19.03,외국인,유지,"대형주 핵심 외국인, 외국인 7, 연기금 21, 투신·사모 32, 지속성 40",3.7,4.25,61.47,"시장대비 5일 +3.7%p·20일 +4.2%p, 거래대금 상위 91%, 추세 60",돌파대기,False,40.0,"돌파대기: 20일 +6.2%, 고점대비 -0.5%, MA20 이격 +2.5%, 거래대금 0.82배",35.56,RiskOn,관찰,관찰,15.37,거래대금 대비 수급 양호 · 대형 주도주 조건 · 기관 동행 · 정배열 확인 전,추세훼손,제외,외국인 수급 19.0 · 주도성 61.5 · 돌파대기 · 공시 중립,관찰
안랩,53800,KOSDAQ,분류안됨,분류안됨,13.86,14,44.2,-2.32,상승장 (보수적 반영),76900.0,-1.1568123393316143,1.6283510836384,1.2078059554442118,0.1346847363404954,0.1826088955637707,12,0,116.5,3.4,86.1,47.4,33.8,57.8,55.8,1.04,True,True,100.0,76280.0,72920.0,66005.0,0.1045,8555.866323907456,0.0,0.0,0.0,0.35,1,50.0,0.0,중립,False,최근 중요 공시 신호 없음,0.0,-1.0,대기,-7.41,26.93,Low,RiskOn,소형,0.2285,0.7604,0.8836,0.8999,5,0.4956,1.8602,0.0818,0.0288,5,4,3.499327052489898,32.35800344234079,-1.1568123393316143,-1.1568123393316143,35.81,20.2,20.24,52.15,연기금,유지,"소형주 핵심 연기금, 외국인 91, 연기금 93, 투신·사모 59, 지속성 80",2.22,30.42,71.14,"시장대비 5일 +2.2%p·20일 +30.4%p, 거래대금 상위 28%, 추세 100",눌림대기,False,33.33,"눌림대기: 20일 +32.4%, 고점대비 -1.2%, MA20 이격 +16.5%, 거래대금 1.04배",52.79,RiskOn,과열주의,관찰,15.27,연기금 10일 순매수 · 거래대금 대비 수급 양호 · 기관 동행 · 이격/RSI 과열,익절/추격주의,제외,연기금 수급 52.1 · 주도성 71.1 · 눌림대기 · 공시 중립,관찰
에스앤에스텍,101490,KOSDAQ,분류안됨,분류안됨,24.97,38,56.16,2.46,상승장 (보수적 반영),53300.0,2.303262955854124,0.0209932274051174,-0.0547784521533785,-2.9642784092537595,0.0915413021886992,0,2,124.1,7.3,77.9,170.5,251.0,165.8,117.1,1.42,True,True,100.0,47710.0,45190.0,42932.5,0.0,11371.007677543186,14.79,21.24,0.0,0.35,1,50.0,0.0,중립,False,최근 중요 공시 신호 없음,0.0,-0.4,대기,8.0,32.38,Medium,RiskOn,중형,0.0265,-0.0475,0.1247,-0.6028,1,-1.552,-1.8769,0.07,0.0588,1,3,20.861678004535158,32.258064516129025,0.0,2.303262955854124,4.0,23.9,4.45,26.64,연기금,유지,"중형주 핵심 연기금, 외국인 0, 연기금 11, 투신·사모 66, 지속성 60",19.58,30.32,88.66,"시장대비 5일 +19.6%p·20일 +30.3%p, 거래대금 상위 43%, 추세 100",돌파대기,False,60.0,"돌파대기: 20일 +32.3%, 고점대비 +0.0%, MA20 이격 +24.1%, 거래대금 1.42배",52.64,RiskOn,과열주의,관찰,14.89,이격/RSI 과열,익절/추격주의,제외,연기금 수급 26.6 · 주도성 88.7 · 돌파대기 · 공시 중립,관찰
에코프로,86520,KOSDAQ,분류안됨,분류안됨,16.64,37,47.8,-0.88,상승장 (보수적 반영),88800.0,4.347826086956519,-0.0353661974771734,0.0208151368514431,0.1943690472326799,-0.0952089001038556,3,0,107.5,2.6,62.9,181.3,954.2,620.6,468.6,1.32,True,False,60.0,83040.0,81870.0,82630.0,0.0,120568.6956521739,83.88,-8.39,0.0,0.35,1,50.0,0.0,중립,False,최근 중요 공시 신호 없음,0.0,0.0,대기,8.0,25.97,Medium,RiskOn,대형,0.004,-0.0145,-0.1064,0.7126,4,0.3899,0.2999,0.0346,0.0434,4,3,10.861423220973787,8.292682926829276,0.0,2.1864211737629535,58.93,73.4,13.4,54.17,외국인,유지,"대형주 핵심 외국인, 외국인 76, 연기금 0, 투신·사모 54, 지속성 80",9.58,6.35,73.04,"시장대비 5일 +9.6%p·20일 +6.3%p, 거래대금 상위 77%, 추세 60",돌파대기,False,80.0,"돌파대기: 20일 +8.3%, 고점대비 +0.0%, MA20 이격 +7.5%, 거래대금 1.32배",61.72,RiskOn,관찰,관찰,14.14,거래대금 대비 수급 양호 · 대형 주도주 조건 · 기관 동행 · 정배열 확인 전,추세훼손,제외,외국인 수급 54.2 · 주도성 73.0 · 돌파대기 · 공시 중립,관찰
에코프로비엠,247540,KOSDAQ,분류안됨,분류안됨,16.95,16,47.8,-0.88,상승장 (보수적 반영),115400.0,0.6102877070619073,0.2091402693577695,0.0192826536359214,0.1736626391236168,-0.2366164963468565,3,0,106.9,2.0,58.3,81.9,374.7,447.7,374.0,1.2,True,False,60.0,111320.0,107690.0,107990.0,0.0,112895.80993897124,265.55,2.29,0.0,0.35,1,50.0,0.0,중립,False,최근 중요 공시 신호 없음,0.0,0.0,대기,-4.27,33.71,Low,RiskOn,대형,0.0098,0.0122,0.1853,0.8009,4,0.103,0.3225,0.1976,0.0065,4,4,9.904761904761905,8.561698604878698,-2.780117944397642,-2.780117944397642,55.3,71.82,13.12,54.43,외국인,유지,"대형주 핵심 외국인, 외국인 58, 연기금 21, 투신·사모 74, 지속성 80",8.63,6.62,72.5,"시장대비 5일 +8.6%p·20일 +6.6%p, 거래대금 상위 72%, 추세 60",눌림대기,False,66.67,"눌림대기: 20일 +8.6%, 고점대비 -2.8%, MA20 이격 +6.9%, 거래대금 1.20배",59.65,RiskOn,관찰,관찰,13.83,연기금 10일 순매수 · 거래대금 대비 수급 양호 · 대형 주도주 조건 · 기관 동행 · 정배열 확인 전,추세훼손,제외,외국인 수급 54.4 · 주도성 72.5 · 눌림대기 · 공시 중립,관찰
스피어,347700,KOSDAQ,분류안됨,분류안됨,41.85,51,45.66,-1.74,상승장 (보수적 반영),24700.0,7.625272331154687,-1.246394128208094,0.3416262022299886,0.0754410600727451,0.2646177164756556,4,1,115.1,10.1,69.9,205.7,536.2,257.6,268.8,0.96,True,False,60.0,22640.0,23025.0,21459.5,0.3112,12733.145969498912,-105.41,0.43,0.0,0.35,1,50.0,0.0,중립,False,최근 중요 공시 신호 없음,0.0,-0.4,대기,8.0,27.03,High,RiskOn,중형,0.1971,0.2061,0.7292,0.1128,3,0.5269,-0.8941,0.1747,-0.3972,4,1,6.008583690987135,27.912998446400827,0.0,2.2774327122153215,24.6,26.53,12.32,41.46,연기금,유지,"중형주 핵심 연기금, 외국인 24, 연기금 81, 투신·사모 0, 지속성 20",4.73,25.97,76.43,"시장대비 5일 +4.7%p·20일 +26.0%p, 거래대금 상위 63%, 추세 60",돌파대기,False,40.0,"돌파대기: 20일 +27.9%, 고점대비 +0.0%, MA20 이격 +15.1%, 거래대금 0.96배",50.97,RiskOn,과열주의,관찰,13.35,연기금 10일 순매수 · 기관 동행 · 이격/RSI 과열,추세훼손,제외,연기금 수급 41.5 · 주도성 76.4 · 돌파대기 · 공시 중립,관찰
대한전선,1440,KOSPI,분류안됨,전력망;전선,31.87,47,45.24,-1.9,상승장 (보수적 반영),31550.0,4.643449419568824,-1.557725065036411,-0.1474482710448396,0.0464135855999694,0.0379013799594764,1,1,107.1,5.5,63.4,153.6,1054.5,678.6,799.6,0.85,True,False,60.0,30150.0,30275.0,29445.0,0.0,61834.86069651741,0.0,0.0,0.0,0.35,1,50.0,0.0,중립,False,최근 중요 공시 신호 없음,0.0,0.6,대기,8.0,30.52,High,RiskOn,중형,0.0267,-0.0679,-0.0288,-0.2125,1,-0.6584,-1.131,0.011,0.0166,1,3,1.938610662358653,14.519056261343021,-0.15822784810126667,-0.15822784810126667,4.0,65.85,2.68,0.0,연기금,미확인,"중형주 핵심 연기금, 외국인 0, 연기금 0, 투신·사모 36, 지속성 60",0.66,12.58,66.88,"시장대비 5일 +0.7%p·20일 +12.6%p, 거래대금 상위 86%, 추세 60",돌파대기,False,40.0,"돌파대기: 20일 +14.5%, 고점대비 -0.2%, MA20 이격 +7.1%, 거래대금 0.85배",28.93,RiskOn,관찰,관찰,12.65,대형 주도주 조건 · 정배열 확인 전,추세훼손,제외,연기금 수급 0.0 · 주도성 66.9 · 돌파대기 · 공시 중립,관찰
코미코,183300,KOSDAQ,분류안됨,분류안됨,17.07,15,54.2,1.68,상승장 (보수적 반영),34250.0,-4.06162464985994,1.5129743086712273,0.1940904774381855,-2.6471153638409066,0.473602383297665,0,0,116.0,4.3,70.7,95.8,144.2,150.0,167.8,0.89,True,True,100.0,33620.0,32265.0,29527.5,0.0,17591.26050420168,46.47,18.52,0.0,0.35,1,50.0,0.0,중립,False,최근 중요 공시 신호 없음,0.0,-0.4,대기,-1.83,26.26,Low,RiskOn,중형,-0.0207,0.1121,0.1391,-0.2969,1,0.0118,0.034,-0.3564,0.088,2,3,7.704402515723263,29.98102466793169,-4.06162464985994,-4.06162464985994,0.0,42.71,3.06,26.13,연기금,유지,"중형주 핵심 연기금, 외국인 14, 연기금 34, 투신·사모 0, 지속성 60",6.43,28.04,86.65,"시장대비 5일 +6.4%p·20일 +28.0%p, 거래대금 상위 53%, 추세 100",눌림대기,False,66.67,"눌림대기: 20일 +30.0%, 고점대비 -4.1%, MA20 이격 +16.0%, 거래대금 0.89배",52.51,RiskOn,과열주의,관찰,12.14,연기금 10일 순매수 · 이격/RSI 과열,익절/추격주의,제외,연기금 수급 26.1 · 주도성 86.7 · 눌림대기 · 공시 중립,관찰
포스코인터내셔널,47050,KOSPI,분류안됨,분류안됨,20.99,18,56.8,2.72,상승장 (보수적 반영),56400.0,1.9891500904159145,-0.892599011003351,0.3996648103437404,0.3108933040160937,0.0576646921780963,1,3,100.4,1.5,52.2,77.4,225.9,292.2,1325.7,0.22,False,False,60.0,55980.0,56480.0,56165.0,0.2137,99220.14466546112,12.17,9.27,0.0,0.35,1,50.0,0.0,중립,False,최근 중요 공시 신호 없음,0.0,1.1,대기,1.93,21.27,Medium,RiskOn,대형,0.0102,0.1959,0.3604,-0.0015,3,-0.1126,-0.5237,0.0501,-0.006,3,4,1.9891500904159143,6.015037593984962,-2.758620689655178,-2.758620689655178,2.0,68.4,8.73,0.0,외국인,미확인,"대형주 핵심 외국인, 외국인 0, 연기금 54, 투신·사모 45, 지속성 60",0.71,4.07,54.46,"시장대비 5일 +0.7%p·20일 +4.1%p, 거래대금 상위 95%, 추세 60",눌림대기,False,50.0,"눌림대기: 20일 +6.0%, 고점대비 -2.8%, MA20 이격 +0.4%, 거래대금 0.22배",27.24,RiskOn,관찰,관찰,11.89,연기금 10일 순매수 · 대형 주도주 조건 · 기관 동행 · 정배열 확인 전,추세훼손,제외,외국인 수급 0.0 · 주도성 54.5 · 눌림대기 · 공시 중립,관찰
SK디스커버리,6120,KOSPI,분류안됨,분류안됨,11.81,15,42.4,-3.04,상승장 (보수적 반영),65100.0,-1.8099547511312264,-0.0071847218956876,0.0905201494053523,-0.0251841279465445,-0.0013721104553809,1,0,110.9,1.3,73.5,102.1,30.4,29.1,17.1,1.7,True,True,100.0,65040.0,61200.0,58695.0,0.0,11336.0407239819,0.0,0.0,0.0,0.35,1,50.0,0.0,중립,False,최근 중요 공시 신호 없음,0.0,0.0,대기,0.36,25.11,Low,RiskOn,중형,0.0186,0.0298,-0.0037,0.4165,3,0.1394,0.1378,-0.0253,-0.0001,3,3,7.9601990049751326,18.579234972677593,-1.8099547511312264,-1.8099547511312264,24.75,36.81,6.04,4.54,연기금,유지,"중형주 핵심 연기금, 외국인 48, 연기금 34, 투신·사모 0, 지속성 60",6.68,16.64,78.34,"시장대비 5일 +6.7%p·20일 +16.6%p, 거래대금 상위 8%, 추세 100",눌림대기,False,16.67,"눌림대기: 20일 +18.6%, 고점대비 -1.8%, MA20 이격 +10.9%, 거래대금 1.70배",31.2,RiskOn,관찰,관찰,11.67,연기금 10일 순매수,보유/관찰,제외,연기금 수급 4.5 · 주도성 78.3 · 눌림대기 · 공시 중립,관찰
SNT다이내믹스,3570,KOSPI,분류안됨,분류안됨,15.52,19,43.2,-2.72,상승장 (보수적 반영),32450.0,6.568144499178974,-0.9791665461165326,0.0746333699480682,0.3864669166923472,0.0390773575072761,1,1,112.8,4.2,65.1,80.4,68.9,91.1,30.5,2.99,True,True,100.0,30920.0,29200.0,28765.0,0.3262,10790.024630541871,0.0,0.0,0.0,0.35,1,50.0,0.0,중립,False,최근 중요 공시 신호 없음,0.0,-0.4,대기,0.83,26.52,Low,RiskOn,중형,0.1772,0.1659,0.4929,0.4009,3,-0.7172,-0.8647,0.2528,0.0419,2,4,24.568138195777344,15.275310834813505,0.0,4.677419354838719,23.82,42.72,10.47,29.71,연기금,유지,"중형주 핵심 연기금, 외국인 0, 연기금 78, 투신·사모 83, 지속성 80",23.29,13.33,80.23,"시장대비 5일 +23.3%p·20일 +13.3%p, 거래대금 상위 15%, 추세 100",돌파대기,False,60.0,"돌파대기: 20일 +15.3%, 고점대비 +0.0%, MA20 이격 +12.8%, 거래대금 2.99배",49.77,RiskOn,과열주의,관찰,11.54,연기금 10일 순매수 · 기관 동행 · 이격/RSI 과열,익절/추격주의,제외,연기금 수급 29.7 · 주도성 80.2 · 돌파대기 · 공시 중립,관찰
쎄트렉아이,99320,KOSDAQ,분류안됨,분류안됨,14.74,16,43.0,-2.8,상승장 (보수적 반영),81800.0,3.675538656527255,-0.6448114757793398,0.1135440965430589,0.0285270445785791,-0.0012756589581635,0,1,109.6,3.1,70.2,138.5,70.0,55.1,36.6,1.51,True,True,100.0,79000.0,78240.0,74645.0,0.0,8957.566539923955,0.0,0.0,0.0,0.35,1,50.0,0.0,중립,False,최근 중요 공시 신호 없음,0.0,0.0,대기,-3.59,31.76,Low,RiskOn,소형,0.061,0.1102,0.1791,-0.0464,3,-0.159,-0.6253,0.0096,-0.01,1,3,5.006418485237485,17.52873563218391,0.0,2.2499999999999964,0.0,39.26,3.17,7.42,연기금,유지,"소형주 핵심 연기금, 외국인 0, 연기금 57, 투신·사모 0, 지속성 60",3.73,15.59,73.43,"시장대비 5일 +3.7%p·20일 +15.6%p, 거래대금 상위 21%, 추세 100",돌파대기,False,80.0,"돌파대기: 20일 +17.5%, 고점대비 +0.0%, MA20 이격 +9.6%, 거래대금 1.51배",40.34,RiskOn,관찰,관찰,11.33,연기금 10일 순매수,보유/관찰,제외,연기금 수급 7.4 · 주도성 73.4 · 돌파대기 · 공시 중립,관찰
롯데리츠,330590,KOSPI,분류안됨,분류안됨,17.49,20,42.2,-3.12,상승장 (보수적 반영),4065.0,-1.57384987893463,-0.1016792340065934,0.0019068106556128,-0.0315606850397563,0.016616717853277,0,0,101.7,0.3,61.3,89.7,6.1,6.5,5.9,1.1,True,True,100.0,4114.0,4076.5,3999.0,0.0,11746.17675544794,0.0,0.0,0.0,0.35,1,50.0,0.0,중립,False,최근 중요 공시 신호 없음,0.0,-0.3,회피,-2.11,25.64,Low,RiskOn,중형,0.0,0.0011,-0.0036,-0.5705,0,-0.0307,-0.0805,-0.0099,-0.0035,1,0,-1.8115942028985477,5.310880829015541,-2.166064981949456,-2.166064981949456,0.0,42.05,0.04,0.0,연기금,유지,"중형주 핵심 연기금, 외국인 0, 연기금 3, 투신·사모 0, 지속성 0",-3.09,3.37,35.84,"시장대비 5일 -3.1%p·20일 +3.4%p, 거래대금 상위 1%, 추세 100",눌림대기,False,83.33,"눌림대기: 20일 +5.3%, 고점대비 -2.2%, MA20 이격 +1.7%, 거래대금 1.10배",24.26,RiskOn,관찰,관찰,10.71,연기금 10일 순매수,보유/관찰,제외,연기금 수급 0.0 · 주도성 35.8 · 눌림대기 · 공시 중립,관찰
SK하이닉스,660,KOSPI,분류안됨,분류안됨,28.4,26,58.0,3.2,상승장 (보수적 반영),1841000.0,0.4364429896344779,-0.8284595307463396,-0.0059387528988615,-0.0880266163051076,0.0037600115179386,0,1,103.3,1.8,64.8,66.2,35756.2,48942.7,56721.0,0.86,True,False,60.0,1796600.0,1815500.0,1782050.0,0.0,13448364.388979817,8.26,44.15,0.0,0.35,1,50.0,0.0,중립,False,최근 중요 공시 신호 없음,0.0,1.1,대기,4.43,25.31,Medium,RiskOn,대형,0.002,-0.0017,0.0006,-0.393,0,-0.3253,-0.4845,-0.006,0.0009,0,3,-1.1278195488721776,14.135151890886544,-1.4453961456102782,-1.4453961456102782,0.0,71.96,1.52,0.0,외국인,미확인,"대형주 핵심 외국인, 외국인 0, 연기금 8, 투신·사모 0, 지속성 0",-2.41,12.19,62.32,"시장대비 5일 -2.4%p·20일 +12.2%p, 거래대금 상위 100%, 추세 60",눌림대기,False,66.67,"눌림대기: 20일 +14.1%, 고점대비 -1.4%, MA20 이격 +3.3%, 거래대금 0.86배",32.61,RiskOn,관찰,관찰,10.63,대형 주도주 조건 · 정배열 확인 전,추세훼손,제외,외국인 수급 0.0 · 주도성 62.3 · 눌림대기 · 공시 중립,관찰
큐리언트,115180,KOSDAQ,분류안됨,분류안됨,15.76,19,42.2,-3.12,상승장 (보수적 반영),24650.0,0.0,0.2155416450497189,-0.0272230328577604,0.4052945092952875,0.1471243352788586,0,0,109.6,1.1,65.5,67.0,14.1,20.7,34.4,0.6,True,True,100.0,23070.0,22645.0,22490.0,0.0,9252.0,-20.97,-71.44,0.0,0.35,1,50.0,0.0,중립,False,최근 중요 공시 신호 없음,0.0,-1.4,회피,-2.98,24.71,Low,RiskOn,소형,0.0,0.0,0.1155,0.2522,3,0.1941,0.228,-0.0098,0.0065,3,0,9.07079646017699,20.243902439024385,-4.27184466019418,-4.27184466019418,0.0,39.37,1.28,0.0,연기금,미확인,"소형주 핵심 연기금, 외국인 63, 연기금 0, 투신·사모 0, 지속성 0",7.79,18.3,83.37,"시장대비 5일 +7.8%p·20일 +18.3%p, 거래대금 상위 19%, 추세 100",눌림대기,False,66.67,"눌림대기: 20일 +20.2%, 고점대비 -4.3%, MA20 이격 +9.6%, 거래대금 0.60배",38.4,RiskOn,관찰,관찰,10.33,추가 확인 필요,보유/관찰,제외,연기금 수급 0.0 · 주도성 83.4 · 눌림대기 · 공시 중립,관찰
기가비스,420770,KOSDAQ,분류안됨,분류안됨,16.12,17,48.0,-0.8,상승장 (보수적 반영),129300.0,-3.723008190618016,0.4680777447181578,-0.2849996088909145,0.0958334697894514,0.0299292114817226,4,0,117.6,4.5,67.4,102.6,149.1,147.3,165.2,0.89,True,True,100.0,129120.0,121120.0,109935.0,0.0,16389.232315711095,58.97,7.42,0.0,0.35,1,50.0,0.0,중립,False,최근 중요 공시 신호 없음,0.0,-0.4,대기,-0.76,24.82,Low,RiskOn,중형,-0.1305,0.161,0.2238,-0.4372,1,0.0968,-0.1886,-0.2688,-0.0898,4,1,5.0365556458163985,26.392961876832842,-3.7230081906180157,-3.7230081906180157,0.0,41.92,1.54,0.0,연기금,미확인,"중형주 핵심 연기금, 외국인 2, 연기금 0, 투신·사모 0, 지속성 20",3.76,24.45,79.84,"시장대비 5일 +3.8%p·20일 +24.4%p, 거래대금 상위 52%, 추세 100",눌림대기,False,66.67,"눌림대기: 20일 +26.4%, 고점대비 -3.7%, MA20 이격 +17.6%, 거래대금 0.89배",37.74,RiskOn,과열주의,관찰,10.17,연기금 10일 순매수 · 이격/RSI 과열,익절/추격주의,제외,연기금 수급 0.0 · 주도성 79.8 · 눌림대기 · 공시 중립,관찰
카카오게임즈,293490,KOSDAQ,분류안됨,분류안됨,15.12,16,42.8,-2.88,상승장 (보수적 반영),10120.0,1.70854271356784,0.3397324694383898,0.0453792371264252,-0.2548465533455422,-0.0994998018970545,3,0,108.7,2.0,64.2,147.9,57.1,42.7,30.0,1.42,True,True,100.0,9682.0,9399.0,9309.0,0.0,10802.46432160804,-6.39,-7.93,0.0,0.35,1,50.0,0.0,중립,False,최근 중요 공시 신호 없음,0.0,0.0,대기,-4.67,21.15,Low,RiskOn,중형,0.0094,0.0094,-0.4361,0.1426,2,0.5062,0.5195,-0.3087,0.0858,4,3,12.195121951219523,12.195121951219523,0.0,1.70854271356784,2.91,39.66,1.09,7.27,연기금,유지,"중형주 핵심 연기금, 외국인 83, 연기금 19, 투신·사모 0, 지속성 60",10.92,10.25,74.99,"시장대비 5일 +10.9%p·20일 +10.2%p, 거래대금 상위 15%, 추세 100",돌파대기,False,80.0,"돌파대기: 20일 +12.2%, 고점대비 +0.0%, MA20 이격 +8.7%, 거래대금 1.42배",40.8,RiskOn,관찰,관찰,9.84,연기금 10일 순매수,보유/관찰,제외,연기금 수급 7.3 · 주도성 75.0 · 돌파대기 · 공시 중립,관찰
한샘,9240,KOSPI,분류안됨,분류안됨,13.76,21,43.0,-2.8,상승장 (보수적 반영),39300.0,0.7692307692307665,-0.3851214075643881,-0.0223156856172826,0.0023919620266851,-0.0164726174772397,0,1,100.6,0.6,63.8,81.9,8.9,11.1,10.1,1.1,True,True,100.0,39650.0,39500.0,39075.0,0.0,9248.6,0.0,0.0,0.0,0.35,1,50.0,0.0,중립,False,최근 중요 공시 신호 없음,0.0,-0.3,회피,8.0,23.24,Low,RiskOn,소형,0.0072,0.0088,0.0086,-0.3005,1,-0.0749,-0.2042,0.0048,-0.0074,1,3,-1.2562814070351758,4.1059602649006655,-3.5582822085889587,-3.5582822085889587,0.0,40.93,1.6,0.0,연기금,유지,"소형주 핵심 연기금, 외국인 0, 연기금 17, 투신·사모 0, 지속성 60",-2.54,2.16,34.09,"시장대비 5일 -2.5%p·20일 +2.2%p, 거래대금 상위 2%, 추세 100",눌림대기,False,83.33,"눌림대기: 20일 +4.1%, 고점대비 -3.6%, MA20 이격 +0.6%, 거래대금 1.10배",23.73,RiskOn,관찰,관찰,9.69,연기금 10일 순매수,보유/관찰,제외,연기금 수급 0.0 · 주도성 34.1 · 눌림대기 · 공시 중립,관찰
미래에셋벤처투자,100790,KOSDAQ,분류안됨,분류안됨,15.37,15,51.2,0.48,상승장 (보수적 반영),17980.0,-0.0555864369093939,0.020837593759123,-0.014876079882256,-0.0058621011451261,0.0079315478351137,0,0,108.5,3.4,70.7,111.9,76.7,64.2,91.6,0.7,True,True,100.0,17484.0,17408.0,16572.0,0.0,9550.68816008894,16.22,8.47,0.0,0.35,1,50.0,0.0,중립,False,최근 중요 공시 신호 없음,0.0,0.0,대기,0.26,23.51,Low,RiskOn,소형,0.0,-0.0143,-0.0075,0.0456,2,0.0701,-0.262,0.0012,0.0075,2,0,0.9545199326221221,21.98100407055632,-0.05558643690939391,-0.05558643690939391,0.0,43.04,0.02,0.0,연기금,미확인,"소형주 핵심 연기금, 외국인 0, 연기금 0, 투신·사모 17, 지속성 0",-0.32,20.04,66.6,"시장대비 5일 -0.3%p·20일 +20.0%p, 거래대금 상위 37%, 추세 100",돌파대기,False,40.0,"돌파대기: 20일 +22.0%, 고점대비 -0.1%, MA20 이격 +8.5%, 거래대금 0.70배",29.43,RiskOn,관찰,관찰,9.62,추가 확인 필요,보유/관찰,제외,연기금 수급 0.0 · 주도성 66.6 · 돌파대기 · 공시 중립,관찰
에스피지,58610,KOSDAQ,분류안됨,분류안됨,28.61,31,47.8,-0.88,상승장 (보수적 반영),102900.0,2.7972027972027917,1.1018334064812016,-0.0760109868894627,0.4792091786937759,0.0585618302656888,3,0,106.5,3.4,67.3,135.7,249.5,154.6,374.6,0.41,True,False,60.0,98800.0,99120.0,96620.0,0.0,22819.951048951047,227.04,3.57,0.0,0.35,1,50.0,0.0,중립,False,최근 중요 공시 신호 없음,0.0,0.0,대기,3.53,24.24,Medium,RiskOn,중형,0.0007,0.0069,-0.3915,0.0139,3,0.3839,0.2826,-0.0233,-0.1467,4,1,2.1847070506454846,20.63305978898007,0.0,0.09727626459143934,3.21,58.83,2.2,0.0,연기금,유지,"중형주 핵심 연기금, 외국인 75, 연기금 12, 투신·사모 0, 지속성 20",0.91,18.69,68.82,"시장대비 5일 +0.9%p·20일 +18.7%p, 거래대금 상위 73%, 추세 60",돌파대기,False,60.0,"돌파대기: 20일 +20.6%, 고점대비 +0.0%, MA20 이격 +6.5%, 거래대금 0.41배",32.87,RiskOn,관찰,관찰,9.23,연기금 10일 순매수 · 정배열 확인 전,추세훼손,제외,연기금 수급 0.0 · 주도성 68.8 · 돌파대기 · 공시 중립,관찰
큐리옥스바이오시스템즈,445680,KOSDAQ,분류안됨,분류안됨,13.54,17,42.2,-3.12,상승장 (보수적 반영),58300.0,-1.5202702702702742,-0.4900421291635401,0.0177246802653254,0.0758791392416731,0.2499854152105746,0,0,116.4,2.5,68.1,50.1,26.3,49.3,34.1,1.45,True,True,100.0,55760.0,51740.0,50072.5,0.5461,10041.97804054054,0.0,0.0,0.0,0.35,1,50.0,0.0,중립,False,최근 중요 공시 신호 없음,0.0,-1.0,대기,-1.54,24.51,Low,RiskOn,중형,0.0119,0.0119,0.2795,0.6233,5,-0.141,0.0194,0.0271,0.2432,1,2,17.540322580645153,18.13576494427558,-1.5202702702702742,-1.5202702702702742,38.63,38.33,9.8,1.33,연기금,유지,"중형주 핵심 연기금, 외국인 0, 연기금 23, 투신·사모 80, 지속성 40",16.26,16.19,83.84,"시장대비 5일 +16.3%p·20일 +16.2%p, 거래대금 상위 19%, 추세 100",눌림대기,False,50.0,"눌림대기: 20일 +18.1%, 고점대비 -1.5%, MA20 이격 +16.4%, 거래대금 1.45배",36.66,RiskOn,과열주의,관찰,9.12,연기금 10일 순매수 · 거래대금 대비 수급 양호 · 기관 동행 · 이격/RSI 과열,익절/추격주의,제외,연기금 수급 1.3 · 주도성 83.8 · 눌림대기 · 공시 중립,관찰
대한광통신,10170,KOSDAQ,분류안됨,분류안됨,41.33,50,44.82,-2.07,상승장 (보수적 반영),17800.0,4.705882352941182,1.4301088111618194,0.0854835925810049,0.2957157854498802,0.0653395842756141,2,0,113.1,26.2,73.0,196.1,2558.4,1452.1,2384.6,0.61,True,False,60.0,17072.0,17304.0,15732.5,0.3279,27675.85882352941,-88.8,-52.05,0.0,0.35,1,50.0,0.0,중립,False,최근 중요 공시 신호 없음,0.0,-1.0,대기,6.08,23.01,High,RiskOn,대형,0.0,0.0623,0.2165,-0.0667,1,-0.9475,-0.8224,0.0085,-0.1092,2,0,0.5649717514124353,31.171702284450987,-2.8384279475982543,-2.8384279475982543,0.0,54.67,2.35,0.0,외국인,미확인,"대형주 핵심 외국인, 외국인 0, 연기금 33, 투신·사모 0, 지속성 40",-0.71,29.23,69.84,"시장대비 5일 -0.7%p·20일 +29.2%p, 거래대금 상위 98%, 추세 60",눌림대기,False,50.0,"눌림대기: 20일 +31.2%, 고점대비 -2.8%, MA20 이격 +13.1%, 거래대금 0.61배",31.43,RiskOn,과열주의,관찰,9.07,연기금 10일 순매수 · 이격/RSI 과열,추세훼손,제외,외국인 수급 0.0 · 주도성 69.8 · 눌림대기 · 공시 중립,관찰
한화리츠,451800,KOSPI,분류안됨,분류안됨,13.24,20,42.2,-3.12,상승장 (보수적 반영),5370.0,0.7504690431519689,-0.0361112331065701,-0.1775504317858341,-0.0384040429935698,0.0577808212150429,0,0,101.0,0.2,60.0,77.8,3.9,4.3,4.1,1.05,True,True,100.0,5348.0,5347.0,5314.5,0.0,9643.834896810506,0.0,0.0,0.0,0.35,1,50.0,0.0,중립,False,최근 중요 공시 신호 없음,0.0,-0.3,회피,7.8,22.66,Low,RiskOn,소형,-0.0356,-0.0908,-0.1037,-1.5059,0,-0.0192,-0.0276,-0.0289,0.0101,1,0,-1.6483516483516536,2.8735632183908066,-1.6483516483516536,-1.6483516483516536,0.0,40.93,0.1,0.0,연기금,미확인,"소형주 핵심 연기금, 외국인 0, 연기금 0, 투신·사모 0, 지속성 0",-2.93,0.93,31.71,"시장대비 5일 -2.9%p·20일 +0.9%p, 거래대금 상위 1%, 추세 100",조건미충족,False,0.0,"조건미충족: 20일 +2.9%, 고점대비 -1.6%, MA20 이격 +1.0%, 거래대금 1.05배",10.32,RiskOn,관찰,관찰,8.11,추가 확인 필요,수급훼손,제외,연기금 수급 0.0 · 주도성 31.7 · 조건미충족 · 공시 중립,관찰
한국항공우주,47810,KOSPI,분류안됨,분류안됨,13.84,15,51.4,0.56,상승장 (보수적 반영),132400.0,4.169944925255709,0.1547412262772574,-0.0428276128187489,-0.0130513274128033,0.0403071632842846,1,0,102.7,0.9,59.8,148.1,332.3,234.8,302.6,0.78,False,False,60.0,128540.0,129030.0,128940.0,0.0,129056.1447678993,73.17,10.51,0.0,0.35,1,50.0,0.0,중립,False,최근 중요 공시 신호 없음,0.0,-0.3,회피,3.3,25.12,Low,RiskOn,대형,-0.0136,-0.0391,0.003,0.3888,3,0.1326,0.1044,0.0237,0.0148,2,2,3.8431372549019516,7.993474714518767,-0.5259203606311047,-0.5259203606311047,39.0,68.54,8.73,31.14,외국인,유지,"대형주 핵심 외국인, 외국인 41, 연기금 0, 투신·사모 43, 지속성 40",2.56,6.05,56.8,"시장대비 5일 +2.6%p·20일 +6.0%p, 거래대금 상위 67%, 추세 60",돌파대기,False,20.0,"돌파대기: 20일 +8.0%, 고점대비 -0.5%, MA20 이격 +2.7%, 거래대금 0.78배",37.03,RiskOn,관찰,관찰,7.77,거래대금 대비 수급 양호 · 대형 주도주 조건 · 기관 동행 · 정배열 확인 전,수급훼손,제외,외국인 수급 31.1 · 주도성 56.8 · 돌파대기 · 공시 중립,관찰
SFA,56190,KOSDAQ,분류안됨,분류안됨,26.25,28,50.4,0.16,상승장 (보수적 반영),31050.0,3.6727879799666185,-0.0796800844354959,0.140528705560482,0.1910854850773423,0.0682551383195018,1,0,115.5,2.4,78.7,292.6,111.1,54.0,39.2,1.38,True,True,100.0,29240.0,28590.0,26885.0,0.2618,11148.97161936561,14.71,6.11,0.0,0.35,1,50.0,0.0,중립,False,최근 중요 공시 신호 없음,0.0,-1.0,대기,2.14,22.41,Medium,RiskOn,중형,-0.0911,-0.0317,0.0701,-0.0148,1,0.1497,-0.0528,0.0691,-0.0581,4,1,10.89285714285715,31.567796610169484,0.0,3.6727879799666185,0.0,28.77,1.14,0.0,연기금,미확인,"중형주 핵심 연기금, 외국인 32, 연기금 0, 투신·사모 20, 지속성 20",9.61,29.63,84.22,"시장대비 5일 +9.6%p·20일 +29.6%p, 거래대금 상위 21%, 추세 100",돌파대기,False,60.0,"돌파대기: 20일 +31.6%, 고점대비 +0.0%, MA20 이격 +15.5%, 거래대금 1.38배",38.52,RiskOn,과열주의,관찰,7.6,이격/RSI 과열,수급훼손,제외,연기금 수급 0.0 · 주도성 84.2 · 돌파대기 · 공시 중립,관찰
하나머티리얼즈,166090,KOSDAQ,분류안됨,분류안됨,17.37,16,52.0,0.8,상승장 (보수적 반영),63000.0,-0.7874015748031482,1.791682465202729,0.246621026690126,-2.149529289556774,0.4555359456249984,0,1,114.1,2.8,73.6,101.7,73.5,69.6,88.2,0.79,True,True,100.0,60660.0,58570.0,55222.5,0.0,12459.11811023622,16.94,9.39,0.0,0.35,1,50.0,0.0,중립,False,최근 중요 공시 신호 없음,0.0,-1.0,대기,-3.66,24.1,Low,RiskOn,중형,0.0298,0.1539,0.3676,0.2076,3,-0.0244,-0.1904,0.1329,-0.0035,1,2,7.325383304940369,25.748502994011968,-0.7874015748031482,-0.7874015748031482,3.34,32.71,6.42,10.6,연기금,유지,"중형주 핵심 연기금, 외국인 0, 연기금 53, 투신·사모 67, 지속성 40",6.05,23.81,82.19,"시장대비 5일 +6.0%p·20일 +23.8%p, 거래대금 상위 35%, 추세 100",돌파대기,False,20.0,"돌파대기: 20일 +25.7%, 고점대비 -0.8%, MA20 이격 +14.1%, 거래대금 0.79배",36.74,RiskOn,과열주의,관찰,7.57,연기금 10일 순매수 · 이격/RSI 과열,익절/추격주의,제외,연기금 수급 10.6 · 주도성 82.2 · 돌파대기 · 공시 중립,관찰
삼성전자우,5935,KOSPI,분류안됨,분류안됨,22.01,11,50.6,0.24,상승장 (보수적 반영),200000.0,-2.200488997555017,-0.5579232544408413,-0.0813090105116314,0.0683598368516847,0.0573190070443715,2,0,100.7,2.6,55.2,48.8,4772.2,8504.7,7625.9,1.12,True,False,60.0,202140.0,203960.0,198610.0,0.0,1604742.2982885086,9.11,0.0,0.0,0.35,1,50.0,0.0,중립,False,최근 중요 공시 신호 없음,0.0,1.1,대기,-8.0,22.07,Low,RiskOn,대형,-0.0121,-0.0537,-0.112,-0.5707,1,-0.351,-0.3529,-0.0339,-0.0497,2,2,-9.090909090909093,7.816711590296488,-9.090909090909093,-9.090909090909093,8.0,72.9,1.97,0.0,외국인,미확인,"대형주 핵심 외국인, 외국인 0, 연기금 0, 투신·사모 0, 지속성 40",-10.37,5.87,36.62,"시장대비 5일 -10.4%p·20일 +5.9%p, 거래대금 상위 99%, 추세 60",눌림대기,False,83.33,"눌림대기: 20일 +7.8%, 고점대비 -9.1%, MA20 이격 +0.7%, 거래대금 1.12배",25.38,RiskOn,관찰,관찰,7.46,대형 주도주 조건 · 정배열 확인 전,수급훼손,제외,외국인 수급 0.0 · 주도성 36.6 · 눌림대기 · 공시 중립,관찰
한미사이언스,8930,KOSPI,분류안됨,분류안됨,23.86,23,52.6,1.04,상승장 (보수적 반영),55200.0,4.743833017077792,0.0817239804215934,0.5125573191180338,0.2097751103684188,0.1582123496922672,3,1,105.3,0.8,58.8,142.2,87.7,62.9,149.0,0.42,True,False,60.0,53060.0,51830.0,52415.0,0.4242,37751.77229601518,24.97,13.13,0.0,0.35,1,50.0,0.0,중립,False,최근 중요 공시 신호 없음,0.0,-0.3,회피,-0.27,26.01,Medium,RiskOn,중형,0.0027,0.0481,0.2436,0.3412,5,0.017,-0.0671,0.1075,0.016,3,3,5.950095969289837,15.481171548117146,-4.3327556325823195,-4.3327556325823195,25.95,41.78,10.62,3.53,연기금,유지,"중형주 핵심 연기금, 외국인 0, 연기금 29, 투신·사모 64, 지속성 60",4.67,13.54,70.94,"시장대비 5일 +4.7%p·20일 +13.5%p, 거래대금 상위 48%, 추세 60",눌림대기,False,66.67,"눌림대기: 20일 +15.5%, 고점대비 -4.3%, MA20 이격 +5.3%, 거래대금 0.42배",36.68,RiskOn,관찰,관찰,6.91,연기금 10일 순매수 · 기관 동행 · 정배열 확인 전,추세훼손,제외,연기금 수급 3.5 · 주도성 70.9 · 눌림대기 · 공시 중립,관찰
에스에이엠티,31330,KOSDAQ,분류안됨,분류안됨,11.73,15,42.2,-3.12,상승장 (보수적 반영),8850.0,0.4540295119182858,0.1050749629417268,0.0,-0.0258408348203205,-0.0128634736584887,0,0,108.3,2.0,75.3,101.7,37.1,36.2,32.0,1.13,True,True,100.0,8558.0,8397.0,8175.5,0.0,8848.995459704882,0.0,0.0,0.0,0.35,1,50.0,0.0,중립,False,최근 중요 공시 신호 없음,0.0,0.0,대기,0.36,24.02,Low,RiskOn,소형,0.0,0.0,-0.0136,0.0346,2,0.0496,-0.1062,0.0,-0.0123,2,0,7.4029126213592145,12.16730038022813,0.0,0.4540295119182858,0.0,33.08,0.05,0.0,연기금,미확인,"소형주 핵심 연기금, 외국인 0, 연기금 0, 투신·사모 0, 지속성 0",6.12,10.23,70.61,"시장대비 5일 +6.1%p·20일 +10.2%p, 거래대금 상위 16%, 추세 100",돌파대기,False,60.0,"돌파대기: 20일 +12.2%, 고점대비 +0.0%, MA20 이격 +8.3%, 거래대금 1.13배",32.93,RiskOn,관찰,관찰,5.94,추가 확인 필요,보유/관찰,제외,연기금 수급 0.0 · 주도성 70.6 · 돌파대기 · 공시 중립,관찰
코오롱인더,120110,KOSPI,분류안됨,화학소재;산업재,19.45,17,56.4,2.56,상승장 (보수적 반영),56300.0,2.177858439201441,-0.2375641526885193,0.9137921490500028,-0.1055152929544109,-0.0402038118305613,6,7,101.2,1.8,47.4,67.6,47.2,59.6,105.4,0.57,False,False,60.0,55480.0,55660.0,55640.0,0.3002,16859.346642468237,12.46,1.01,0.0,0.35,1,50.0,0.0,중립,False,최근 중요 공시 신호 없음,0.0,0.0,대기,0.25,20.61,Medium,RiskOn,중형,0.118,0.2237,-0.1197,0.019,2,0.3107,-0.1367,-0.1964,-0.0651,5,5,3.874538745387457,0.0,-3.264604810996563,-3.264604810996563,0.0,21.99,15.76,27.85,연기금,유지,"중형주 핵심 연기금, 외국인 55, 연기금 73, 투신·사모 0, 지속성 100",2.6,-1.94,38.49,"시장대비 5일 +2.6%p·20일 -1.9%p, 거래대금 상위 41%, 추세 60",조건미충족,False,0.0,"조건미충족: 20일 +0.0%, 고점대비 -3.3%, MA20 이격 +1.2%, 거래대금 0.57배",26.64,RiskOn,관찰,관찰,5.55,연기금 10일 순매수 · 기관 동행 · 정배열 확인 전,추세훼손,제외,연기금 수급 27.9 · 주도성 38.5 · 조건미충족 · 공시 중립,관찰
LS ELECTRIC,10120,KOSPI,분류안됨,분류안됨,17.22,27,52.2,0.88,상승장 (보수적 반영),208500.0,1.2135922330097193,0.5287321803357313,-0.0826670142286171,-0.1187541633892885,0.0051419251798561,1,1,102.2,0.9,60.6,96.9,582.1,571.0,778.9,0.73,True,False,60.0,205800.0,206900.0,203965.0,0.0,312750.00000000006,79.48,14.67,0.0,0.35,1,50.0,0.0,중립,False,최근 중요 공시 신호 없음,0.0,-0.3,회피,8.0,22.84,Medium,RiskOn,대형,-0.0354,-0.0704,-0.1314,-0.0757,2,0.1014,0.3481,-0.0303,-0.0039,4,2,1.4598540145985384,6.540623403168122,-1.650943396226412,-1.650943396226412,8.0,69.44,3.53,39.0,외국인,유지,"대형주 핵심 외국인, 외국인 60, 연기금 0, 투신·사모 0, 지속성 80",0.18,4.6,52.32,"시장대비 5일 +0.2%p·20일 +4.6%p, 거래대금 상위 86%, 추세 60",눌림대기,False,66.67,"눌림대기: 20일 +6.5%, 고점대비 -1.7%, MA20 이격 +2.2%, 거래대금 0.73배",46.08,RiskOn,관찰,관찰,5.45,대형 주도주 조건 · 정배열 확인 전,수급훼손,제외,외국인 수급 39.0 · 주도성 52.3 · 눌림대기 · 공시 중립,관찰
경동나비엔,9450,KOSPI,분류안됨,분류안됨,8.11,12,43.0,-2.8,상승장 (보수적 반영),61200.0,-0.1631321370309968,0.537892391366401,-0.1040207999765789,0.0164365781788639,-0.6307843759743539,4,0,101.2,0.8,54.2,102.0,15.1,14.5,17.4,0.83,True,True,100.0,61120.0,60740.0,60455.0,0.0,8915.432300163133,0.0,0.0,0.0,0.35,1,50.0,0.0,중립,False,최근 중요 공시 신호 없음,0.0,-0.3,회피,1.84,23.29,Low,RiskOn,소형,-0.0383,-0.0342,-0.1557,-0.2086,2,0.2401,0.3033,-0.0063,-0.1162,4,3,1.661129568106312,1.4925373134328401,-0.16313213703099683,-0.16313213703099683,0.0,41.77,0.3,0.0,연기금,미확인,"소형주 핵심 연기금, 외국인 70, 연기금 0, 투신·사모 0, 지속성 60",0.38,-0.45,36.9,"시장대비 5일 +0.4%p·20일 -0.5%p, 거래대금 상위 8%, 추세 100",조건미충족,False,0.0,"조건미충족: 20일 +1.5%, 고점대비 -0.2%, MA20 이격 +1.2%, 거래대금 0.83배",12.22,RiskOn,관찰,관찰,5.44,추가 확인 필요,수급훼손,제외,연기금 수급 0.0 · 주도성 36.9 · 조건미충족 · 공시 중립,관찰
SK,34730,KOSPI,분류안됨,분류안됨,10.41,11,50.4,0.16,상승장 (보수적 반영),580000.0,-1.1925042589437829,0.06136938510514,-0.0264082939343434,-0.0864614353015813,0.1747634977609177,1,0,100.2,0.8,55.3,67.6,496.1,686.9,702.3,0.98,True,False,60.0,583800.0,577700.0,578950.0,0.0,420514.82112436113,5.56,6.35,0.0,0.35,1,50.0,0.0,중립,False,최근 중요 공시 신호 없음,0.0,-0.3,회피,1.06,22.06,Low,RiskOn,대형,-0.0456,-0.0348,0.096,0.1928,3,-0.0589,-0.1142,-0.0366,0.1439,2,0,-5.07364975450082,6.422018348623859,-5.228758169934644,-5.228758169934644,30.31,72.58,7.19,0.0,외국인,미확인,"대형주 핵심 외국인, 외국인 0, 연기금 0, 투신·사모 58, 지속성 40",-6.35,4.48,31.45,"시장대비 5일 -6.3%p·20일 +4.5%p, 거래대금 상위 85%, 추세 60",눌림대기,False,83.33,"눌림대기: 20일 +6.4%, 고점대비 -5.2%, MA20 이격 +0.2%, 거래대금 0.98배",23.55,RiskOn,관찰,관찰,5.12,거래대금 대비 수급 양호 · 대형 주도주 조건 · 정배열 확인 전,수급훼손,제외,외국인 수급 0.0 · 주도성 31.4 · 눌림대기 · 공시 중립,관찰
해성디에스,195870,KOSPI,분류안됨,리드프레임;반도체,17.12,18,44.45,-2.22,상승장 (보수적 반영),65300.0,-1.8045112781954864,-0.5301742455634627,-0.2783984956310242,0.1778598144311323,0.4129319791009818,0,0,117.4,4.6,69.9,113.6,119.2,101.1,96.6,1.05,True,True,100.0,63340.0,60580.0,55625.0,0.0,11101.0,0.0,0.0,2.251,0.35,1,50.0,0.0,중립,False,최근 중요 공시 신호 없음,0.0,-0.4,대기,-4.05,22.18,Low,RiskOn,중형,0.0228,0.066,0.3286,-0.3343,1,-0.2226,-1.1581,-0.2537,0.0513,1,3,6.699346405228757,27.042801556420226,-1.8045112781954864,-1.8045112781954864,0.0,37.18,2.06,0.0,연기금,유지,"중형주 핵심 연기금, 외국인 0, 연기금 41, 투신·사모 0, 지속성 60",5.42,25.1,81.22,"시장대비 5일 +5.4%p·20일 +25.1%p, 거래대금 상위 38%, 추세 100",눌림대기,False,50.0,"눌림대기: 20일 +27.0%, 고점대비 -1.8%, MA20 이격 +17.4%, 거래대금 1.05배",35.37,RiskOn,과열주의,관찰,4.43,연기금 10일 순매수 · 이격/RSI 과열,익절/추격주의,제외,연기금 수급 0.0 · 주도성 81.2 · 눌림대기 · 공시 중립,관찰
대원전선,6340,KOSPI,분류안됨,분류안됨,19.34,21,42.6,-2.96,상승장 (보수적 반영),13380.0,2.13740458015268,0.2243667616321845,0.3407848172313957,-0.0380201848509771,-0.0748992594552244,2,0,101.6,8.6,59.9,136.3,241.6,181.0,331.8,0.55,False,False,60.0,13134.0,13311.0,13175.5,0.0051,10491.554198473284,0.0,0.0,0.0,0.35,1,50.0,0.0,중립,False,최근 중요 공시 신호 없음,0.0,1.1,대기,-0.46,26.46,Medium,RiskOn,중형,0.0007,0.0895,0.0359,-0.0311,2,0.022,0.3989,-0.0619,-0.0482,2,1,-0.815418828762049,5.106048703849164,-3.6717062634989195,-3.6717062634989195,0.0,53.08,1.91,0.15,연기금,유지,"중형주 핵심 연기금, 외국인 50, 연기금 37, 투신·사모 0, 지속성 20",-2.09,3.16,41.13,"시장대비 5일 -2.1%p·20일 +3.2%p, 거래대금 상위 69%, 추세 60",눌림대기,False,50.0,"눌림대기: 20일 +5.1%, 고점대비 -3.7%, MA20 이격 +1.6%, 거래대금 0.55배",21.22,RiskOn,관찰,관찰,2.69,연기금 10일 순매수 · 정배열 확인 전,추세훼손,제외,연기금 수급 0.1 · 주도성 41.1 · 눌림대기 · 공시 중립,관찰
포스코퓨처엠,3670,KOSPI,분류안됨,분류안됨,11.8,13,47.8,-0.88,상승장 (보수적 반영),186700.0,2.189381499726317,-0.4655135850934747,0.2490525406970494,0.1816019969414918,0.0158275683234139,3,0,101.6,1.4,52.9,69.7,417.1,462.0,531.7,0.87,False,False,60.0,181760.0,181710.0,183725.0,0.2934,166061.83251231525,381.42,0.92,0.0,0.35,1,50.0,0.0,중립,False,최근 중요 공시 신호 없음,0.0,1.1,대기,3.32,22.48,Low,RiskOn,대형,-0.0053,0.0212,-0.0488,-0.1964,3,0.008,-0.2149,-0.0101,-0.0515,3,2,3.779877709838808,6.079545454545454,-3.2642487046632085,-3.2642487046632085,12.0,67.63,4.06,0.0,외국인,미확인,"대형주 핵심 외국인, 외국인 0, 연기금 13, 투신·사모 0, 지속성 60",2.5,4.14,56.04,"시장대비 5일 +2.5%p·20일 +4.1%p, 거래대금 상위 79%, 추세 60",눌림대기,False,66.67,"눌림대기: 20일 +6.1%, 고점대비 -3.3%, MA20 이격 +1.6%, 거래대금 0.87배",29.39,RiskOn,관찰,관찰,2.47,연기금 10일 순매수 · 대형 주도주 조건 · 정배열 확인 전,추세훼손,제외,외국인 수급 0.0 · 주도성 56.0 · 눌림대기 · 공시 중립,관찰
NH투자증권,5940,KOSPI,분류안됨,분류안됨,16.37,17,55.0,2.0,상승장 (보수적 반영),26800.0,1.132075471698113,-0.2569564132679593,0.0157086501422608,0.110448856248073,0.0321049291895625,0,1,102.2,0.5,57.5,81.6,89.8,105.1,112.8,0.93,True,False,60.0,26320.0,26095.0,26212.5,0.3801,98946.61132075472,6.39,11.76,0.0,0.35,1,50.0,0.0,중립,False,최근 중요 공시 신호 없음,0.0,-0.3,회피,5.44,27.12,Medium,RiskOn,중형,0.0325,0.0934,0.1014,0.2443,4,-0.0377,-0.2125,0.0142,-0.0,2,4,3.076923076923066,2.8790786948176494,-0.371747211895912,-0.371747211895912,29.7,43.9,9.11,35.41,연기금,유지,"중형주 핵심 연기금, 외국인 0, 연기금 46, 투신·사모 24, 지속성 80",1.8,0.94,41.56,"시장대비 5일 +1.8%p·20일 +0.9%p, 거래대금 상위 42%, 추세 60",조건미충족,False,0.0,"조건미충족: 20일 +2.9%, 고점대비 -0.4%, MA20 이격 +2.2%, 거래대금 0.93배",30.98,RiskOn,관찰,관찰,1.62,연기금 10일 순매수 · 기관 동행 · 정배열 확인 전,추세훼손,제외,연기금 수급 35.4 · 주도성 41.6 · 조건미충족 · 공시 중립,관찰
비츠로셀,82920,KOSDAQ,분류안됨,리튬전지;방산,27.98,26,55.8,2.32,상승장 (보수적 반영),29550.0,1.546391752577314,-1.0172723418463865,0.1080799472483135,0.0558543093490287,1.0315624907298089,0,2,103.7,1.7,56.6,108.9,56.1,45.2,98.9,0.46,True,False,60.0,28730.0,28835.0,28497.5,0.0,13338.11855670103,17.99,18.56,0.0,0.35,1,50.0,0.0,중립,False,최근 중요 공시 신호 없음,0.0,1.1,대기,3.35,21.19,Medium,RiskOn,중형,0.011,0.0223,0.2699,0.0331,3,-0.0182,-0.2737,-0.0012,0.0239,1,3,6.104129263913816,10.261194029850751,-0.8389261744966459,-0.8389261744966459,0.0,30.47,5.98,0.0,연기금,유지,"중형주 핵심 연기금, 외국인 0, 연기금 26, 투신·사모 32, 지속성 60",4.83,8.32,60.83,"시장대비 5일 +4.8%p·20일 +8.3%p, 거래대금 상위 39%, 추세 60",돌파대기,False,40.0,"돌파대기: 20일 +10.3%, 고점대비 -0.8%, MA20 이격 +3.7%, 거래대금 0.46배",27.87,RiskOn,관찰,관찰,0.0,연기금 10일 순매수 · 정배열 확인 전,추세훼손,제외,연기금 수급 0.0 · 주도성 60.8 · 돌파대기 · 공시 중립,관찰
유일로보틱스,388720,KOSDAQ,분류안됨,분류안됨,23.98,27,43.2,-2.72,상승장 (보수적 반영),70500.0,1.002865329512903,0.071546645001091,0.0,-0.1067278513907108,-0.0513399031086478,5,0,104.0,0.8,64.2,113.6,14.3,13.2,21.9,0.6,True,False,60.0,68440.0,68760.0,67815.0,0.0,8305.465616045845,0.0,0.0,0.0,0.35,1,50.0,0.0,중립,False,최근 중요 공시 신호 없음,0.0,-0.3,회피,0.0,22.06,Medium,RiskOn,소형,0.0,0.0,-0.0577,0.3193,5,0.1865,0.2421,-0.0068,-0.0022,5,0,2.3222060957909907,11.5506329113924,-1.1220196353436185,-1.1220196353436185,8.63,22.44,1.93,0.0,연기금,미확인,"소형주 핵심 연기금, 외국인 63, 연기금 0, 투신·사모 0, 지속성 0",1.04,9.61,47.62,"시장대비 5일 +1.0%p·20일 +9.6%p, 거래대금 상위 10%, 추세 60",눌림대기,False,66.67,"눌림대기: 20일 +11.6%, 고점대비 -1.1%, MA20 이격 +4.0%, 거래대금 0.60배",25.99,RiskOn,관찰,관찰,0.0,정배열 확인 전,추세훼손,제외,연기금 수급 0.0 · 주도성 47.6 · 눌림대기 · 공시 중립,관찰
솔브레인홀딩스,36830,KOSDAQ,분류안됨,분류안됨,23.76,26,57.2,2.88,상승장 (보수적 반영),48750.0,9.67379077615298,-0.3071582512899287,0.0190979857812438,0.0526798240970499,0.1870011347433928,0,0,115.8,2.0,69.0,367.1,105.1,40.5,26.5,1.53,True,False,60.0,43430.0,41945.0,42085.0,0.1604,9995.669291338583,1.58,32.06,0.0,0.35,1,50.0,0.0,중립,False,최근 중요 공시 신호 없음,0.0,-1.0,대기,8.0,30.53,Medium,RiskOn,소형,0.0004,0.0004,0.1547,0.1034,4,-0.2092,-0.1271,0.0211,0.1105,2,1,17.469879518072283,13.9018691588785,0.0,9.67379077615298,7.76,12.46,2.5,0.0,연기금,유지,"소형주 핵심 연기금, 외국인 0, 연기금 5, 투신·사모 67, 지속성 20",16.19,11.96,69.4,"시장대비 5일 +16.2%p·20일 +12.0%p, 거래대금 상위 12%, 추세 60",돌파대기,False,60.0,"돌파대기: 20일 +13.9%, 고점대비 +0.0%, MA20 이격 +15.8%, 거래대금 1.53배",34.01,RiskOn,과열주의,관찰,0.0,연기금 10일 순매수 · 이격/RSI 과열,추세훼손,제외,연기금 수급 0.0 · 주도성 69.4 · 돌파대기 · 공시 중립,관찰
TIME 글로벌AI인공지능액티브,456600,KOSPI,분류안됨,분류안됨,22.56,27,42.4,-3.04,상승장 (보수적 반영),59185.0,-0.7129676228820658,-0.0527974883932375,0.0,0.2453018151791045,0.0,1,0,102.4,2.4,60.1,72.2,74.6,102.4,82.7,1.24,True,False,60.0,58694.0,58900.5,57804.25,0.5735,21246.432058379465,0.0,0.0,0.0,0.35,1,50.0,0.0,중립,False,최근 중요 공시 신호 없음,0.0,1.1,대기,5.82,18.23,Medium,RiskOn,중형,0.0,0.0,0.2452,-0.0339,2,-0.0277,-0.0354,0.0007,0.0,2,0,-1.8490878938640098,6.085319949811785,-1.8490878938640098,-1.8490878938640098,0.0,32.22,0.91,0.0,연기금,미확인,"중형주 핵심 연기금, 외국인 0, 연기금 0, 투신·사모 4, 지속성 0",-3.13,4.14,35.75,"시장대비 5일 -3.1%p·20일 +4.1%p, 거래대금 상위 34%, 추세 60",눌림대기,False,66.67,"눌림대기: 20일 +6.1%, 고점대비 -1.8%, MA20 이격 +2.4%, 거래대금 1.24배",21.75,RiskOn,관찰,관찰,0.0,정배열 확인 전,추세훼손,제외,연기금 수급 0.0 · 주도성 35.8 · 눌림대기 · 공시 중립,관찰
오스코텍,39200,KOSDAQ,분류안됨,분류안됨,22.2,19,57.2,2.88,상승장 (보수적 반영),36700.0,-3.421052631578947,-0.111679661831457,-0.2533764438811676,0.205203244864628,0.5010220907493019,0,0,102.6,1.5,53.3,107.1,41.2,41.1,36.7,1.12,True,False,60.0,36250.0,36310.0,35765.0,0.0,14040.647368421052,14.42,33.87,0.0,0.35,1,50.0,0.0,중립,False,최근 중요 공시 신호 없음,0.0,1.1,대기,1.81,22.98,Medium,RiskOn,중형,0.0005,-0.0365,0.2929,0.5098,4,-0.0676,-0.0811,0.0984,0.0681,2,1,2.5139664804469275,0.2732240437158362,-3.421052631578947,-3.421052631578947,29.89,31.22,8.37,0.0,연기금,미확인,"중형주 핵심 연기금, 외국인 0, 연기금 0, 투신·사모 72, 지속성 20",1.24,-1.67,31.48,"시장대비 5일 +1.2%p·20일 -1.7%p, 거래대금 상위 21%, 추세 60",조건미충족,False,0.0,"조건미충족: 20일 +0.3%, 고점대비 -3.4%, MA20 이격 +2.6%, 거래대금 1.12배",11.74,RiskOn,관찰,관찰,0.0,기관 동행 · 정배열 확인 전,추세훼손,제외,연기금 수급 0.0 · 주도성 31.5 · 조건미충족 · 공시 중립,관찰
두산우,155,KOSPI,분류안됨,분류안됨,20.92,21,47.2,-1.12,상승장 (보수적 반영),452000.0,-3.108252947481238,-0.005063988494341,0.0281104271918236,0.0705968940037281,0.0897809366928867,0,0,100.5,1.3,59.8,153.3,61.3,46.6,44.6,1.04,True,False,60.0,466900.0,469650.0,449600.0,0.4406,18063.528403001077,25.69,0.0,0.0,0.35,1,50.0,0.0,중립,False,최근 중요 공시 신호 없음,0.0,1.1,대기,0.14,22.88,Medium,RiskOn,중형,0.0,0.031,0.1594,-0.1351,1,-0.1974,-0.4236,0.0109,0.0545,0,0,-8.130081300813007,11.604938271604937,-8.130081300813007,-8.130081300813007,0.0,29.05,0.83,0.0,연기금,유지,"중형주 핵심 연기금, 외국인 0, 연기금 20, 투신·사모 49, 지속성 0",-9.41,9.66,27.89,"시장대비 5일 -9.4%p·20일 +9.7%p, 거래대금 상위 24%, 추세 60",눌림대기,False,83.33,"눌림대기: 20일 +11.6%, 고점대비 -8.1%, MA20 이격 +0.5%, 거래대금 1.04배",21.98,RiskOn,관찰,관찰,0.0,연기금 10일 순매수 · 정배열 확인 전,추세훼손,제외,연기금 수급 0.0 · 주도성 27.9 · 눌림대기 · 공시 중립,관찰
삼현,437730,KOSDAQ,분류안됨,분류안됨,19.08,19,46.4,-1.44,상승장 (보수적 반영),51900.0,1.1695906432748648,0.0893415497655343,0.1977630318834193,0.5818126437845724,-0.1540445558301896,1,0,115.6,4.3,72.3,93.0,148.6,142.5,271.8,0.52,True,False,60.0,50250.0,51120.0,44900.0,0.0,16455.233918128655,-262.93,8.46,0.0,0.35,1,50.0,0.0,중립,False,최근 중요 공시 신호 없음,0.0,-0.4,대기,-4.49,22.43,Medium,RiskOn,중형,0.0392,0.1484,-0.1052,-0.0071,3,0.0885,0.2325,-0.1038,0.0086,3,2,0.0,75.33783783783782,-6.822262118491917,-6.822262118491917,2.0,19.61,3.09,9.87,연기금,유지,"중형주 핵심 연기금, 외국인 46, 연기금 56, 투신·사모 0, 지속성 40",-1.28,73.4,61.57,"시장대비 5일 -1.3%p·20일 +73.4%p, 거래대금 상위 64%, 추세 60",눌림대기,False,33.33,"눌림대기: 20일 +75.3%, 고점대비 -6.8%, MA20 이격 +15.6%, 거래대금 0.52배",30.63,RiskOn,과열주의,관찰,0.0,연기금 10일 순매수 · 이격/RSI 과열,추세훼손,제외,연기금 수급 9.9 · 주도성 61.6 · 눌림대기 · 공시 중립,관찰
LS마린솔루션,60370,KOSDAQ,분류안됨,분류안됨,17.87,26,47.8,-0.88,상승장 (보수적 반영),34050.0,4.128440366972486,0.2879143956824996,0.0241717309149389,0.0788044132551615,-0.1356238678733881,3,0,105.4,1.6,68.9,111.8,63.0,55.7,43.5,1.28,True,False,60.0,32900.0,32985.0,32295.0,0.0482,17787.22018348624,91.53,2.0,0.0,0.35,1,50.0,0.0,중립,False,최근 중요 공시 신호 없음,0.0,0.0,대기,8.0,19.22,Medium,RiskOn,중형,0.0002,0.016,-0.0374,-0.3456,1,0.0484,0.2317,-0.0011,-0.1078,3,1,1.1887072808320909,11.456628477905074,0.0,0.14705882352941124,0.0,28.78,0.44,0.0,연기금,유지,"중형주 핵심 연기금, 외국인 37, 연기금 15, 투신·사모 0, 지속성 20",-0.09,9.51,47.23,"시장대비 5일 -0.1%p·20일 +9.5%p, 거래대금 상위 23%, 추세 60",돌파대기,False,80.0,"돌파대기: 20일 +11.5%, 고점대비 +0.0%, MA20 이격 +5.4%, 거래대금 1.28배",28.31,RiskOn,관찰,관찰,0.0,연기금 10일 순매수 · 정배열 확인 전,추세훼손,제외,연기금 수급 0.0 · 주도성 47.2 · 돌파대기 · 공시 중립,관찰
에스엘,5850,KOSPI,분류안됨,분류안됨,17.78,18,56.0,2.4,상승장 (보수적 반영),52200.0,-0.3816793893129722,0.0404625270229149,0.0161966873247436,-0.0604704927950175,0.0141537714016842,1,2,103.0,0.8,57.1,46.0,20.3,36.4,33.1,1.1,True,False,60.0,50840.0,50145.0,50662.5,0.0,24246.10305343512,6.31,12.81,0.0,0.35,1,50.0,0.0,중립,False,최근 중요 공시 신호 없음,0.0,-0.3,회피,5.42,21.39,Medium,RiskOn,중형,0.0755,0.0263,0.0232,1.1361,3,0.0647,0.0149,0.0279,0.0193,3,4,8.074534161490687,4.191616766467066,-0.3816793893129722,-0.3816793893129722,28.33,33.88,9.95,16.44,연기금,유지,"중형주 핵심 연기금, 외국인 23, 연기금 49, 투신·사모 46, 지속성 80",6.8,2.25,51.31,"시장대비 5일 +6.8%p·20일 +2.2%p, 거래대금 상위 18%, 추세 60",돌파대기,False,40.0,"돌파대기: 20일 +4.2%, 고점대비 -0.4%, MA20 이격 +3.0%, 거래대금 1.10배",31.96,RiskOn,관찰,관찰,0.0,연기금 10일 순매수 · 기관 동행 · 정배열 확인 전,추세훼손,제외,연기금 수급 16.4 · 주도성 51.3 · 돌파대기 · 공시 중립,관찰
HD현대마린솔루션,443060,KOSPI,분류안됨,분류안됨,17.72,11,54.8,1.92,상승장 (보수적 반영),233000.0,-1.6877637130801704,-0.0261761858416963,0.3329595306093144,-0.0986813807297732,-0.0260177593056464,3,0,100.7,0.6,59.9,112.6,143.3,131.9,253.5,0.52,True,False,60.0,238200.0,239450.0,231475.0,0.0,104461.66666666669,30.77,33.73,0.0,0.35,1,50.0,0.0,중립,False,최근 중요 공시 신호 없음,0.0,-0.3,회피,-8.0,21.48,Low,RiskOn,대형,-0.0213,0.0059,-0.0792,-0.06,2,0.0872,0.1235,-0.0296,-0.0073,4,2,-2.5104602510460206,17.0854271356784,-5.668016194331981,-5.668016194331981,0.0,43.45,1.36,0.0,외국인,유지,"대형주 핵심 외국인, 외국인 34, 연기금 0, 투신·사모 0, 지속성 80",-3.79,15.14,59.16,"시장대비 5일 -3.8%p·20일 +15.1%p, 거래대금 상위 61%, 추세 60",눌림대기,False,66.67,"눌림대기: 20일 +17.1%, 고점대비 -5.7%, MA20 이격 +0.7%, 거래대금 0.52배",31.19,RiskOn,관찰,관찰,0.0,연기금 10일 순매수 · 정배열 확인 전,추세훼손,제외,외국인 수급 0.0 · 주도성 59.2 · 눌림대기 · 공시 중립,관찰
하림지주,3380,KOSDAQ,분류안됨,분류안됨,17.29,17,51.4,0.56,상승장 (보수적 반영),11270.0,3.0164533820840944,-0.2625761694026944,0.1105384281472889,0.4539210330309706,0.1166895992919467,2,1,101.4,1.2,58.4,148.5,42.1,29.2,41.1,0.71,False,False,60.0,11002.0,10988.0,11112.5,0.3106,12622.606032906764,7.66,7.29,0.0,0.35,1,50.0,0.0,중립,False,최근 중요 공시 신호 없음,0.0,1.1,대기,3.19,23.28,Low,RiskOn,중형,0.0522,0.0522,0.266,0.491,3,0.0567,-0.066,0.073,0.0062,3,4,2.1758839528558394,5.327102803738315,-1.6579406631762605,-1.6579406631762605,21.14,29.8,8.62,14.08,연기금,유지,"중형주 핵심 연기금, 외국인 12, 연기금 46, 투신·사모 54, 지속성 80",0.9,3.39,39.39,"시장대비 5일 +0.9%p·20일 +3.4%p, 거래대금 상위 22%, 추세 60",눌림대기,False,50.0,"눌림대기: 20일 +5.3%, 고점대비 -1.7%, MA20 이격 +1.4%, 거래대금 0.71배",27.76,RiskOn,관찰,관찰,0.0,연기금 10일 순매수 · 기관 동행 · 정배열 확인 전,추세훼손,제외,연기금 수급 14.1 · 주도성 39.4 · 눌림대기 · 공시 중립,관찰
LG전자우,66575,KOSPI,분류안됨,분류안됨,16.19,18,50.8,0.32,상승장 (보수적 반영),74500.0,1.9151846785225637,0.2108811661467938,0.1753465356163205,0.1029455223265649,0.0327257300868758,3,0,103.4,1.2,52.6,93.2,29.2,29.7,44.8,0.66,True,False,60.0,73380.0,71590.0,72070.0,0.3512,12799.528043775648,12.72,0.0,0.0,0.35,1,50.0,0.0,중립,False,최근 중요 공시 신호 없음,0.0,1.1,대기,7.53,21.01,Low,RiskOn,중형,0.0314,0.1883,0.3084,0.5713,5,0.3093,0.0919,0.014,-0.0001,4,1,5.374823196605383,0.2691790040376896,-4.8531289910600295,-4.8531289910600295,30.48,31.74,9.3,18.43,연기금,유지,"중형주 핵심 연기금, 외국인 68, 연기금 60, 투신·사모 23, 지속성 20",4.1,-1.67,39.4,"시장대비 5일 +4.1%p·20일 -1.7%p, 거래대금 상위 25%, 추세 60",조건미충족,False,0.0,"조건미충족: 20일 +0.3%, 고점대비 -4.9%, MA20 이격 +3.4%, 거래대금 0.66배",22.16,RiskOn,관찰,관찰,0.0,연기금 10일 순매수 · 거래대금 대비 수급 양호 · 기관 동행 · 정배열 확인 전,추세훼손,제외,연기금 수급 18.4 · 주도성 39.4 · 조건미충족 · 공시 중립,관찰
NICE평가정보,30190,KOSPI,분류안됨,분류안됨,14.96,30,42.2,-3.12,상승장 (보수적 반영),16330.0,0.7402837754472591,-0.1601175776158551,0.0370941234737353,0.0063782597498587,0.0078133133586428,0,0,102.2,0.6,53.8,139.4,14.0,11.5,10.9,1.06,True,False,60.0,16216.0,15840.0,15972.5,0.8136,9514.919802590994,0.0,0.0,0.0,0.35,1,50.0,0.0,중립,False,최근 중요 공시 신호 없음,0.0,-0.3,회피,8.0,21.07,Medium,RiskOn,소형,-0.0307,-0.0388,-0.032,-0.265,1,-0.0167,-0.0537,0.0087,-0.0,2,1,4.746632456703015,2.3824451410658254,-0.1833740831295838,-0.1833740831295838,0.0,21.26,0.17,0.0,연기금,미확인,"소형주 핵심 연기금, 외국인 0, 연기금 0, 투신·사모 17, 지속성 20",3.47,0.44,37.07,"시장대비 5일 +3.5%p·20일 +0.4%p, 거래대금 상위 3%, 추세 60",조건미충족,False,0.0,"조건미충족: 20일 +2.4%, 고점대비 -0.2%, MA20 이격 +2.2%, 거래대금 1.06배",12.19,RiskOn,관찰,관찰,0.0,정배열 확인 전,수급훼손,제외,연기금 수급 0.0 · 주도성 37.1 · 조건미충족 · 공시 중립,관찰
SK네트웍스,1740,KOSPI,분류안됨,분류안됨,14.63,15,50.2,0.08,상승장 (보수적 반영),6510.0,0.930232558139532,-0.3668163206230637,0.0073258990947966,-7.232305365611107e-05,0.0086304249689942,0,0,103.3,1.7,58.5,128.3,58.9,45.7,44.7,1.02,False,False,60.0,6298.0,6239.0,6304.0,0.0,13058.353488372091,11.62,2.44,0.0,0.35,1,50.0,0.0,중립,False,최근 중요 공시 신호 없음,0.0,1.1,대기,3.6,21.12,Low,RiskOn,중형,0.0088,-0.0027,-0.0075,0.0402,3,0.0161,-0.2294,-0.0031,0.0,2,1,7.248764415156517,4.326923076923084,0.0,0.15384615384614886,0.0,27.37,0.1,0.0,연기금,유지,"중형주 핵심 연기금, 외국인 0, 연기금 14, 투신·사모 0, 지속성 20",5.97,2.39,50.79,"시장대비 5일 +6.0%p·20일 +2.4%p, 거래대금 상위 24%, 추세 60",돌파대기,False,40.0,"돌파대기: 20일 +4.3%, 고점대비 +0.0%, MA20 이격 +3.3%, 거래대금 1.02배",23.8,RiskOn,관찰,관찰,0.0,정배열 확인 전,추세훼손,제외,연기금 수급 0.0 · 주도성 50.8 · 돌파대기 · 공시 중립,관찰
풍산,103140,KOSPI,분류안됨,분류안됨,12.73,10,50.4,0.16,상승장 (보수적 반영),79200.0,1.6688061617458283,-0.2218190082397498,0.6584421065961956,0.0996252624157285,-0.5082017772259935,1,0,101.5,1.0,52.9,133.8,65.5,46.4,73.9,0.63,True,False,60.0,78100.0,78160.0,78050.0,0.3123,22194.300385109116,10.94,6.54,0.0,0.35,1,50.0,0.0,중립,False,최근 중요 공시 신호 없음,0.0,-0.3,회피,-6.71,20.87,Low,RiskOn,중형,0.0186,0.2139,0.0672,0.2296,3,0.1269,0.0721,-0.0094,0.0038,2,4,3.25945241199479,2.590673575129543,-0.8760951188986232,-0.8760951188986232,0.0,32.29,3.9,15.03,연기금,유지,"중형주 핵심 연기금, 외국인 37, 연기금 60, 투신·사모 0, 지속성 80",1.98,0.65,39.66,"시장대비 5일 +2.0%p·20일 +0.7%p, 거래대금 상위 33%, 추세 60",조건미충족,False,0.0,"조건미충족: 20일 +2.6%, 고점대비 -0.9%, MA20 이격 +1.5%, 거래대금 0.63배",20.68,RiskOn,관찰,관찰,0.0,연기금 10일 순매수 · 정배열 확인 전,추세훼손,제외,연기금 수급 15.0 · 주도성 39.7 · 조건미충족 · 공시 중립,관찰
에스원,12750,KOSPI,분류안됨,분류안됨,11.29,11,51.8,0.72,상승장 (보수적 반영),82700.0,-0.6009615384615419,-0.2043125496311904,0.1833437899180378,-0.1508505423531029,0.0128368758267402,3,0,100.4,0.8,56.1,59.2,29.1,49.5,52.4,0.94,True,False,60.0,83060.0,83270.0,82360.0,0.0,31425.006009615383,20.1,10.45,0.0,0.35,1,50.0,0.0,중립,False,최근 중요 공시 신호 없음,0.0,-0.3,회피,0.29,20.8,Low,RiskOn,중형,0.0151,-0.0159,0.012,0.0602,3,-0.0225,-0.0905,0.0069,-0.0007,3,2,-0.7202881152461038,3.11720698254363,-3.3878504672897214,-3.3878504672897214,0.0,33.3,0.87,0.0,연기금,유지,"중형주 핵심 연기금, 외국인 0, 연기금 14, 투신·사모 14, 지속성 40",-2.0,1.18,29.39,"시장대비 5일 -2.0%p·20일 +1.2%p, 거래대금 상위 27%, 추세 60",눌림대기,False,83.33,"눌림대기: 20일 +3.1%, 고점대비 -3.4%, MA20 이격 +0.4%, 거래대금 0.94배",22.97,RiskOn,관찰,관찰,0.0,정배열 확인 전,추세훼손,제외,연기금 수급 0.0 · 주도성 29.4 · 눌림대기 · 공시 중립,관찰
녹십자,6280,KOSPI,분류안됨,분류안됨,11.14,14,44.6,-2.16,상승장 (보수적 반영),126500.0,-2.165506573859244,-0.1159738028528603,-0.1010280537245967,0.04155438308269,-0.0097588940183058,0,3,100.7,0.8,50.6,77.1,18.4,23.8,27.8,0.86,False,False,60.0,125040.0,124260.0,125560.0,0.0,14782.791956689867,-30.47,-0.38,0.0,0.35,1,50.0,0.0,중립,False,최근 중요 공시 신호 없음,0.0,-0.3,회피,0.93,19.55,Low,RiskOn,중형,-0.001,-0.0499,-0.0239,0.3834,2,0.0791,0.0359,0.042,-0.0085,4,3,2.5952960259529645,-0.3937007874015741,-2.7671022290545744,-2.7671022290545744,10.5,27.25,6.88,0.0,연기금,미확인,"중형주 핵심 연기금, 외국인 28, 연기금 0, 투신·사모 41, 지속성 60",1.32,-2.34,29.08,"시장대비 5일 +1.3%p·20일 -2.3%p, 거래대금 상위 13%, 추세 60",조건미충족,False,0.0,"조건미충족: 20일 -0.4%, 고점대비 -2.8%, MA20 이격 +0.7%, 거래대금 0.86배",9.64,RiskOn,관찰,관찰,0.0,정배열 확인 전,수급훼손,제외,연기금 수급 0.0 · 주도성 29.1 · 조건미충족 · 공시 중립,관찰
삼아알미늄,6110,KOSPI,분류안됨,분류안됨,9.1,31,43.0,-2.8,상승장 (보수적 반영),62600.0,3.9867109634551534,0.6651238244116969,-1.1681268630296973,0.0807166813590346,0.0871569180699281,0,1,102.3,5.1,43.1,195.8,160.3,96.9,91.3,1.06,False,False,60.0,60000.0,58570.0,61195.0,0.0,9466.950166112958,0.0,0.0,0.0,0.35,1,50.0,0.0,중립,False,최근 중요 공시 신호 없음,0.0,0.0,대기,8.0,25.68,Medium,RiskOn,소형,0.253,0.2071,0.7161,1.0332,5,-0.2984,0.257,0.4171,0.4756,1,4,16.141001855287573,-8.345534407027822,-9.537572254335258,-9.537572254335258,35.96,23.0,13.81,48.89,연기금,유지,"소형주 핵심 연기금, 외국인 0, 연기금 85, 투신·사모 97, 지속성 80",14.86,-10.29,49.34,"시장대비 5일 +14.9%p·20일 -10.3%p, 거래대금 상위 37%, 추세 60",조건미충족,False,0.0,"조건미충족: 20일 -8.3%, 고점대비 -9.5%, MA20 이격 +2.3%, 거래대금 1.06배",38.57,RiskOn,관찰,관찰,0.0,연기금 10일 순매수 · 거래대금 대비 수급 양호 · 기관 동행 · 정배열 확인 전,추세훼손,제외,연기금 수급 48.9 · 주도성 49.3 · 조건미충족 · 공시 중립,관찰
현대오토에버,307950,KOSPI,분류안됨,분류안됨,8.93,11,51.8,0.72,상승장 (보수적 반영),382000.0,0.5263157894736858,0.2219401359535308,-0.2623201955195512,0.0684269344600446,-0.0562399227182105,3,0,100.7,0.7,50.3,88.7,128.1,137.1,163.5,0.84,False,False,60.0,375500.0,373450.0,379250.0,0.0,104759.47894736842,56.71,10.27,0.0,0.35,1,50.0,0.0,중립,False,최근 중요 공시 신호 없음,0.0,-0.3,회피,5.82,22.16,Low,RiskOn,대형,-0.092,-0.1271,-0.1367,-0.4452,1,0.0535,0.0962,0.0161,-0.0203,3,0,1.192052980132452,-0.9079118028534339,-4.975124378109452,-4.975124378109452,0.0,41.58,0.23,21.72,외국인,유지,"대형주 핵심 외국인, 외국인 28, 연기금 0, 투신·사모 0, 지속성 60",-0.09,-2.85,32.27,"시장대비 5일 -0.1%p·20일 -2.9%p, 거래대금 상위 51%, 추세 60",조건미충족,False,0.0,"조건미충족: 20일 -0.9%, 고점대비 -5.0%, MA20 이격 +0.7%, 거래대금 0.84배",21.25,RiskOn,관찰,관찰,0.0,정배열 확인 전,수급훼손,제외,외국인 수급 21.7 · 주도성 32.3 · 조건미충족 · 공시 중립,관찰
iM금융지주,139130,KOSPI,분류안됨,분류안됨,8.44,8,51.8,0.72,상승장 (보수적 반영),18470.0,0.4896626768226442,-0.4522084309277705,0.2914033815928752,0.2038345348396127,-0.3388888360417062,0,2,100.4,1.3,45.2,47.5,40.4,78.2,75.3,1.04,True,False,60.0,18572.0,18334.0,18402.5,0.4554,29249.526115342767,6.86,7.27,0.0,0.35,1,50.0,0.0,중립,False,최근 중요 공시 신호 없음,0.0,0.0,대기,0.65,22.46,Low,RiskOn,중형,0.0171,0.0185,0.0951,0.4003,5,-0.1472,-0.2933,0.1754,-0.0159,1,3,3.7057832678270675,-2.067868504772008,-3.044619422572181,-3.044619422572181,27.72,28.03,10.98,4.21,연기금,유지,"중형주 핵심 연기금, 외국인 0, 연기금 28, 투신·사모 70, 지속성 60",2.43,-4.01,34.76,"시장대비 5일 +2.4%p·20일 -4.0%p, 거래대금 상위 33%, 추세 60",조건미충족,False,0.0,"조건미충족: 20일 -2.1%, 고점대비 -3.0%, MA20 이격 +0.4%, 거래대금 1.04배",14.24,RiskOn,관찰,관찰,0.0,연기금 10일 순매수 · 기관 동행 · 정배열 확인 전,추세훼손,제외,연기금 수급 4.2 · 주도성 34.8 · 조건미충족 · 공시 중립,관찰
케이엠더블유,32500,KOSDAQ,분류안됨,분류안됨,7.2,11,43.0,-2.8,상승장 (보수적 반영),21000.0,8.024691358024683,-0.3683647307346641,0.2003584939701118,-0.0529845720137945,0.0011709563381753,0,1,120.8,2.6,85.8,348.3,111.9,45.5,50.3,0.9,True,True,100.0,19386.0,19277.0,17387.5,0.0,8860.185185185184,0.0,0.0,0.0,0.35,1,50.0,0.0,중립,False,최근 중요 공시 신호 없음,0.0,-1.0,대기,0.0,22.06,Low,RiskOn,소형,0.0639,0.0933,0.1184,0.2959,5,0.1461,-0.2142,0.0078,0.0233,4,2,7.361963190184051,45.934676858929805,0.0,7.361963190184051,21.02,8.18,7.92,14.89,연기금,유지,"소형주 핵심 연기금, 외국인 16, 연기금 55, 투신·사모 39, 지속성 40",6.08,43.99,80.52,"시장대비 5일 +6.1%p·20일 +44.0%p, 거래대금 상위 27%, 추세 100",돌파대기,False,40.0,"돌파대기: 20일 +45.9%, 고점대비 +0.0%, MA20 이격 +20.8%, 거래대금 0.90배",40.18,RiskOn,과열주의,관찰,0.0,연기금 10일 순매수 · 이격/RSI 과열,익절/추격주의,제외,연기금 수급 14.9 · 주도성 80.5 · 돌파대기 · 공시 중립,관찰
SK리츠,395400,KOSPI,분류안됨,분류안됨,6.56,10,47.4,-1.04,상승장 (보수적 반영),5330.0,1.5238095238095273,-0.0640286965782614,-0.210757899264858,-0.011375191247203,0.0224452965624239,1,0,101.1,0.3,50.3,78.9,9.0,10.1,11.4,0.89,False,False,60.0,5266.0,5258.0,5270.5,0.0,16043.80761904762,42.5,1.04,0.0,0.35,1,50.0,0.0,중립,False,최근 중요 공시 신호 없음,0.0,-0.3,회피,4.91,20.67,Low,RiskOn,중형,-0.0398,-0.1104,-0.1787,-1.0463,1,0.0212,-0.0079,-0.045,-0.0001,3,0,-0.5597014925373123,-2.3809523809523836,-0.9293680297397744,-2.3809523809523836,0.0,24.26,0.04,0.0,연기금,미확인,"중형주 핵심 연기금, 외국인 9, 연기금 0, 투신·사모 0, 지속성 0",-1.84,-4.32,18.3,"시장대비 5일 -1.8%p·20일 -4.3%p, 거래대금 상위 5%, 추세 60",조건미충족,False,0.0,"조건미충족: 20일 -2.4%, 고점대비 -0.9%, MA20 이격 +1.1%, 거래대금 0.89배",6.14,RiskOn,관찰,관찰,0.0,정배열 확인 전,수급훼손,제외,연기금 수급 0.0 · 주도성 18.3 · 조건미충족 · 공시 중립,관찰
넷마블,251270,KOSPI,분류안됨,분류안됨,6.22,6,50.8,0.32,상승장 (보수적 반영),35150.0,0.7163323782235054,-13.013414161670456,-0.2774658336007029,0.1014142268782606,0.023942394399775,3,0,100.2,0.9,41.4,110.0,51.0,50.1,236.0,0.21,False,False,60.0,34900.0,34690.0,35082.5,0.0,29229.893982808026,7.49,4.15,0.0,0.35,1,50.0,0.0,중립,False,최근 중요 공시 신호 없음,0.0,-1.4,회피,-3.02,19.46,Low,RiskOn,중형,-0.0814,-0.1447,-0.1417,-0.0095,3,0.1357,-12.854,0.006,-0.0001,4,0,2.328966521106257,-5.000000000000004,-4.223433242506813,-5.000000000000004,2.0,29.57,0.65,0.0,연기금,미확인,"중형주 핵심 연기금, 외국인 0, 연기금 0, 투신·사모 12, 지속성 0",1.05,-6.94,36.57,"시장대비 5일 +1.1%p·20일 -6.9%p, 거래대금 상위 60%, 추세 60",조건미충족,False,0.0,"조건미충족: 20일 -5.0%, 고점대비 -4.2%, MA20 이격 +0.2%, 거래대금 0.21배",12.88,RiskOn,관찰,관찰,0.0,정배열 확인 전,수급훼손,제외,연기금 수급 0.0 · 주도성 36.6 · 조건미충족 · 공시 중립,관찰
HK이노엔,195940,KOSDAQ,분류안됨,분류안됨,5.96,5,50.2,0.08,상승장 (보수적 반영),40150.0,-1.1083743842364546,-0.8594006395675378,0.4103627939657205,-0.0100663155285755,-0.0728239650610272,0,0,100.8,1.3,43.3,48.7,15.8,29.7,34.5,0.86,False,False,60.0,39750.0,39280.0,39840.0,0.1417,11373.525862068966,13.3,5.87,0.0,0.35,1,50.0,0.0,중립,False,최근 중요 공시 신호 없음,0.0,0.0,대기,-2.06,20.41,Low,RiskOn,중형,0.0557,0.0997,0.0841,0.2299,2,-0.2063,-0.2899,0.0196,0.0977,0,3,3.346203346203347,-7.594936708860756,-4.518430439952437,-7.594936708860756,0.75,15.76,2.71,12.1,연기금,유지,"중형주 핵심 연기금, 외국인 0, 연기금 52, 투신·사모 61, 지속성 60",2.07,-9.54,31.12,"시장대비 5일 +2.1%p·20일 -9.5%p, 거래대금 상위 20%, 추세 60",조건미충족,False,0.0,"조건미충족: 20일 -7.6%, 고점대비 -4.5%, MA20 이격 +0.8%, 거래대금 0.86배",16.36,RiskOn,관찰,관찰,0.0,연기금 10일 순매수 · 정배열 확인 전,추세훼손,제외,연기금 수급 12.1 · 주도성 31.1 · 조건미충족 · 공시 중립,관찰
케어젠,214370,KOSDAQ,분류안됨,분류안됨,3.54,5,51.2,0.48,상승장 (보수적 반영),42350.0,-1.8539976825028948,0.146958167329419,-0.0093543004613033,0.0006045116267176,-0.0158758901058621,0,0,101.1,0.6,47.2,77.2,21.7,27.3,27.0,1.01,False,False,60.0,41550.0,40830.0,41877.5,0.0,22748.28041714948,99.3,9.23,0.0,0.35,1,50.0,0.0,중립,False,최근 중요 공시 신호 없음,0.0,-1.4,회피,1.27,21.51,Low,RiskOn,중형,0.0003,0.0003,0.0012,-0.1491,1,-0.0481,-0.0632,0.0014,0.0047,1,1,5.348258706467668,-10.465116279069765,-6.305309734513276,-10.465116279069765,0.0,18.36,0.08,0.0,연기금,유지,"중형주 핵심 연기금, 외국인 0, 연기금 2, 투신·사모 13, 지속성 20",4.07,-12.41,34.75,"시장대비 5일 +4.1%p·20일 -12.4%p, 거래대금 상위 13%, 추세 60",조건미충족,False,0.0,"조건미충족: 20일 -10.5%, 고점대비 -6.3%, MA20 이격 +1.1%, 거래대금 1.01배",12.28,RiskOn,관찰,관찰,0.0,연기금 10일 순매수 · 정배열 확인 전,추세훼손,제외,연기금 수급 0.0 · 주도성 34.8 · 조건미충족 · 공시 중립,관찰
리브스메드,491000,KOSDAQ,분류안됨,분류안됨,1.48,5,42.2,-3.12,상승장 (보수적 반영),36150.0,-1.498637602179842,-0.7494687267153418,-0.021123015151705,0.0668571415587834,-0.1344777696841733,0,0,113.1,4.4,58.8,89.7,71.6,80.1,66.9,1.2,True,False,60.0,32770.0,31130.0,31952.5,0.0,9129.106267029973,0.0,0.0,0.0,0.35,1,50.0,0.0,중립,False,최근 중요 공시 신호 없음,0.0,-0.4,대기,0.0,18.49,Low,RiskOn,소형,0.0,0.0,-0.0528,0.1167,2,0.1191,0.0907,0.0493,-0.0232,2,0,19.70198675496688,12.616822429906538,-1.498637602179842,-1.498637602179842,0.0,21.6,0.11,0.0,연기금,미확인,"소형주 핵심 연기금, 외국인 38, 연기금 0, 투신·사모 35, 지속성 0",18.42,10.68,71.05,"시장대비 5일 +18.4%p·20일 +10.7%p, 거래대금 상위 31%, 추세 60",눌림대기,False,50.0,"눌림대기: 20일 +12.6%, 고점대비 -1.5%, MA20 이격 +13.1%, 거래대금 1.20배",31.59,RiskOn,과열주의,관찰,0.0,이격/RSI 과열,추세훼손,제외,연기금 수급 0.0 · 주도성 71.0 · 눌림대기 · 공시 중립,관찰
1Q 머니마켓액티브,479080,KOSPI,분류안됨,분류안됨,1.26,5,42.2,-3.12,상승장 (보수적 반영),53930.0,0.0092721372276338,0.0,0.0,0.0017762502131945,0.0,0,0,100.2,1.3,100.0,23.0,5.9,23.3,18.5,1.26,True,True,100.0,53911.0,53889.0,53847.0,0.0,8679.804728789986,0.0,0.0,0.0,0.35,1,50.0,0.0,중립,False,최근 중요 공시 신호 없음,0.0,-1.0,대기,-0.9,20.37,Low,RiskOn,소형,0.0,0.0,0.001,0.0,0,0.0,0.0,0.0,0.0,0,0,0.07422527370568588,0.3162202380952328,0.0,0.00927213722763387,0.0,23.37,0.01,0.0,연기금,미확인,"소형주 핵심 연기금, 외국인 0, 연기금 0, 투신·사모 0, 지속성 0",-1.2,-1.63,31.04,"시장대비 5일 -1.2%p·20일 -1.6%p, 거래대금 상위 9%, 추세 100",조건미충족,False,0.0,"조건미충족: 20일 +0.3%, 고점대비 +0.0%, MA20 이격 +0.2%, 거래대금 1.26배",10.08,RiskOn,과열주의,관찰,0.0,이격/RSI 과열,익절/추격주의,제외,연기금 수급 0.0 · 주도성 31.0 · 조건미충족 · 공시 중립,관찰
KT&G,33780,KOSPI,분류안됨,분류안됨,18.02,17,58.2,3.28,상승장 (보수적 반영),175900.0,0.6868918145392033,0.0356251831424668,-0.0651877092468999,-0.0852339837816564,-0.0381317153985989,0,5,101.6,1.0,51.9,61.8,254.8,369.7,379.1,0.98,True,True,100.0,175880.0,175060.0,173155.0,0.0,182601.7195191757,13.63,11.77,0.0,0.35,1,50.0,0.0,중립,False,최근 중요 공시 신호 없음,0.0,-0.3,회피,4.59,21.37,Medium,RiskOn,대형,0.029,-0.0566,-0.133,-0.1984,2,-0.1542,-0.0528,0.004,0.0029,0,5,0.9179575444635768,0.8600917431192734,-0.7896221094190636,-0.7896221094190636,12.0,86.82,10.33,0.0,외국인,미확인,"대형주 핵심 외국인, 외국인 0, 연기금 6, 투신·사모 14, 지속성 0",-0.36,-1.08,47.09,"시장대비 5일 -0.4%p·20일 -1.1%p, 거래대금 상위 74%, 추세 100",조건미충족,False,0.0,"조건미충족: 20일 +0.9%, 고점대비 -0.8%, MA20 이격 +1.6%, 거래대금 0.98배",17.3,RiskOn,회피,관찰,18.92,대형 주도주 조건 · 기관 동행 · 역배열/추세 훼손,매도/제외,제외,외국인 수급 0.0 · 주도성 47.1 · 조건미충족 · 공시 중립,제외
인제니아테라퓨틱스(Reg.S),950260,KOSDAQ,분류안됨,분류안됨,31.54,35,42.2,-3.12,상승장 (보수적 반영),28700.0,-0.8635578583765069,0.4583818034304272,-0.0670431403224055,-0.0339390643148517,-0.3169988510517468,0,0,145.0,14.1,84.6,27.5,164.1,399.7,482.1,0.83,True,True,100.0,26660.0,23905.0,19793.5,0.0,14190.390328151989,0.0,0.0,0.0,0.35,1,50.0,0.0,중립,False,최근 중요 공시 신호 없음,0.0,-0.4,대기,-0.14,18.69,Medium,RiskOn,중형,0.0031,0.0319,0.2679,-0.0009,2,-0.0888,0.3198,0.0256,0.0126,2,1,17.622950819672134,66.3768115942029,-0.8635578583765069,-0.8635578583765069,8.0,37.62,2.67,26.98,연기금,유지,"중형주 핵심 연기금, 외국인 22, 연기금 25, 투신·사모 43, 지속성 20",16.34,64.44,95.62,"시장대비 5일 +16.3%p·20일 +64.4%p, 거래대금 상위 78%, 추세 100",돌파대기,False,20.0,"돌파대기: 20일 +66.4%, 고점대비 -0.9%, MA20 이격 +45.0%, 거래대금 0.83배",47.83,RiskOn,회피,관찰,12.38,연기금 10일 순매수 · 역배열/추세 훼손,매도/제외,제외,연기금 수급 27.0 · 주도성 95.6 · 돌파대기 · 공시 중립,제외
SFA반도체,36540,KOSDAQ,분류안됨,분류안됨,24.41,26,44.2,-2.32,상승장 (보수적 반영),11390.0,3.5454545454545405,7.959361539633798,-0.0170131038787139,-2.866252087431344,-0.5902219565522305,13,0,131.8,20.0,93.9,98.8,759.5,748.9,729.1,1.03,True,True,100.0,10858.0,10370.0,8640.5,0.0,18731.372727272726,-112.86,-3.93,0.0,0.35,1,50.0,0.0,중립,False,최근 중요 공시 신호 없음,0.0,-1.0,대기,-4.04,20.62,Medium,RiskOn,중형,-0.5502,-0.6212,-4.0334,-0.2111,1,2.5656,5.8131,-1.4831,-0.0712,5,0,7.757805108798488,96.37931034482759,0.0,3.5454545454545405,8.0,40.81,5.74,0.0,연기금,미확인,"중형주 핵심 연기금, 외국인 100, 연기금 0, 투신·사모 0, 지속성 0",6.48,94.44,93.24,"시장대비 5일 +6.5%p·20일 +94.4%p, 거래대금 상위 85%, 추세 100",돌파대기,False,40.0,"돌파대기: 20일 +96.4%, 고점대비 +0.0%, MA20 이격 +31.8%, 거래대금 1.03배",38.05,RiskOn,회피,관찰,11.37,역배열/추세 훼손,매도/제외,제외,연기금 수급 0.0 · 주도성 93.2 · 돌파대기 · 공시 중립,제외
삼성전기우,9155,KOSPI,분류안됨,분류안됨,23.62,26,47.6,-0.96,상승장 (보수적 반영),525000.0,0.0,1.5322749164537055,-0.0166154904658934,-0.0025826616866522,-0.2517399908262892,2,0,103.7,3.2,60.9,40.0,46.4,98.5,150.9,0.65,True,True,100.0,525600.0,516250.0,506200.0,0.0,15261.0,38.59,0.0,0.0,0.35,1,50.0,0.0,중립,False,최근 중요 공시 신호 없음,0.0,1.1,대기,5.87,19.33,Medium,RiskOn,중형,0.0,-0.0166,-0.2469,0.3154,4,0.678,1.3114,-0.0259,-0.0012,4,0,1.5473887814313247,1.9417475728155331,-0.9433962264150941,-0.9433962264150941,30.36,57.36,7.45,0.0,연기금,미확인,"중형주 핵심 연기금, 외국인 90, 연기금 0, 투신·사모 0, 지속성 0",0.27,0.0,45.59,"시장대비 5일 +0.3%p·20일 +0.0%p, 거래대금 상위 50%, 추세 100",조건미충족,False,0.0,"조건미충족: 20일 +1.9%, 고점대비 -0.9%, MA20 이격 +3.7%, 거래대금 0.65배",15.72,RiskOn,회피,관찰,11.01,거래대금 대비 수급 양호 · 역배열/추세 훼손,매도/제외,제외,연기금 수급 0.0 · 주도성 45.6 · 조건미충족 · 공시 중립,제외
OCI홀딩스,10060,KOSPI,분류안됨,태양광;신재생,23.69,22,51.2,0.48,상승장 (보수적 반영),236500.0,7.0135746606334815,0.4835353608055727,-0.4809092632252387,-1.0971456683752936,-0.5487542014934784,0,5,110.3,8.4,55.3,111.1,894.0,744.6,609.4,1.22,True,False,60.0,225200.0,211700.0,214425.0,0.0,44154.87104072398,110.97,-2.27,0.0,0.35,1,50.0,0.0,중립,False,최근 중요 공시 신호 없음,0.0,0.6,대기,-1.41,19.85,Medium,RiskOn,중형,0.2273,-0.0003,-0.0099,0.2654,3,-0.1554,-0.8199,0.0192,0.1975,2,5,14.805825242718452,-1.8672199170124526,0.0,-1.8672199170124526,34.97,63.45,16.8,58.66,연기금,유지,"중형주 핵심 연기금, 외국인 0, 연기금 71, 투신·사모 76, 지속성 100",13.53,-3.81,58.38,"시장대비 5일 +13.5%p·20일 -3.8%p, 거래대금 상위 82%, 추세 60",조건미충족,False,0.0,"조건미충족: 20일 -1.9%, 고점대비 +0.0%, MA20 이격 +10.3%, 거래대금 1.22배",46.95,RiskOn,회피,관찰,1.53,거래대금 대비 수급 양호 · 대형 주도주 조건 · 기관 동행 · 역배열/추세 훼손,매도/제외,제외,연기금 수급 58.7 · 주도성 58.4 · 조건미충족 · 공시 중립,제외
로보티즈,108490,KOSDAQ,분류안됨,휴머노이드;로봇,41.58,54,47.76,-0.9,상승장 (보수적 반영),310500.0,4.721753794266448,3.155431159984992,0.4257243168937858,-0.1766313206601029,0.9306015294814632,3,5,102.9,6.3,67.4,149.5,847.3,571.1,1289.5,0.44,False,False,20.0,291900.0,298300.0,301825.0,0.0,45540.34907251265,-1216.17,2.49,0.0,0.35,1,50.0,0.0,중립,False,최근 중요 공시 신호 없음,0.0,1.1,대기,8.0,19.26,High,RiskOn,대형,0.0639,0.0145,-1.0259,0.0123,3,0.2339,0.2031,-0.0108,-0.1353,3,5,3.1561461794019863,25.70850202429149,-4.314329738058554,-4.314329738058554,3.06,44.34,13.48,19.23,외국인,유지,"대형주 핵심 외국인, 외국인 65, 연기금 44, 투신·사모 0, 지속성 60",1.88,23.77,67.49,"시장대비 5일 +1.9%p·20일 +23.8%p, 거래대금 상위 94%, 추세 20",눌림대기,False,50.0,"눌림대기: 20일 +25.7%, 고점대비 -4.3%, MA20 이격 +2.9%, 거래대금 0.44배",39.55,RiskOn,회피,관찰,0.0,연기금 10일 순매수 · 기관 동행 · 역배열/추세 훼손,매도/제외,제외,외국인 수급 19.2 · 주도성 67.5 · 눌림대기 · 공시 중립,제외
코스맥스,192820,KOSPI,분류안됨,분류안됨,31.73,33,54.2,1.68,상승장 (보수적 반영),269500.0,-3.405017921146958,-0.8467902196199957,-0.536088996677005,0.8039880646388868,1.8444905324086485,0,0,98.8,3.6,43.6,187.0,343.1,218.0,269.9,0.81,False,False,40.0,272800.0,272600.0,272700.0,0.0,30586.801075268817,16.32,23.86,0.0,0.35,1,50.0,0.0,중립,False,최근 중요 공시 신호 없음,0.0,0.0,대기,6.9,19.39,Medium,RiskOn,중형,-0.0197,-0.1506,-0.0954,0.3387,5,-0.1892,0.1269,0.012,0.4012,2,2,-0.9191176470588203,-5.604203152364273,-4.432624113475181,-5.604203152364273,43.75,19.66,14.13,0.0,연기금,미확인,"중형주 핵심 연기금, 외국인 0, 연기금 0, 투신·사모 88, 지속성 40",-2.2,-7.55,25.66,"시장대비 5일 -2.2%p·20일 -7.5%p, 거래대금 상위 63%, 추세 40",조건미충족,False,0.0,"조건미충족: 20일 -5.6%, 고점대비 -4.4%, MA20 이격 -1.2%, 거래대금 0.81배",9.4,RiskOn,회피,관찰,0.0,거래대금 대비 수급 양호 · 기관 동행 · 역배열/추세 훼손,매도/제외,제외,연기금 수급 0.0 · 주도성 25.7 · 조건미충족 · 공시 중립,제외
맥쿼리인프라,88980,KOSPI,분류안됨,분류안됨,26.9,32,47.2,-1.12,상승장 (보수적 반영),9820.0,0.7179487179487243,-0.8648388633755132,0.7170820118604666,0.02942838859788,0.0025092878935238,0,25,100.0,0.6,44.8,67.5,40.1,54.2,66.1,0.82,False,False,40.0,9818.0,9796.0,9823.5,0.6404,47029.238974358974,0.0,0.0,0.0,0.35,1,50.0,0.0,중립,False,최근 중요 공시 신호 없음,0.0,-1.4,회피,6.01,20.15,Medium,RiskOn,중형,0.1571,0.2812,0.2823,0.6428,4,-0.1446,-0.3515,0.0056,-0.0,1,5,0.4089979550102152,-0.40567951318458695,-1.2072434607645843,-1.2072434607645843,26.85,12.1,35.0,19.47,연기금,유지,"중형주 핵심 연기금, 외국인 0, 연기금 81, 투신·사모 11, 지속성 100",-0.87,-2.35,22.94,"시장대비 5일 -0.9%p·20일 -2.4%p, 거래대금 상위 30%, 추세 40",조건미충족,False,0.0,"조건미충족: 20일 -0.4%, 고점대비 -1.2%, MA20 이격 +0.0%, 거래대금 0.82배",16.51,RiskOn,회피,관찰,0.0,연기금 10일 순매수 · 기관 동행 · 역배열/추세 훼손,매도/제외,제외,연기금 수급 19.5 · 주도성 22.9 · 조건미충족 · 공시 중립,제외
우리기술,32820,KOSDAQ,분류안됨,분류안됨,26.77,30,42.4,-3.04,상승장 (보수적 반영),12720.0,1.4354066985645897,-1.5522869226307985,0.1106802279943153,-0.117494091621377,-0.0643040897556583,1,0,99.3,5.9,62.4,81.0,236.6,259.6,916.3,0.28,False,False,40.0,12492.0,12944.0,12812.5,0.0,21978.00956937799,-365.0,0.67,0.0,0.35,1,50.0,0.0,중립,False,최근 중요 공시 신호 없음,0.0,1.1,대기,3.01,17.82,Medium,RiskOn,중형,0.0005,0.037,-0.1101,-0.0336,0,-0.0895,-0.843,-0.0066,-0.0894,2,1,-1.851851851851849,19.774011299435035,-12.876712328767127,-12.876712328767127,0.0,44.4,0.59,0.0,연기금,유지,"중형주 핵심 연기금, 외국인 0, 연기금 24, 투신·사모 0, 지속성 20",-3.13,17.83,57.86,"시장대비 5일 -3.1%p·20일 +17.8%p, 거래대금 상위 89%, 추세 40",조건미충족,False,0.0,"조건미충족: 20일 +19.8%, 고점대비 -12.9%, MA20 이격 -0.7%, 거래대금 0.28배",19.49,RiskOn,회피,관찰,0.0,연기금 10일 순매수 · 역배열/추세 훼손,매도/제외,제외,연기금 수급 0.0 · 주도성 57.9 · 조건미충족 · 공시 중립,제외
제이앤티씨,204270,KOSDAQ,분류안됨,분류안됨,25.99,30,42.2,-3.12,상승장 (보수적 반영),21850.0,-0.4555808656036442,-0.9064250761157476,0.0363157191855442,-0.0302438899673412,-0.1249492480160271,0,0,98.9,9.2,60.1,73.4,175.3,233.5,253.7,0.92,False,False,40.0,22410.0,23205.0,22089.0,0.0,12639.154897494303,-19.39,-31.32,0.0,0.35,1,50.0,0.0,중립,False,최근 중요 공시 신호 없음,0.0,1.1,대기,4.63,18.11,Medium,RiskOn,중형,0.0,0.0,-0.0719,-0.0709,2,-0.4205,-0.4704,0.0014,0.0666,2,0,-8.193277310924374,16.28525811601915,-13.29365079365079,-13.29365079365079,12.0,19.26,2.79,0.0,연기금,미확인,"중형주 핵심 연기금, 외국인 0, 연기금 0, 투신·사모 50, 지속성 0",-9.47,14.34,36.12,"시장대비 5일 -9.5%p·20일 +14.3%p, 거래대금 상위 61%, 추세 40",조건미충족,False,0.0,"조건미충족: 20일 +16.3%, 고점대비 -13.3%, MA20 이격 -1.1%, 거래대금 0.92배",11.86,RiskOn,회피,관찰,0.0,역배열/추세 훼손,매도/제외,제외,연기금 수급 0.0 · 주도성 36.1 · 조건미충족 · 공시 중립,제외
두산,150,KOSPI,분류안됨,분류안됨,25.88,24,47.4,-1.04,상승장 (보수적 반영),1337000.0,-3.395953757225434,-1.901684025963608,0.6252395568534412,0.3268213992623435,0.060582819418452,1,0,99.6,2.7,59.8,211.6,2004.4,1167.5,1205.4,0.97,False,False,40.0,1378600.0,1416200.0,1342750.0,0.0,216510.9205202312,76.23,4.99,0.0,0.35,1,50.0,0.0,중립,False,최근 중요 공시 신호 없음,0.0,1.1,대기,-4.23,17.54,Medium,RiskOn,대형,-0.03,0.3426,0.3021,-0.6785,0,-0.2418,-1.1927,-0.1479,-0.0789,1,3,-11.574074074074069,19.268510258697603,-11.574074074074069,-11.574074074074069,4.0,52.8,6.01,0.0,외국인,미확인,"대형주 핵심 외국인, 외국인 0, 연기금 63, 투신·사모 0, 지속성 20",-12.85,17.33,43.63,"시장대비 5일 -12.8%p·20일 +17.3%p, 거래대금 상위 93%, 추세 40",눌림대기,False,50.0,"눌림대기: 20일 +19.3%, 고점대비 -11.6%, MA20 이격 -0.4%, 거래대금 0.97배",22.51,RiskOn,회피,관찰,0.0,연기금 10일 순매수 · 역배열/추세 훼손,매도/제외,제외,외국인 수급 0.0 · 주도성 43.6 · 눌림대기 · 공시 중립,제외
롯데렌탈,89860,KOSPI,분류안됨,분류안됨,25.55,26,51.8,0.72,상승장 (보수적 반영),51500.0,0.9803921568627416,-0.1503044819481022,-0.1023109066399755,-0.1169658535766923,-0.02167248442916,3,0,103.7,1.2,59.4,156.7,57.4,44.8,40.2,1.11,True,True,100.0,50510.0,49855.0,49650.0,0.0,18698.539215686276,15.05,8.39,0.0,0.35,1,50.0,0.0,중립,False,최근 중요 공시 신호 없음,0.0,1.1,대기,5.3,20.57,Medium,RiskOn,중형,-0.0346,-0.0248,-0.1122,-0.1655,1,0.102,0.0095,-0.0282,-0.0238,3,0,3.726082578046319,1.980198019801982,0.0,0.9803921568627416,0.0,48.97,0.0,0.0,연기금,미확인,"중형주 핵심 연기금, 외국인 29, 연기금 0, 투신·사모 0, 지속성 0",2.45,0.04,45.58,"시장대비 5일 +2.5%p·20일 +0.0%p, 거래대금 상위 22%, 추세 100",조건미충족,False,0.0,"조건미충족: 20일 +2.0%, 고점대비 +0.0%, MA20 이격 +3.7%, 거래대금 1.11배",16.13,RiskOn,회피,관찰,0.0,역배열/추세 훼손,매도/제외,제외,연기금 수급 0.0 · 주도성 45.6 · 조건미충족 · 공시 중립,제외
알지노믹스,476830,KOSDAQ,분류안됨,분류안됨,24.98,27,42.2,-3.12,상승장 (보수적 반영),28200.0,-4.890387858347389,0.274206509882439,-0.2646267644593712,0.6208662606536453,-0.2452522118996826,0,0,105.1,7.3,56.2,94.6,105.2,114.9,72.1,1.59,False,False,20.0,26210.0,26305.0,26840.0,0.0,7911.217537942664,0.0,0.0,0.0,0.35,1,50.0,0.0,중립,False,최근 중요 공시 신호 없음,0.0,1.1,대기,0.0,18.33,Medium,RiskOn,소형,0.0162,0.0227,0.3439,0.3465,2,-0.2114,-0.0574,0.232,0.1734,2,2,10.37181996086105,1.6216216216216273,-4.890387858347389,-4.890387858347389,16.29,5.92,5.65,12.88,연기금,유지,"소형주 핵심 연기금, 외국인 0, 연기금 30, 투신·사모 88, 지속성 40",9.09,-0.32,44.93,"시장대비 5일 +9.1%p·20일 -0.3%p, 거래대금 상위 32%, 추세 20",조건미충족,False,0.0,"조건미충족: 20일 +1.6%, 고점대비 -4.9%, MA20 이격 +5.1%, 거래대금 1.59배",20.74,RiskOn,회피,관찰,0.0,연기금 10일 순매수 · 역배열/추세 훼손,매도/제외,제외,연기금 수급 12.9 · 주도성 44.9 · 조건미충족 · 공시 중립,제외
현대지에프홀딩스,5440,KOSPI,분류안됨,분류안됨,24.22,21,59.2,3.68,상승장 (보수적 반영),12690.0,1.1961722488038171,-0.971212392515579,0.733109979200576,-0.0768415265218868,0.0507765978170164,0,30,98.9,1.1,56.4,125.5,58.0,50.5,42.6,1.19,False,False,40.0,12706.0,12865.0,12832.5,0.3856,23273.095693779906,5.68,11.18,0.0,0.35,1,50.0,0.0,중립,False,최근 중요 공시 신호 없음,0.0,-0.3,회피,0.36,17.67,Medium,RiskOn,중형,0.1851,0.3682,0.2932,-0.4943,1,-0.4254,-0.7079,-0.0541,-0.0087,0,5,-2.5345622119815614,7.088607594936702,-8.573487031700289,-8.573487031700289,0.0,13.53,35.0,19.53,연기금,유지,"중형주 핵심 연기금, 외국인 0, 연기금 86, 투신·사모 0, 지속성 100",-3.81,5.15,31.13,"시장대비 5일 -3.8%p·20일 +5.2%p, 거래대금 상위 23%, 추세 40",눌림대기,False,66.67,"눌림대기: 20일 +7.1%, 고점대비 -8.6%, MA20 이격 -1.1%, 거래대금 1.19배",30.6,RiskOn,회피,관찰,0.0,연기금 10일 순매수 · 기관 동행 · 역배열/추세 훼손,매도/제외,제외,연기금 수급 19.5 · 주도성 31.1 · 눌림대기 · 공시 중립,제외
에코프로머티,450080,KOSPI,분류안됨,2차전지;전구체,21.42,36,47.8,-0.88,상승장 (보수적 반영),38050.0,2.976995940460081,-0.0225419501807115,-0.064440149835033,-0.0872234716256607,-0.0198187599367503,3,0,106.4,2.6,60.6,153.3,192.1,139.2,94.6,1.47,True,False,60.0,35990.0,35440.0,35775.0,0.0,26943.93098782138,39.52,2.56,0.0,0.35,1,50.0,0.0,중립,False,최근 중요 공시 신호 없음,0.0,0.0,대기,8.0,19.51,Medium,RiskOn,중형,-0.0924,-0.0893,-0.2241,-0.197,2,0.2618,0.2027,-0.1232,0.0155,4,3,8.86981402002862,8.404558404558404,0.0,0.7947019867549754,0.0,34.49,0.0,0.0,연기금,미확인,"중형주 핵심 연기금, 외국인 69, 연기금 0, 투신·사모 0, 지속성 60",7.59,6.46,64.3,"시장대비 5일 +7.6%p·20일 +6.5%p, 거래대금 상위 38%, 추세 60",돌파대기,False,80.0,"돌파대기: 20일 +8.4%, 고점대비 +0.0%, MA20 이격 +6.4%, 거래대금 1.47배",34.28,RiskOn,회피,관찰,0.0,역배열/추세 훼손,매도/제외,제외,연기금 수급 0.0 · 주도성 64.3 · 돌파대기 · 공시 중립,제외
GS건설,6360,KOSPI,분류안됨,분류안됨,17.57,20,48.2,-0.72,상승장 (보수적 반영),33100.0,0.4552352048558417,0.5063657727840405,-0.1475441750521675,1.013560314653548,0.0210141133007116,5,0,92.9,7.3,47.3,73.8,360.1,412.7,580.4,0.71,False,False,0.0,33910.0,35165.0,35620.0,0.0,28327.371775417298,24.43,2.03,0.0,0.35,1,50.0,0.0,중립,False,최근 중요 공시 신호 없음,0.0,-1.4,회피,0.71,19.0,Medium,RiskOn,중형,-0.4991,-0.254,-1.6775,-0.3642,2,1.4422,0.4144,-0.2246,-0.7437,5,0,-4.335260115606932,2.635658914728678,-14.02597402597403,-14.02597402597403,8.0,13.57,3.77,0.0,연기금,미확인,"중형주 핵심 연기금, 외국인 93, 연기금 0, 투신·사모 0, 지속성 0",-5.61,0.69,9.48,"시장대비 5일 -5.6%p·20일 +0.7%p, 거래대금 상위 82%, 추세 0",조건미충족,False,0.0,"조건미충족: 20일 +2.6%, 고점대비 -14.0%, MA20 이격 -7.1%, 거래대금 0.71배",3.14,RiskOn,회피,관찰,0.0,역배열/추세 훼손,매도/제외,제외,연기금 수급 0.0 · 주도성 9.5 · 조건미충족 · 공시 중립,제외
HDC,12630,KOSPI,분류안됨,분류안됨,16.93,15,54.4,1.76,상승장 (보수적 반영),23600.0,-4.646464646464644,0.6698297497331993,0.4853930064327341,-0.1014485682889448,-0.2502909159016087,1,0,92.5,0.6,50.9,227.4,28.3,16.4,26.9,0.61,False,False,40.0,24940.0,25540.0,25512.5,0.0,14098.973737373735,3.71,10.82,0.0,0.35,1,50.0,0.0,중립,False,최근 중요 공시 신호 없음,0.0,-1.4,회피,-3.66,19.2,Low,RiskOn,중형,0.0497,0.0838,-0.0453,-0.1422,2,0.0186,0.0285,-0.0791,-0.0071,2,3,-7.269155206286837,7.272727272727275,-17.04745166959578,-17.04745166959578,0.0,0.0,2.91,2.62,연기금,유지,"중형주 핵심 연기금, 외국인 14, 연기금 50, 투신·사모 0, 지속성 60",-8.55,5.33,9.4,"시장대비 5일 -8.6%p·20일 +5.3%p, 거래대금 상위 13%, 추세 40",조건미충족,False,0.0,"조건미충족: 20일 +7.3%, 고점대비 -17.0%, MA20 이격 -7.5%, 거래대금 0.61배",4.91,RiskOn,회피,관찰,0.0,연기금 10일 순매수 · 역배열/추세 훼손,매도/제외,제외,연기금 수급 2.6 · 주도성 9.4 · 조건미충족 · 공시 중립,제외
더블유게임즈,192080,KOSPI,분류안됨,분류안됨,16.53,17,55.2,2.08,상승장 (보수적 반영),59100.0,1.546391752577314,0.2391145020626719,-0.1020030503815963,-0.2609291104928085,-0.0027750626381602,1,1,102.2,0.8,55.4,50.4,11.6,20.3,24.9,0.82,True,True,100.0,58620.0,58510.0,57835.0,0.0,12512.546391752576,6.68,11.33,0.0,0.35,1,50.0,0.0,중립,False,최근 중요 공시 신호 없음,0.0,-0.3,회피,5.25,18.62,Medium,RiskOn,중형,0.0018,-0.0798,-0.2026,0.1404,3,0.1231,0.2663,-0.0352,-0.0002,4,3,1.3722126929674117,2.7826086956521667,0.0,0.339558573853993,0.0,44.51,1.63,0.0,연기금,미확인,"중형주 핵심 연기금, 외국인 56, 연기금 0, 투신·사모 0, 지속성 60",0.09,0.84,38.93,"시장대비 5일 +0.1%p·20일 +0.8%p, 거래대금 상위 12%, 추세 100",조건미충족,False,0.0,"조건미충족: 20일 +2.8%, 고점대비 +0.0%, MA20 이격 +2.2%, 거래대금 0.82배",14.15,RiskOn,회피,관찰,0.0,역배열/추세 훼손,매도/제외,제외,연기금 수급 0.0 · 주도성 38.9 · 조건미충족 · 공시 중립,제외
한국콜마,161890,KOSPI,분류안됨,분류안됨,15.82,20,51.2,0.48,상승장 (보수적 반영),137000.0,-6.484641638225252,1.1286627548206398,-0.537109147073928,0.3443763635551947,-0.2008810533694613,0,0,94.4,6.3,33.2,325.0,925.1,410.3,424.7,0.97,False,False,40.0,145580.0,145910.0,145120.0,0.0,32338.546075085327,17.8,14.69,0.0,0.35,1,50.0,0.0,중립,False,최근 중요 공시 신호 없음,0.0,-1.4,회피,7.59,19.77,Medium,RiskOn,중형,-0.2454,-0.2216,-0.7143,-0.4146,4,-0.2652,0.5571,-0.0567,-0.1098,2,1,-6.802721088435371,-11.612903225806448,-9.030544488711822,-11.612903225806448,20.0,25.06,5.55,0.0,연기금,미확인,"중형주 핵심 연기금, 외국인 8, 연기금 0, 투신·사모 0, 지속성 20",-8.08,-13.55,13.12,"시장대비 5일 -8.1%p·20일 -13.6%p, 거래대금 상위 76%, 추세 40",조건미충족,False,0.0,"조건미충족: 20일 -11.6%, 고점대비 -9.0%, MA20 이격 -5.6%, 거래대금 0.97배",4.71,RiskOn,회피,관찰,0.0,역배열/추세 훼손,매도/제외,제외,연기금 수급 0.0 · 주도성 13.1 · 조건미충족 · 공시 중립,제외
대우건설,47040,KOSPI,분류안됨,분류안됨,15.8,15,42.2,-3.12,상승장 (보수적 반영),17630.0,-0.7319819819819773,-1.2748666038430696,-0.7557477193677701,-0.01346246363249,-0.1477249754645343,0,0,95.6,8.8,53.2,34.0,511.6,1274.8,1536.2,0.83,False,False,0.0,17836.0,18111.0,18432.0,0.0,72442.82150900901,-14.5,-23.89,0.0,0.35,1,50.0,0.0,중립,False,최근 중요 공시 신호 없음,0.0,0.0,대기,-8.0,18.95,Low,RiskOn,대형,-0.0446,-0.1401,-0.4027,-0.053,2,-0.0218,-1.3871,-0.019,-0.0379,2,3,1.089449541284404,8.292383292383288,-11.717576364546822,-11.717576364546822,8.0,34.99,1.76,0.0,외국인,미확인,"대형주 핵심 외국인, 외국인 0, 연기금 0, 투신·사모 0, 지속성 40",-0.19,6.35,41.45,"시장대비 5일 -0.2%p·20일 +6.3%p, 거래대금 상위 97%, 추세 0",눌림대기,False,33.33,"눌림대기: 20일 +8.3%, 고점대비 -11.7%, MA20 이격 -4.4%, 거래대금 0.83배",18.73,RiskOn,회피,관찰,0.0,역배열/추세 훼손,매도/제외,제외,외국인 수급 0.0 · 주도성 41.5 · 눌림대기 · 공시 중립,제외
삼성E&A,28050,KOSPI,분류안됨,분류안됨,15.42,13,56.6,2.64,상승장 (보수적 반영),47650.0,0.6335797254487963,-0.4936312734222753,0.4356086188620253,0.2565261885131806,0.1095786533396149,0,3,96.4,3.7,53.9,60.7,482.8,683.9,884.2,0.77,False,False,40.0,47970.0,49530.0,49435.0,0.0698,93394.0,14.9,13.76,0.0,0.35,1,50.0,0.0,중립,False,최근 중요 공시 신호 없음,0.0,0.0,대기,0.5,17.03,Low,RiskOn,중형,0.0258,0.2021,0.2196,-0.2975,2,-0.285,-0.9082,-0.0482,-0.1168,2,4,-3.444782168186422,9.038901601830673,-8.365384615384619,-8.365384615384619,8.0,43.79,10.03,36.42,연기금,유지,"중형주 핵심 연기금, 외국인 0, 연기금 61, 투신·사모 0, 지속성 80",-4.72,7.1,32.48,"시장대비 5일 -4.7%p·20일 +7.1%p, 거래대금 상위 88%, 추세 40",눌림대기,False,50.0,"눌림대기: 20일 +9.0%, 고점대비 -8.4%, MA20 이격 -3.6%, 거래대금 0.77배",35.92,RiskOn,회피,관찰,0.0,연기금 10일 순매수 · 기관 동행 · 역배열/추세 훼손,매도/제외,제외,연기금 수급 36.4 · 주도성 32.5 · 눌림대기 · 공시 중립,제외
SK이터닉스,475150,KOSPI,분류안됨,분류안됨,15.18,15,51.2,0.48,상승장 (보수적 반영),49600.0,0.3033367037411416,2.0944443536598625,-0.3550170215068525,-0.7155825660998544,-0.1820626516734373,0,0,98.1,8.8,49.1,89.4,264.6,297.6,438.4,0.68,False,False,0.0,49900.0,50085.0,50572.5,0.0,16897.10010111223,235.45,11.93,0.0,0.35,1,50.0,0.0,중립,False,최근 중요 공시 신호 없음,0.0,1.1,대기,3.26,16.52,Low,RiskOn,중형,-0.0522,0.0492,-0.3842,-0.1478,1,-0.3353,1.1474,-0.132,-0.0316,1,2,-2.3622047244094446,-2.5540275049115935,-6.766917293233088,-6.766917293233088,4.0,30.56,2.12,0.0,연기금,미확인,"중형주 핵심 연기금, 외국인 54, 연기금 0, 투신·사모 0, 지속성 40",-3.64,-4.5,20.18,"시장대비 5일 -3.6%p·20일 -4.5%p, 거래대금 상위 76%, 추세 0",조건미충족,False,0.0,"조건미충족: 20일 -2.6%, 고점대비 -6.8%, MA20 이격 -1.9%, 거래대금 0.68배",7.18,RiskOn,회피,관찰,0.0,연기금 10일 순매수 · 역배열/추세 훼손,매도/제외,제외,연기금 수급 0.0 · 주도성 20.2 · 조건미충족 · 공시 중립,제외
클래시스,214150,KOSDAQ,분류안됨,분류안됨,14.98,16,57.6,3.04,상승장 (보수적 반영),30800.0,-1.7543859649122862,-0.333582924647415,0.0059153346937278,0.058648646372514,-0.0806390341111507,2,0,98.5,1.0,44.6,173.1,55.0,39.0,44.6,0.87,False,False,0.0,30770.0,30880.0,31277.5,0.5977,20092.21052631579,14.73,26.21,0.0,0.35,1,50.0,0.0,중립,False,최근 중요 공시 신호 없음,0.0,-1.4,회피,6.2,17.86,Low,RiskOn,중형,0.0003,0.0008,-0.1088,-0.4149,1,0.0082,-0.1452,-0.007,-0.0894,3,1,0.32573289902280145,-4.643962848297212,-3.900156006240252,-4.643962848297212,0.0,0.0,0.13,0.0,연기금,유지,"중형주 핵심 연기금, 외국인 0, 연기금 6, 투신·사모 0, 지속성 20",-0.95,-6.59,12.42,"시장대비 5일 -0.9%p·20일 -6.6%p, 거래대금 상위 24%, 추세 0",조건미충족,False,0.0,"조건미충족: 20일 -4.6%, 고점대비 -3.9%, MA20 이격 -1.5%, 거래대금 0.87배",5.11,RiskOn,회피,관찰,0.0,연기금 10일 순매수 · 역배열/추세 훼손,매도/제외,제외,연기금 수급 0.0 · 주도성 12.4 · 조건미충족 · 공시 중립,제외
효성중공업,298040,KOSPI,분류안됨,분류안됨,14.75,13,55.8,2.32,상승장 (보수적 반영),2783000.0,-1.381998582565558,0.1772712228805906,-0.2823547760217859,-0.1362463979673917,0.055563199150619,0,2,98.2,1.7,51.8,71.9,659.7,899.7,960.8,0.94,False,False,40.0,2792400.0,2845200.0,2834100.0,0.0,259501.43656980863,46.08,24.41,0.0,0.35,1,50.0,0.0,중립,False,최근 중요 공시 신호 없음,0.0,1.1,대기,3.88,18.04,Low,RiskOn,대형,0.004,-0.1164,-0.1585,-0.4555,1,-0.1465,0.1143,-0.0755,-0.0239,1,2,-3.9019337016574562,0.6509945750452051,-6.138279932546375,-6.138279932546375,8.0,53.09,4.97,0.0,외국인,미확인,"대형주 핵심 외국인, 외국인 0, 연기금 0, 투신·사모 0, 지속성 20",-5.18,-1.29,18.82,"시장대비 5일 -5.2%p·20일 -1.3%p, 거래대금 상위 90%, 추세 40",조건미충족,False,0.0,"조건미충족: 20일 +0.7%, 고점대비 -6.1%, MA20 이격 -1.8%, 거래대금 0.94배",7.17,RiskOn,회피,관찰,0.0,역배열/추세 훼손,매도/제외,제외,외국인 수급 0.0 · 주도성 18.8 · 조건미충족 · 공시 중립,제외
한화에어로스페이스,12450,KOSPI,분류안됨,분류안됨,14.12,15,56.6,2.64,상승장 (보수적 반영),1067000.0,3.1914893617021267,-0.1615716981677496,0.0034219271978336,0.0630492893004921,0.023345733922527,0,3,101.2,0.9,54.2,97.5,1092.7,1006.8,1327.2,0.76,False,False,20.0,1030800.0,1047400.0,1054600.0,0.0,550180.9042553192,26.61,19.14,0.0,0.35,1,50.0,0.0,중립,False,최근 중요 공시 신호 없음,0.0,-0.3,회피,7.5,18.71,Low,RiskOn,대형,0.0196,-0.0066,-0.0015,0.1186,2,-0.0035,-0.1611,0.0123,-0.0014,3,3,4.50538687561215,4.09756097560976,-6.156552330694809,-6.156552330694809,17.12,50.95,8.54,0.0,외국인,미확인,"대형주 핵심 외국인, 외국인 0, 연기금 22, 투신·사모 19, 지속성 60",3.23,2.16,49.63,"시장대비 5일 +3.2%p·20일 +2.2%p, 거래대금 상위 95%, 추세 20",눌림대기,False,66.67,"눌림대기: 20일 +4.1%, 고점대비 -6.2%, MA20 이격 +1.2%, 거래대금 0.76배",28.03,RiskOn,회피,관찰,0.0,기관 동행 · 역배열/추세 훼손,매도/제외,제외,외국인 수급 0.0 · 주도성 49.6 · 눌림대기 · 공시 중립,제외
레인보우로보틱스,277810,KOSDAQ,분류안됨,분류안됨,13.24,16,47.6,-0.96,상승장 (보수적 반영),448500.0,2.1640091116173155,0.247275478703842,0.0005482830528789,-0.0137592841779165,0.0218485768297764,2,0,103.1,1.3,55.5,132.9,281.6,219.0,293.6,0.75,False,False,20.0,428700.0,431850.0,435150.0,0.0,87007.97835990888,5102.27,1.07,0.0,0.35,1,50.0,0.0,중립,False,최근 중요 공시 신호 없음,0.0,1.1,대기,6.77,17.76,Low,RiskOn,중형,-0.0003,-0.0059,0.1356,0.2791,3,0.1565,0.1452,0.0054,0.0108,2,1,3.5796766743648956,2.7491408934707806,-2.287581699346408,-2.287581699346408,31.88,26.29,7.45,0.0,연기금,미확인,"중형주 핵심 연기금, 외국인 52, 연기금 0, 투신·사모 28, 지속성 20",2.3,0.81,39.09,"시장대비 5일 +2.3%p·20일 +0.8%p, 거래대금 상위 65%, 추세 20",조건미충족,False,0.0,"조건미충족: 20일 +2.7%, 고점대비 -2.3%, MA20 이격 +3.1%, 거래대금 0.75배",13.44,RiskOn,회피,관찰,0.0,거래대금 대비 수급 양호 · 역배열/추세 훼손,매도/제외,제외,연기금 수급 0.0 · 주도성 39.1 · 조건미충족 · 공시 중립,제외
DL이앤씨,375500,KOSPI,분류안됨,건설;플랜트,13.22,13,51.4,0.56,상승장 (보수적 반영),75100.0,-1.1842105263157876,-0.874665067970039,0.6629291106490809,0.3194712903170739,0.1368557745768928,6,0,92.3,4.0,51.1,69.5,171.8,234.8,366.9,0.64,False,False,0.0,77900.0,81160.0,81365.0,0.1079,29058.75921052632,5.79,7.34,0.0,0.35,1,50.0,0.0,중립,False,최근 중요 공시 신호 없음,0.0,-1.4,회피,-2.49,17.8,Low,RiskOn,중형,0.024,0.2278,-0.3301,-0.2884,1,0.2935,0.0977,-0.0764,-0.4584,5,3,-7.169344870210137,7.285714285714295,-15.99552572706935,-15.99552572706935,0.0,20.66,4.48,20.22,연기금,유지,"중형주 핵심 연기금, 외국인 66, 연기금 62, 투신·사모 0, 지속성 60",-8.45,5.34,13.26,"시장대비 5일 -8.4%p·20일 +5.3%p, 거래대금 상위 72%, 추세 0",조건미충족,False,0.0,"조건미충족: 20일 +7.3%, 고점대비 -16.0%, MA20 이격 -7.7%, 거래대금 0.64배",13.88,RiskOn,회피,관찰,0.0,연기금 10일 순매수 · 역배열/추세 훼손,매도/제외,제외,연기금 수급 20.2 · 주도성 13.3 · 조건미충족 · 공시 중립,제외
아모레퍼시픽,90430,KOSPI,분류안됨,분류안됨,13.14,13,52.2,0.88,상승장 (보수적 반영),132500.0,-2.358142962417098,-0.4438679401315292,0.8510721229165389,0.0016459019440328,0.0410548454828847,0,14,93.8,1.6,31.8,112.0,251.8,246.8,283.9,0.87,False,False,0.0,138400.0,140800.0,141325.0,0.2719,77502.24760501106,33.44,4.41,0.0,0.35,1,50.0,0.0,중립,False,최근 중요 공시 신호 없음,0.0,-1.4,회피,-1.54,16.12,Low,RiskOn,중형,0.1886,0.5098,0.5033,0.0964,3,-0.1126,-0.462,-0.0235,-0.0735,1,5,-7.017543859649122,-6.886858749121572,-9.246575342465757,-9.246575342465757,19.34,0.0,32.91,50.58,연기금,유지,"중형주 핵심 연기금, 외국인 0, 연기금 89, 투신·사모 0, 지속성 100",-8.3,-8.83,2.93,"시장대비 5일 -8.3%p·20일 -8.8%p, 거래대금 상위 65%, 추세 0",조건미충족,False,0.0,"조건미충족: 20일 -6.9%, 고점대비 -9.2%, MA20 이격 -6.2%, 거래대금 0.87배",24.01,RiskOn,회피,관찰,0.0,연기금 10일 순매수 · 기관 동행 · 역배열/추세 훼손,매도/제외,제외,연기금 수급 50.6 · 주도성 2.9 · 조건미충족 · 공시 중립,제외
LG씨엔에스,64400,KOSPI,분류안됨,분류안됨,13.06,12,58.4,3.36,상승장 (보수적 반영),71800.0,1.555869872701554,0.3160506419071991,-0.3317893831538175,-0.0620495737549135,-0.0314634536327474,2,1,100.8,1.9,50.5,81.6,238.5,257.5,316.2,0.81,False,False,60.0,70160.0,70100.0,71250.0,0.0,69563.73974540312,14.55,17.35,0.0,0.35,1,50.0,0.0,중립,False,최근 중요 공시 신호 없음,0.0,1.1,대기,7.93,15.95,Low,RiskOn,중형,-0.0645,-0.1668,-0.2482,0.2078,3,0.29,0.2619,0.0131,0.0009,3,1,3.458213256484144,-3.624161073825505,-5.897771952817821,-5.897771952817821,27.43,65.88,7.69,0.35,연기금,미확인,"중형주 핵심 연기금, 외국인 70, 연기금 0, 투신·사모 24, 지속성 20",2.18,-5.57,40.98,"시장대비 5일 +2.2%p·20일 -5.6%p, 거래대금 상위 68%, 추세 60",조건미충족,False,0.0,"조건미충족: 20일 -3.6%, 고점대비 -5.9%, MA20 이격 +0.8%, 거래대금 0.81배",15.34,RiskOn,회피,관찰,0.0,대형 주도주 조건 · 역배열/추세 훼손,매도/제외,제외,연기금 수급 0.3 · 주도성 41.0 · 조건미충족 · 공시 중립,제외
우리금융지주,316140,KOSPI,분류안됨,분류안됨,13.03,8,55.8,2.32,상승장 (보수적 반영),33550.0,0.9022556390977376,4.370852906012645,0.1988554602665101,-0.0094392738818255,0.0168424725124368,0,2,95.5,4.6,43.6,44.8,973.8,2285.2,1522.3,1.5,False,False,40.0,34900.0,35445.0,35132.5,0.2021,247191.35488721804,7.86,8.91,0.0,0.35,1,50.0,0.0,중립,False,최근 중요 공시 신호 없음,0.0,0.0,대기,-6.33,17.62,Low,RiskOn,대형,0.0696,0.0805,0.0299,2.0491,2,2.417,2.2935,-0.0228,0.0066,2,3,-5.09193776520509,-2.753623188405796,-8.955223880597018,-8.955223880597018,53.0,43.71,18.47,64.06,외국인,유지,"대형주 핵심 외국인, 외국인 99, 연기금 55, 투신·사모 0, 지속성 40",-6.37,-4.7,17.29,"시장대비 5일 -6.4%p·20일 -4.7%p, 거래대금 상위 96%, 추세 40",조건미충족,False,0.0,"조건미충족: 20일 -2.8%, 고점대비 -9.0%, MA20 이격 -4.5%, 거래대금 1.50배",35.46,RiskOn,회피,관찰,0.0,연기금 10일 순매수 · 거래대금 대비 수급 양호 · 기관 동행 · 역배열/추세 훼손,매도/제외,제외,외국인 수급 64.1 · 주도성 17.3 · 조건미충족 · 공시 중립,제외
펄어비스,263750,KOSDAQ,분류안됨,분류안됨,12.74,11,51.0,0.4,상승장 (보수적 반영),33300.0,-0.7451564828613977,-0.3030408524239948,0.2243763062329546,0.0429535180883786,0.458749993248798,4,0,97.4,1.6,57.2,51.2,35.1,67.0,97.5,0.69,False,False,0.0,33170.0,33765.0,34177.5,0.2888,20926.8912071535,8.56,-1.05,0.0,0.35,1,50.0,0.0,중립,False,최근 중요 공시 신호 없음,0.0,0.0,대기,-3.13,16.34,Low,RiskOn,중형,0.0166,0.022,0.1382,0.0938,3,0.1426,-0.0602,-0.0306,-0.0136,4,3,-1.7699115044247815,8.646003262642733,-8.011049723756901,-8.011049723756901,0.0,0.0,2.21,0.0,연기금,유지,"중형주 핵심 연기금, 외국인 30, 연기금 31, 투신·사모 0, 지속성 60",-3.05,6.7,28.95,"시장대비 5일 -3.0%p·20일 +6.7%p, 거래대금 상위 39%, 추세 0",눌림대기,False,50.0,"눌림대기: 20일 +8.6%, 고점대비 -8.0%, MA20 이격 -2.6%, 거래대금 0.69배",17.73,RiskOn,회피,관찰,0.0,연기금 10일 순매수 · 역배열/추세 훼손,매도/제외,제외,연기금 수급 0.0 · 주도성 28.9 · 눌림대기 · 공시 중립,제외
코스메카코리아,241710,KOSDAQ,분류안됨,분류안됨,12.72,10,54.4,1.76,상승장 (보수적 반영),110100.0,-4.592720970537256,0.6567119537843057,0.2717722813434778,-0.9392445748620136,0.1790408352767732,1,0,87.0,7.5,32.5,135.5,192.1,175.7,150.1,1.17,False,False,0.0,118940.0,124150.0,126480.0,0.0,11757.993067590987,20.23,19.29,0.0,0.35,1,50.0,0.0,중립,False,최근 중요 공시 신호 없음,0.0,-1.4,회피,-5.52,18.25,Low,RiskOn,중형,-0.0508,-0.0741,-0.9461,-0.5292,2,0.5282,0.6185,-0.6564,-0.2325,3,2,-13.511390416339353,-21.01865136298422,-19.281524926686224,-21.01865136298422,4.0,0.0,2.6,2.21,연기금,미확인,"중형주 핵심 연기금, 외국인 85, 연기금 0, 투신·사모 0, 지속성 40",-14.79,-22.96,0.0,"시장대비 5일 -14.8%p·20일 -23.0%p, 거래대금 상위 49%, 추세 0",조건미충족,False,0.0,"조건미충족: 20일 -21.0%, 고점대비 -19.3%, MA20 이격 -13.0%, 거래대금 1.17배",1.43,RiskOn,회피,관찰,0.0,역배열/추세 훼손,매도/제외,제외,연기금 수급 2.2 · 주도성 0.0 · 조건미충족 · 공시 중립,제외
제일기획,30000,KOSPI,분류안됨,분류안됨,12.6,8,55.8,2.32,상승장 (보수적 반영),18700.0,-0.2134471718249764,-1.1188932320435905,-0.0491107114065624,-0.0427439907331199,-0.0344829664940692,0,2,101.9,1.9,49.7,49.1,39.1,80.1,78.2,1.02,True,False,60.0,18374.0,17929.0,18352.0,0.0,21511.98505869797,9.86,13.7,0.0,0.35,1,50.0,0.0,중립,False,최근 중요 공시 신호 없음,0.0,1.1,대기,-2.75,15.13,Low,RiskOn,중형,-0.0803,-0.0425,0.0421,0.0025,2,-0.0259,-0.5467,0.0925,0.0016,3,3,5.769230769230771,-0.9533898305084776,-1.5789473684210575,-1.5789473684210575,0.0,32.15,3.08,0.0,연기금,미확인,"중형주 핵심 연기금, 외국인 0, 연기금 0, 투신·사모 57, 지속성 60",4.49,-2.9,40.13,"시장대비 5일 +4.5%p·20일 -2.9%p, 거래대금 상위 34%, 추세 60",조건미충족,False,0.0,"조건미충족: 20일 -1.0%, 고점대비 -1.6%, MA20 이격 +1.9%, 거래대금 1.02배",14.63,RiskOn,회피,관찰,0.0,역배열/추세 훼손,매도/제외,제외,연기금 수급 0.0 · 주도성 40.1 · 조건미충족 · 공시 중립,제외
교보증권,30610,KOSPI,분류안됨,분류안됨,12.35,13,54.2,1.68,상승장 (보수적 반영),9930.0,-0.4012036108325012,-0.0504196839378908,0.0468310934595326,0.0600914022005472,0.0139532887907661,0,5,98.2,0.1,45.6,55.1,1.1,1.9,3.9,0.49,False,False,0.0,9942.0,9974.0,10111.5,0.2356,11316.415245737213,6.04,6.96,0.0,0.35,1,50.0,0.0,중립,False,최근 중요 공시 신호 없음,0.0,-1.4,회피,2.16,18.0,Low,RiskOn,중형,0.0104,0.0032,0.003,0.0729,3,-0.0156,-0.0262,-0.0001,-0.0,1,5,-0.7000000000000006,-0.7000000000000006,-4.519230769230765,-4.519230769230765,0.0,0.0,7.89,0.0,연기금,유지,"중형주 핵심 연기금, 외국인 0, 연기금 18, 투신·사모 0, 지속성 100",-1.98,-2.64,5.76,"시장대비 5일 -2.0%p·20일 -2.6%p, 거래대금 상위 1%, 추세 0",조건미충족,False,0.0,"조건미충족: 20일 -0.7%, 고점대비 -4.5%, MA20 이격 -1.8%, 거래대금 0.49배",2.44,RiskOn,회피,관찰,0.0,연기금 10일 순매수 · 역배열/추세 훼손,매도/제외,제외,연기금 수급 0.0 · 주도성 5.8 · 조건미충족 · 공시 중립,제외
현대차2우B,5387,KOSPI,분류안됨,분류안됨,12.32,15,47.2,-1.12,상승장 (보수적 반영),175300.0,-0.0570125427594048,-0.8400796297848725,0.1788105337872912,0.0172329834349051,-0.0106738599621584,0,8,98.3,1.8,37.1,60.4,138.5,221.9,191.8,1.16,False,False,40.0,176640.0,175350.0,178255.0,0.1813,60051.74344355759,0.0,0.0,0.0,0.35,1,50.0,0.0,중립,False,최근 중요 공시 신호 없음,0.0,-1.4,회피,0.38,17.17,Low,RiskOn,중형,0.1572,0.2712,0.3022,0.1189,2,-0.3037,-0.3823,0.0435,-0.0109,1,5,-1.1280315848843814,-2.6111111111111085,-6.506666666666671,-6.506666666666671,13.2,16.17,18.28,55.1,연기금,유지,"중형주 핵심 연기금, 외국인 0, 연기금 80, 투신·사모 40, 지속성 100",-2.41,-4.55,24.4,"시장대비 5일 -2.4%p·20일 -4.5%p, 거래대금 상위 57%, 추세 40",조건미충족,False,0.0,"조건미충족: 20일 -2.6%, 고점대비 -6.5%, MA20 이격 -1.7%, 거래대금 1.16배",33.06,RiskOn,회피,관찰,0.0,연기금 10일 순매수 · 기관 동행 · 역배열/추세 훼손,매도/제외,제외,연기금 수급 55.1 · 주도성 24.4 · 조건미충족 · 공시 중립,제외
파마리서치,214450,KOSDAQ,분류안됨,분류안됨,12.3,12,55.0,2.0,상승장 (보수적 반영),306500.0,-2.54372019077902,4.452938434830147,-0.2741496991853378,-1.8467878106718625,-3.462996013734553,4,0,90.4,4.5,13.4,158.9,376.2,287.5,330.5,0.87,False,False,0.0,313600.0,319650.0,339025.0,0.0,31843.839427662955,21.77,26.88,0.0,0.35,1,50.0,0.0,중립,False,최근 중요 공시 신호 없음,0.0,-1.4,회피,0.71,17.24,Low,RiskOn,중형,0.0189,0.1375,-1.8711,-0.9583,1,0.9578,1.3892,-0.258,-1.2343,4,3,-4.961240310077519,-21.910828025477702,-20.698576972833116,-21.910828025477702,4.0,11.34,3.77,51.82,연기금,유지,"중형주 핵심 연기금, 외국인 94, 연기금 48, 투신·사모 0, 지속성 60",-6.24,-23.85,0.0,"시장대비 5일 -6.2%p·20일 -23.9%p, 거래대금 상위 69%, 추세 0",조건미충족,False,0.0,"조건미충족: 20일 -21.9%, 고점대비 -20.7%, MA20 이격 -9.6%, 거래대금 0.87배",23.82,RiskOn,회피,관찰,0.0,연기금 10일 순매수 · 역배열/추세 훼손,매도/제외,제외,연기금 수급 51.8 · 주도성 0.0 · 조건미충족 · 공시 중립,제외
SK가스,18670,KOSPI,분류안됨,분류안됨,12.27,11,54.4,1.76,상승장 (보수적 반영),238000.0,-1.039501039501034,-0.1540055864239649,0.4903157046014171,-0.1553737244359434,0.0575611379690042,1,0,98.5,0.3,52.3,148.0,17.1,12.0,22.4,0.54,False,False,0.0,240000.0,240500.0,241600.0,0.0626,22060.274428274428,7.56,8.25,0.0,0.35,1,50.0,0.0,중립,False,최근 중요 공시 신호 없음,0.0,-0.3,회피,0.45,21.35,Low,RiskOn,중형,-0.0032,0.0085,-0.0036,-0.1303,3,0.0075,0.0025,-0.001,-0.0127,2,1,-1.039501039501034,3.4782608695652195,-5.555555555555558,-5.555555555555558,0.0,0.66,2.09,0.0,연기금,유지,"중형주 핵심 연기금, 외국인 6, 연기금 8, 투신·사모 0, 지속성 20",-2.32,1.54,14.65,"시장대비 5일 -2.3%p·20일 +1.5%p, 거래대금 상위 10%, 추세 0",눌림대기,False,50.0,"눌림대기: 20일 +3.5%, 고점대비 -5.6%, MA20 이격 -1.5%, 거래대금 0.54배",13.07,RiskOn,회피,관찰,0.0,연기금 10일 순매수 · 역배열/추세 훼손,매도/제외,제외,연기금 수급 0.0 · 주도성 14.7 · 눌림대기 · 공시 중립,제외
한화비전,489790,KOSPI,분류안됨,분류안됨,12.18,15,47.2,-1.12,상승장 (보수적 반영),51400.0,-1.7208413001912004,0.3834769062758571,-0.3569719030855051,-0.1685164814027528,-0.0205416042976178,0,0,107.2,1.9,57.3,112.6,105.4,98.9,80.3,1.23,True,True,100.0,49880.0,48470.0,47967.5,0.0,25950.611854684517,20.57,5.4,0.0,0.35,1,50.0,0.0,중립,False,최근 중요 공시 신호 없음,0.0,0.0,대기,3.97,15.53,Low,RiskOn,중형,0.0217,-0.0007,-0.0456,0.1938,3,0.2026,0.0413,-0.0538,-0.0092,4,2,7.1949947862356645,5.112474437627812,-1.7208413001912004,-1.7208413001912004,6.43,54.19,1.74,0.0,연기금,유지,"중형주 핵심 연기금, 외국인 51, 연기금 26, 투신·사모 0, 지속성 40",5.92,3.17,61.88,"시장대비 5일 +5.9%p·20일 +3.2%p, 거래대금 상위 34%, 추세 100",눌림대기,False,50.0,"눌림대기: 20일 +5.1%, 고점대비 -1.7%, MA20 이격 +7.2%, 거래대금 1.23배",28.88,RiskOn,회피,관찰,0.0,역배열/추세 훼손,매도/제외,제외,연기금 수급 0.0 · 주도성 61.9 · 눌림대기 · 공시 중립,제외
한국타이어앤테크놀로지,161390,KOSPI,분류안됨,분류안됨,12.1,12,58.2,3.28,상승장 (보수적 반영),59800.0,1.5280135823429577,-0.0163724197843766,-0.2091984171675382,-0.1998250283237189,-0.0267944531074452,0,5,98.2,0.9,34.3,49.6,75.2,135.3,156.2,0.87,False,False,40.0,59480.0,59030.0,60870.0,0.0,74076.86926994906,6.44,9.39,0.0,0.35,1,50.0,0.0,중립,False,최근 중요 공시 신호 없음,0.0,-1.4,회피,4.14,16.81,Low,RiskOn,중형,0.0237,0.0055,-0.2333,-0.2892,2,0.0891,0.0404,-0.1283,-0.0009,4,5,4.363001745200701,-8.841463414634143,-10.075187969924816,-10.075187969924816,0.0,13.62,7.66,33.78,연기금,유지,"중형주 핵심 연기금, 외국인 30, 연기금 28, 투신·사모 0, 지속성 100",3.08,-10.78,32.73,"시장대비 5일 +3.1%p·20일 -10.8%p, 거래대금 상위 50%, 추세 40",조건미충족,False,0.0,"조건미충족: 20일 -8.8%, 고점대비 -10.1%, MA20 이격 -1.8%, 거래대금 0.87배",27.48,RiskOn,회피,관찰,0.0,연기금 10일 순매수 · 역배열/추세 훼손,매도/제외,제외,연기금 수급 33.8 · 주도성 32.7 · 조건미충족 · 공시 중립,제외
롯데케미칼,11170,KOSPI,분류안됨,분류안됨,11.82,12,42.4,-3.04,상승장 (보수적 반영),60700.0,0.6633499170812573,-1.8491584297771555,1.144449007179259,0.9498058529921818,0.1579336098877701,1,0,97.5,1.5,49.7,107.6,79.8,76.0,130.9,0.58,False,False,0.0,60620.0,61450.0,62230.0,0.5226,25964.09784411277,-2.4,-15.13,0.0,0.35,1,50.0,0.0,중립,False,최근 중요 공시 신호 없음,0.0,0.0,대기,-6.66,24.23,Low,RiskOn,중형,0.1508,0.157,0.5604,0.1194,4,-0.0808,-0.6924,0.0415,-0.0917,2,4,0.8305647840531671,5.933682373472959,-10.471976401179939,-10.471976401179939,7.3,2.82,10.72,10.63,연기금,유지,"중형주 핵심 연기금, 외국인 0, 연기금 72, 투신·사모 0, 지속성 80",-0.45,3.99,26.79,"시장대비 5일 -0.5%p·20일 +4.0%p, 거래대금 상위 46%, 추세 0",눌림대기,False,33.33,"눌림대기: 20일 +5.9%, 고점대비 -10.5%, MA20 이격 -2.5%, 거래대금 0.58배",18.4,RiskOn,회피,관찰,0.0,연기금 10일 순매수 · 기관 동행 · 역배열/추세 훼손,매도/제외,제외,연기금 수급 10.6 · 주도성 26.8 · 눌림대기 · 공시 중립,제외
농심,4370,KOSPI,분류안됨,분류안됨,11.34,12,54.2,1.68,상승장 (보수적 반영),404000.0,0.8739076154806513,0.3514708951891187,0.1290591089566161,-0.1502829100467005,-0.4533645724101351,0,5,99.3,1.5,37.6,63.0,48.8,74.9,96.7,0.77,False,False,40.0,403100.0,398100.0,406875.0,0.0,24572.883895131086,12.74,6.18,0.0,0.35,1,50.0,0.0,중립,False,최근 중요 공시 신호 없음,0.0,-1.4,회피,2.19,15.98,Low,RiskOn,중형,0.2079,0.1451,0.0192,0.3925,4,-0.0964,0.0554,-0.0039,-0.0014,2,5,3.589743589743599,-7.657142857142862,-6.155632984901283,-7.657142857142862,19.25,9.87,14.29,16.58,연기금,유지,"중형주 핵심 연기금, 외국인 0, 연기금 79, 투신·사모 0, 지속성 100",2.31,-9.6,31.5,"시장대비 5일 +2.3%p·20일 -9.6%p, 거래대금 상위 39%, 추세 40",조건미충족,False,0.0,"조건미충족: 20일 -7.7%, 고점대비 -6.2%, MA20 이격 -0.7%, 거래대금 0.77배",18.91,RiskOn,회피,관찰,0.0,연기금 10일 순매수 · 기관 동행 · 역배열/추세 훼손,매도/제외,제외,연기금 수급 16.6 · 주도성 31.5 · 조건미충족 · 공시 중립,제외
에스엠,41510,KOSDAQ,분류안됨,분류안됨,11.23,5,57.2,2.88,상승장 (보수적 반영),78400.0,0.9009009009008916,-1.6388983352473037,0.3946794966592516,-0.4573477248179051,0.078186315279105,0,0,95.7,2.8,52.1,143.4,125.7,99.4,106.5,0.93,False,False,0.0,80740.0,81390.0,81920.0,0.0,17949.26126126126,14.07,41.65,0.0,0.35,1,50.0,0.0,중립,False,최근 중요 공시 신호 없음,0.0,0.0,대기,-7.81,16.94,Low,RiskOn,중형,-0.0652,0.0469,-0.115,-0.501,1,-0.3335,-0.7684,-0.0161,-0.0492,0,2,-5.0847457627118615,5.518169582772536,-10.909090909090914,-10.909090909090914,0.0,0.0,1.9,0.0,연기금,미확인,"중형주 핵심 연기금, 외국인 0, 연기금 0, 투신·사모 0, 지속성 40",-6.36,3.58,6.24,"시장대비 5일 -6.4%p·20일 +3.6%p, 거래대금 상위 41%, 추세 0",눌림대기,False,33.33,"눌림대기: 20일 +5.5%, 고점대비 -10.9%, MA20 이격 -4.3%, 거래대금 0.93배",7.9,RiskOn,회피,관찰,0.0,연기금 10일 순매수 · 역배열/추세 훼손,매도/제외,제외,연기금 수급 0.0 · 주도성 6.2 · 눌림대기 · 공시 중립,제외
아모레퍼시픽홀딩스,2790,KOSPI,분류안됨,분류안됨,11.04,10,47.4,-1.04,상승장 (보수적 반영),25200.0,-2.7027027027026973,0.0725770400576821,0.0265399683954482,0.0112875920221301,0.0007987102874008,1,0,96.2,0.6,39.0,199.0,39.6,24.3,29.0,0.84,False,False,40.0,26090.0,26225.0,26187.5,0.2661,19266.810810810814,17.13,3.64,0.0,0.35,1,50.0,0.0,중립,False,최근 중요 공시 신호 없음,0.0,-1.4,회피,-8.0,16.87,Low,RiskOn,중형,-0.0679,0.0038,0.02,-0.3128,2,0.0119,-0.0135,0.0157,-0.0009,2,1,-4.36432637571158,-4.545454545454541,-6.145251396648044,-6.145251396648044,0.0,0.0,0.22,0.0,연기금,미확인,"중형주 핵심 연기금, 외국인 5, 연기금 0, 투신·사모 25, 지속성 20",-5.64,-6.49,0.79,"시장대비 5일 -5.6%p·20일 -6.5%p, 거래대금 상위 14%, 추세 40",조건미충족,False,0.0,"조건미충족: 20일 -4.5%, 고점대비 -6.1%, MA20 이격 -3.8%, 거래대금 0.84배",0.02,RiskOn,회피,관찰,0.0,연기금 10일 순매수 · 역배열/추세 훼손,매도/제외,제외,연기금 수급 0.0 · 주도성 0.8 · 조건미충족 · 공시 중립,제외
신영증권,1720,KOSPI,분류안됨,분류안됨,10.97,11,54.8,1.92,상승장 (보수적 반영),139800.0,0.3589375448671994,0.0405808771139057,0.0326950121383636,-0.0729586088766859,0.0165395634281037,3,0,97.3,0.3,30.7,156.8,19.2,14.3,11.3,1.27,False,False,40.0,140580.0,140190.0,143680.0,0.0,22982.196697774587,13.36,8.04,0.0,0.35,1,50.0,0.0,중립,False,최근 중요 공시 신호 없음,0.0,-1.4,회피,1.28,15.41,Low,RiskOn,중형,0.001,-0.0029,-0.1601,-1.8305,1,0.1266,0.1455,-0.1537,-0.0007,4,1,1.304347826086949,-7.4172185430463555,-6.488294314381271,-7.4172185430463555,0.0,0.0,0.19,0.0,연기금,미확인,"중형주 핵심 연기금, 외국인 43, 연기금 0, 투신·사모 0, 지속성 20",0.03,-9.36,18.9,"시장대비 5일 +0.0%p·20일 -9.4%p, 거래대금 상위 4%, 추세 40",조건미충족,False,0.0,"조건미충족: 20일 -7.4%, 고점대비 -6.5%, MA20 이격 -2.7%, 거래대금 1.27배",7.09,RiskOn,회피,관찰,0.0,역배열/추세 훼손,매도/제외,제외,연기금 수급 0.0 · 주도성 18.9 · 조건미충족 · 공시 중립,제외
현대글로비스,86280,KOSPI,분류안됨,분류안됨,10.42,9,59.0,3.6,상승장 (보수적 반영),200500.0,1.058467741935476,0.3041577369908562,-0.072919229925187,-0.0548495481296758,-0.0758802274314214,5,1,98.9,0.8,49.8,62.9,179.0,230.4,297.3,0.77,False,False,0.0,198460.0,200470.0,202635.0,0.0,150375.0,9.93,18.13,0.0,0.35,1,50.0,0.0,중립,False,최근 중요 공시 신호 없음,0.0,-0.3,회피,4.38,9.87,Low,RiskOn,대형,-0.0843,-0.1368,-0.2339,-0.216,2,0.1466,0.1732,-0.0072,-0.0245,5,1,1.8283392585068503,2.8205128205128105,-4.523809523809518,-4.523809523809518,8.0,19.16,3.41,39.21,외국인,유지,"대형주 핵심 외국인, 외국인 54, 연기금 0, 투신·사모 0, 지속성 100",0.55,0.88,30.99,"시장대비 5일 +0.6%p·20일 +0.9%p, 거래대금 상위 66%, 추세 0",조건미충족,False,0.0,"조건미충족: 20일 +2.8%, 고점대비 -4.5%, MA20 이격 -1.1%, 거래대금 0.77배",29.39,RiskOn,회피,관찰,0.0,역배열/추세 훼손,매도/제외,제외,외국인 수급 39.2 · 주도성 31.0 · 조건미충족 · 공시 중립,제외
메리츠금융지주,138040,KOSPI,분류안됨,분류안됨,9.65,8,58.8,3.52,상승장 (보수적 반영),128000.0,0.6289308176100628,-0.2856720466492847,0.0638530716387146,0.0700780030565147,-0.0619948037224297,0,2,99.0,0.5,41.5,56.0,119.6,202.4,271.4,0.75,False,False,40.0,129520.0,128530.0,129325.0,0.0,214203.7735849057,9.18,22.53,0.0,0.35,1,50.0,0.0,중립,False,최근 중요 공시 신호 없음,0.0,-1.4,회피,1.08,16.5,Low,RiskOn,대형,0.0184,-0.0158,-0.0153,-0.0956,1,-0.0673,-0.1183,0.0099,-0.0068,1,4,1.9108280254777066,-1.3867488443759624,-6.501095690284875,-6.501095690284875,4.0,18.85,4.36,0.0,외국인,미확인,"대형주 핵심 외국인, 외국인 0, 연기금 16, 투신·사모 8, 지속성 20",0.63,-3.33,32.29,"시장대비 5일 +0.6%p·20일 -3.3%p, 거래대금 상위 64%, 추세 40",조건미충족,False,0.0,"조건미충족: 20일 -1.4%, 고점대비 -6.5%, MA20 이격 -1.0%, 거래대금 0.75배",12.18,RiskOn,회피,관찰,0.0,역배열/추세 훼손,매도/제외,제외,외국인 수급 0.0 · 주도성 32.3 · 조건미충족 · 공시 중립,제외
이마트,139480,KOSPI,분류안됨,분류안됨,9.47,22,48.2,-0.72,상승장 (보수적 반영),71800.0,1.2693935119887143,-1.0811482916455184,0.3468095515199317,-0.0517537441155721,0.047204646215351,1,1,98.0,1.3,43.9,88.8,48.3,49.7,66.5,0.75,False,False,0.0,71660.0,72250.0,73250.0,0.9013,19813.356840620592,96.1,1.27,0.0,0.35,1,50.0,0.0,중립,False,최근 중요 공시 신호 없음,0.0,0.0,대기,8.0,12.52,Low,RiskOn,중형,0.0669,0.155,0.1122,-0.0475,3,-0.1156,-0.661,-0.0052,-0.0198,2,4,0.5602240896358524,-1.5089163237311354,-5.401844532279309,-5.401844532279309,0.0,0.0,4.21,7.47,연기금,유지,"중형주 핵심 연기금, 외국인 0, 연기금 64, 투신·사모 0, 지속성 80",-0.72,-3.45,14.34,"시장대비 5일 -0.7%p·20일 -3.5%p, 거래대금 상위 31%, 추세 0",조건미충족,False,0.0,"조건미충족: 20일 -1.5%, 고점대비 -5.4%, MA20 이격 -2.0%, 거래대금 0.75배",8.2,RiskOn,회피,관찰,0.0,연기금 10일 순매수 · 역배열/추세 훼손,매도/제외,제외,연기금 수급 7.5 · 주도성 14.3 · 조건미충족 · 공시 중립,제외
코웨이,21240,KOSPI,분류안됨,분류안됨,9.45,6,57.2,2.88,상승장 (보수적 반영),98600.0,-0.7049345417925457,-0.4750304817045883,0.2920238848965781,-0.0564465020793153,0.0970621675970416,0,0,98.5,1.0,49.5,64.7,104.9,138.7,197.8,0.7,False,False,40.0,100080.0,100810.0,100090.0,0.0,69776.62839879154,10.06,18.14,0.0,0.35,1,50.0,0.0,중립,False,최근 중요 공시 신호 없음,0.0,-0.3,회피,-2.02,16.09,Low,RiskOn,중형,0.0699,0.0547,0.0181,0.0511,2,-0.141,-0.1949,-0.0034,0.0184,1,2,-1.2024048096192397,-0.10131712259371373,-8.279069767441861,-8.279069767441861,4.11,25.61,2.91,31.66,연기금,유지,"중형주 핵심 연기금, 외국인 0, 연기금 51, 투신·사모 26, 지속성 40",-2.48,-2.04,26.16,"시장대비 5일 -2.5%p·20일 -2.0%p, 거래대금 상위 58%, 추세 40",조건미충족,False,0.0,"조건미충족: 20일 -0.1%, 고점대비 -8.3%, MA20 이격 -1.5%, 거래대금 0.70배",24.12,RiskOn,회피,관찰,0.0,연기금 10일 순매수 · 역배열/추세 훼손,매도/제외,제외,연기금 수급 31.7 · 주도성 26.2 · 조건미충족 · 공시 중립,제외
현대엘리베이터,17800,KOSPI,분류안됨,분류안됨,9.44,5,57.4,2.96,상승장 (보수적 반영),72700.0,0.832177531206657,-0.4415599802542593,0.0609715265199791,-0.0391116548233705,-0.0271297828676174,1,0,98.3,1.0,40.5,88.1,50.9,58.3,57.4,1.02,False,False,0.0,73080.0,73400.0,73980.0,0.0,28419.549237170595,7.98,20.11,0.0,0.35,1,50.0,0.0,중립,False,최근 중요 공시 신호 없음,0.0,-1.4,회피,-6.71,15.34,Low,RiskOn,중형,0.017,0.0109,-0.0712,-0.5539,1,-0.1324,-0.3712,-0.0526,-0.0101,2,3,-1.3568521031207648,-0.13736263736263687,-3.9630118890356725,-3.9630118890356725,0.0,0.0,0.39,0.0,연기금,유지,"중형주 핵심 연기금, 외국인 0, 연기금 27, 투신·사모 0, 지속성 60",-2.64,-2.08,12.18,"시장대비 5일 -2.6%p·20일 -2.1%p, 거래대금 상위 28%, 추세 0",조건미충족,False,0.0,"조건미충족: 20일 -0.1%, 고점대비 -4.0%, MA20 이격 -1.7%, 거래대금 1.02배",5.0,RiskOn,회피,관찰,0.0,연기금 10일 순매수 · 역배열/추세 훼손,매도/제외,제외,연기금 수급 0.0 · 주도성 12.2 · 조건미충족 · 공시 중립,제외
삼성SDI,6400,KOSPI,분류안됨,분류안됨,9.27,11,50.6,0.24,상승장 (보수적 반영),528000.0,2.127659574468077,-0.0902825547492121,0.1248061381943561,-0.4711353648867373,-0.0791288088626037,1,4,98.4,1.7,48.4,75.6,1203.9,1415.6,1785.9,0.79,False,False,0.0,520800.0,526700.0,536400.0,0.0,425491.4042553191,1224.89,-3.15,0.0,0.35,1,50.0,0.0,중립,False,최근 중요 공시 신호 없음,0.0,1.1,대기,7.15,13.82,Low,RiskOn,대형,0.0335,-0.0141,-0.279,-0.0528,2,0.056,-0.1193,-0.0377,-0.0459,2,4,1.3435700575815668,-1.8587360594795488,-8.013937282229966,-8.013937282229966,8.0,45.05,8.46,0.0,외국인,미확인,"대형주 핵심 외국인, 외국인 0, 연기금 29, 투신·사모 0, 지속성 40",0.06,-3.8,29.71,"시장대비 5일 +0.1%p·20일 -3.8%p, 거래대금 상위 98%, 추세 0",조건미충족,False,0.0,"조건미충족: 20일 -1.9%, 고점대비 -8.0%, MA20 이격 -1.6%, 거래대금 0.79배",10.46,RiskOn,회피,관찰,0.0,기관 동행 · 역배열/추세 훼손,매도/제외,제외,외국인 수급 0.0 · 주도성 29.7 · 조건미충족 · 공시 중립,제외
대한조선,439260,KOSPI,분류안됨,분류안됨,9.09,6,58.0,3.2,상승장 (보수적 반영),45950.0,0.0,0.2305860207988115,-0.0398997542997543,-0.0476750099994286,-0.0036223930061139,0,1,98.9,0.3,48.1,73.9,8.5,10.1,14.0,0.72,False,False,0.0,45480.0,45930.0,46475.0,0.0,17501.0,5.98,32.19,0.0,0.35,1,50.0,0.0,중립,False,최근 중요 공시 신호 없음,0.0,-0.3,회피,-0.45,15.82,Low,RiskOn,중형,0.0056,-0.0249,-0.059,-0.1963,3,-0.036,0.0038,-0.0015,-0.0018,2,2,0.9890109890109855,3.2584269662921272,-4.569055036344761,-4.569055036344761,0.0,0.0,1.65,0.0,연기금,미확인,"중형주 핵심 연기금, 외국인 0, 연기금 0, 투신·사모 0, 지속성 40",-0.29,1.32,17.63,"시장대비 5일 -0.3%p·20일 +1.3%p, 거래대금 상위 6%, 추세 0",눌림대기,False,66.67,"눌림대기: 20일 +3.3%, 고점대비 -4.6%, MA20 이격 -1.1%, 거래대금 0.72배",16.97,RiskOn,회피,관찰,0.0,역배열/추세 훼손,매도/제외,제외,연기금 수급 0.0 · 주도성 17.6 · 눌림대기 · 공시 중립,제외
금호타이어,73240,KOSPI,분류안됨,분류안됨,8.82,8,58.4,3.36,상승장 (보수적 반영),6890.0,0.1453488372092914,0.6514654912909561,0.007201456563617,0.1150057438938798,-0.0285336817132071,2,1,98.1,1.7,47.1,38.2,32.4,68.9,100.3,0.69,False,False,0.0,6818.0,6819.0,7022.5,0.0985,19791.725290697672,4.63,18.53,0.0,0.35,1,50.0,0.0,중립,False,최근 중요 공시 신호 없음,0.0,0.0,대기,5.94,14.26,Low,RiskOn,중형,-0.001,-0.0052,0.0094,0.3555,3,0.2812,0.1562,0.0469,-0.0064,3,2,4.87062404870624,-3.3660589060308554,-10.286458333333337,-10.286458333333337,28.96,0.0,8.44,7.0,연기금,미확인,"중형주 핵심 연기금, 외국인 68, 연기금 0, 투신·사모 45, 지속성 40",3.59,-5.31,23.92,"시장대비 5일 +3.6%p·20일 -5.3%p, 거래대금 상위 40%, 추세 0",조건미충족,False,0.0,"조건미충족: 20일 -3.4%, 고점대비 -10.3%, MA20 이격 -1.9%, 거래대금 0.69배",12.36,RiskOn,회피,관찰,0.0,기관 동행 · 역배열/추세 훼손,매도/제외,제외,연기금 수급 7.0 · 주도성 23.9 · 조건미충족 · 공시 중립,제외
메지온,140410,KOSDAQ,분류안됨,분류안됨,8.38,0,42.2,-3.12,상승장 (보수적 반영),68000.0,-7.608695652173914,-1.6217954474863558,0.0,0.0017180774099585,0.0123202856479149,0,0,93.6,2.0,49.5,141.6,106.3,84.3,69.5,1.21,False,False,40.0,73420.0,75660.0,72670.0,0.3842,20822.228260869564,-78.85,-110.44,0.0,0.35,1,50.0,0.0,중립,False,최근 중요 공시 신호 없음,0.0,-1.4,회피,-8.0,14.95,Low,RiskOn,중형,0.0,0.0,-0.0001,-1.0694,0,-0.6816,-1.1493,-0.0068,-0.0093,0,0,-17.27493917274939,2.874432677760974,-17.27493917274939,-17.27493917274939,0.0,2.51,0.02,0.0,연기금,미확인,"중형주 핵심 연기금, 외국인 0, 연기금 0, 투신·사모 0, 지속성 0",-18.55,0.93,5.85,"시장대비 5일 -18.6%p·20일 +0.9%p, 거래대금 상위 32%, 추세 40",조건미충족,False,0.0,"조건미충족: 20일 +2.9%, 고점대비 -17.3%, MA20 이격 -6.4%, 거래대금 1.21배",1.27,RiskOn,회피,관찰,0.0,역배열/추세 훼손,매도/제외,제외,연기금 수급 0.0 · 주도성 5.8 · 조건미충족 · 공시 중립,제외
HL만도,204320,KOSPI,분류안됨,분류안됨,8.26,11,50.8,0.32,상승장 (보수적 반영),47150.0,0.9635974304068596,0.7177767675895237,-0.2960366044681852,0.0448513054001469,-0.2098145851137996,3,0,98.5,1.8,50.0,69.8,64.1,77.5,119.1,0.65,False,False,0.0,46370.0,46695.0,47857.5,0.0,22139.297644539616,13.97,3.82,0.0,0.35,1,50.0,0.0,중립,False,최근 중요 공시 신호 없음,0.0,1.1,대기,8.0,13.09,Low,RiskOn,중형,-0.0068,-0.2241,-0.3658,0.0667,1,0.2379,0.045,-0.0209,-0.0554,4,1,3.6263736263736357,-0.42238648363251974,-6.2624254473161,-6.2624254473161,1.34,7.74,0.73,0.0,연기금,미확인,"중형주 핵심 연기금, 외국인 57, 연기금 0, 투신·사모 0, 지속성 20",2.35,-2.36,25.87,"시장대비 5일 +2.4%p·20일 -2.4%p, 거래대금 상위 45%, 추세 0",조건미충족,False,0.0,"조건미충족: 20일 -0.4%, 고점대비 -6.3%, MA20 이격 -1.5%, 거래대금 0.65배",9.13,RiskOn,회피,관찰,0.0,역배열/추세 훼손,매도/제외,제외,연기금 수급 0.0 · 주도성 25.9 · 조건미충족 · 공시 중립,제외
KCC,2380,KOSPI,분류안됨,분류안됨,8.22,7,57.8,3.12,상승장 (보수적 반영),470500.0,-0.4232804232804255,0.3644412439415529,-0.29988588245616,0.0238918984290786,0.156056965074778,3,0,98.4,0.8,42.5,67.3,48.4,64.2,111.6,0.58,False,False,40.0,473000.0,470300.0,478075.0,0.0,40429.14391534391,1.2,23.51,0.0,0.35,1,50.0,0.0,중립,False,최근 중요 공시 신호 없음,0.0,-1.4,회피,1.16,15.53,Low,RiskOn,중형,-0.03,-0.1273,-0.1416,-0.0186,3,0.0701,0.1014,-0.0149,0.0047,4,1,-1.1554621848739455,-1.8769551616266922,-6.461232604373757,-6.461232604373757,0.0,10.0,0.49,0.0,연기금,미확인,"중형주 핵심 연기금, 외국인 32, 연기금 0, 투신·사모 0, 지속성 20",-2.43,-3.82,21.38,"시장대비 5일 -2.4%p·20일 -3.8%p, 거래대금 상위 42%, 추세 40",조건미충족,False,0.0,"조건미충족: 20일 -1.9%, 고점대비 -6.5%, MA20 이격 -1.6%, 거래대금 0.58배",8.26,RiskOn,회피,관찰,0.0,역배열/추세 훼손,매도/제외,제외,연기금 수급 0.0 · 주도성 21.4 · 조건미충족 · 공시 중립,제외
에스티팜,237690,KOSDAQ,분류안됨,분류안됨,8.08,5,51.2,0.48,상승장 (보수적 반영),93300.0,-2.4058577405857706,0.5155683669682753,-1.1137045438078057,-0.416951096917675,-0.1931985174010115,0,0,100.9,1.9,42.2,81.6,56.8,72.4,86.7,0.84,True,False,60.0,93400.0,92450.0,92490.0,0.0,19477.83891213389,24.69,10.03,0.0,0.35,1,50.0,0.0,중립,False,최근 중요 공시 신호 없음,0.0,0.0,대기,-6.07,14.09,Low,RiskOn,중형,0.0174,0.0751,-0.0992,0.106,1,0.1984,0.0512,-0.0028,-0.0666,4,1,2.190580503833517,-7.806324110671936,-7.806324110671936,-7.806324110671936,0.0,21.71,0.66,2.14,연기금,유지,"중형주 핵심 연기금, 외국인 52, 연기금 41, 투신·사모 0, 지속성 20",0.91,-9.75,31.23,"시장대비 5일 +0.9%p·20일 -9.8%p, 거래대금 상위 35%, 추세 60",조건미충족,False,0.0,"조건미충족: 20일 -7.8%, 고점대비 -7.8%, MA20 이격 +0.9%, 거래대금 0.84배",12.01,RiskOn,회피,관찰,0.0,연기금 10일 순매수 · 역배열/추세 훼손,매도/제외,제외,연기금 수급 2.1 · 주도성 31.2 · 조건미충족 · 공시 중립,제외
SK텔레콤,17670,KOSPI,분류안됨,분류안됨,8.02,11,47.8,-0.88,상승장 (보수적 반영),88300.0,2.3174971031286296,0.4050404665000349,-0.1551333577366962,-0.2636554613066196,-0.1506927993273814,3,0,99.3,1.2,50.1,104.3,496.8,467.8,670.5,0.7,False,False,0.0,86920.0,87280.0,88965.0,0.0,189658.78215527232,25.98,3.33,0.0,0.35,1,50.0,0.0,중립,False,최근 중요 공시 신호 없음,0.0,1.1,대기,7.47,14.57,Low,RiskOn,대형,-0.005,-0.1514,-0.2714,0.0598,3,0.1395,0.3119,-0.0362,-0.0074,4,3,1.3777267508610747,-3.391684901531733,-5.863539445628996,-5.863539445628996,16.69,42.64,3.87,39.93,외국인,유지,"대형주 핵심 외국인, 외국인 62, 연기금 0, 투신·사모 0, 지속성 80",0.1,-5.33,27.07,"시장대비 5일 +0.1%p·20일 -5.3%p, 거래대금 상위 84%, 추세 0",조건미충족,False,0.0,"조건미충족: 20일 -3.4%, 고점대비 -5.9%, MA20 이격 -0.7%, 거래대금 0.70배",27.22,RiskOn,회피,관찰,0.0,역배열/추세 훼손,매도/제외,제외,외국인 수급 39.9 · 주도성 27.1 · 조건미충족 · 공시 중립,제외
보로노이,310210,KOSDAQ,분류안됨,분류안됨,7.96,9,44.6,-2.16,상승장 (보수적 반영),144500.0,-4.746209624258402,-0.4298302134409358,0.0124456300044268,-0.4068980121541615,-0.3362676663723225,0,3,99.8,2.2,49.6,65.5,77.6,120.2,118.9,1.01,False,False,0.0,140020.0,142210.0,144835.0,0.0,26900.622940013185,-39.04,-50.18,0.0,0.35,1,50.0,0.0,중립,False,최근 중요 공시 신호 없음,0.0,1.1,대기,-0.04,14.19,Low,RiskOn,중형,0.0588,0.048,-0.198,-0.0072,1,-0.0169,-0.3211,-0.0641,0.0106,3,4,-1.900882552613714,-14.749262536873154,-7.193320488118172,-14.749262536873154,0.0,8.77,5.09,30.74,연기금,유지,"중형주 핵심 연기금, 외국인 0, 연기금 47, 투신·사모 0, 지속성 80",-3.18,-16.69,13.88,"시장대비 5일 -3.2%p·20일 -16.7%p, 거래대금 상위 44%, 추세 0",조건미충족,False,0.0,"조건미충족: 20일 -14.7%, 고점대비 -7.2%, MA20 이격 -0.2%, 거래대금 1.01배",18.15,RiskOn,회피,관찰,0.0,연기금 10일 순매수 · 역배열/추세 훼손,매도/제외,제외,연기금 수급 30.7 · 주도성 13.9 · 조건미충족 · 공시 중립,제외
성광벤드,14620,KOSDAQ,분류안됨,조선;플랜트,7.93,3,49.45,-0.22,상승장 (보수적 반영),30500.0,-1.2944983818770184,-1.7457225581641582,0.4235213016465361,0.4704392743214681,-0.0408911991825253,0,0,95.0,3.1,49.8,54.7,30.5,50.0,62.6,0.8,False,False,0.0,30800.0,31360.0,32115.0,0.0,8099.773462783171,24.96,6.45,2.251,0.35,1,50.0,0.0,중립,False,최근 중요 공시 신호 없음,0.0,0.0,대기,-8.0,13.33,Low,RiskOn,소형,-0.2772,-0.2346,-0.9144,-0.8931,1,-0.2036,-0.2512,-0.2361,-0.0752,2,1,-0.6514657980456029,2.5210084033613356,-12.60744985673352,-12.60744985673352,0.0,0.0,2.49,0.0,연기금,미확인,"소형주 핵심 연기금, 외국인 0, 연기금 0, 투신·사모 0, 지속성 20",-1.93,0.58,14.06,"시장대비 5일 -1.9%p·20일 +0.6%p, 거래대금 상위 30%, 추세 0",조건미충족,False,0.0,"조건미충족: 20일 +2.5%, 고점대비 -12.6%, MA20 이격 -5.0%, 거래대금 0.80배",4.87,RiskOn,회피,관찰,0.0,역배열/추세 훼손,매도/제외,제외,연기금 수급 0.0 · 주도성 14.1 · 조건미충족 · 공시 중립,제외
시프트업,462870,KOSPI,분류안됨,분류안됨,7.81,6,58.0,3.2,상승장 (보수적 반영),31000.0,-0.6410256410256387,-0.2279679928608768,-0.0090121819209099,0.0137605911954334,0.0053034156902296,0,1,98.8,0.2,40.9,82.0,7.4,8.2,10.0,0.82,False,False,40.0,31130.0,31085.0,31362.5,0.0,18209.51923076923,10.16,22.71,0.0,0.35,1,50.0,0.0,중립,False,최근 중요 공시 신호 없음,0.0,-1.4,회피,-0.01,14.46,Low,RiskOn,중형,-0.0237,-0.024,0.0243,-0.2245,3,-0.0188,-0.1542,0.0041,0.0167,2,1,-1.7432646592709933,-5.053598774885149,-3.5769828926905167,-5.053598774885149,0.0,0.0,1.58,0.0,연기금,미확인,"중형주 핵심 연기금, 외국인 0, 연기금 0, 투신·사모 30, 지속성 20",-3.02,-7.0,13.44,"시장대비 5일 -3.0%p·20일 -7.0%p, 거래대금 상위 2%, 추세 40",조건미충족,False,0.0,"조건미충족: 20일 -5.1%, 고점대비 -3.6%, MA20 이격 -1.2%, 거래대금 0.82배",5.5,RiskOn,회피,관찰,0.0,역배열/추세 훼손,매도/제외,제외,연기금 수급 0.0 · 주도성 13.4 · 조건미충족 · 공시 중립,제외
네이처셀,7390,KOSDAQ,분류안됨,분류안됨,7.56,10,42.2,-3.12,상승장 (보수적 반영),24700.0,-1.5936254980079667,0.3618673231313948,0.0076220418346066,-0.0005145877907673,-0.0036390193607529,0,0,99.8,1.7,54.8,90.4,46.1,55.1,43.8,1.26,False,False,40.0,24740.0,24740.0,24752.5,0.2172,15915.262948207172,-607.14,-4.45,0.0,0.35,1,50.0,0.0,중립,False,최근 중요 공시 신호 없음,0.0,1.1,대기,0.98,14.26,Low,RiskOn,중형,0.0007,0.0007,-0.0051,0.1806,3,0.1058,0.157,-0.0008,-0.0031,3,1,0.20283975659229903,4.439746300211422,-3.1372549019607843,-3.1372549019607843,9.55,12.34,2.32,0.0,연기금,유지,"중형주 핵심 연기금, 외국인 40, 연기금 7, 투신·사모 0, 지속성 20",-1.08,2.5,29.12,"시장대비 5일 -1.1%p·20일 +2.5%p, 거래대금 상위 23%, 추세 40",눌림대기,False,66.67,"눌림대기: 20일 +4.4%, 고점대비 -3.1%, MA20 이격 -0.2%, 거래대금 1.26배",19.41,RiskOn,회피,관찰,0.0,연기금 10일 순매수 · 역배열/추세 훼손,매도/제외,제외,연기금 수급 0.0 · 주도성 29.1 · 눌림대기 · 공시 중립,제외
알테오젠,196170,KOSDAQ,분류안됨,분류안됨,7.44,5,54.2,1.68,상승장 (보수적 반영),259000.0,-2.264150943396226,0.3545565658421996,-0.0358408651279183,-0.4407578376792862,-0.2584086204264603,0,0,98.1,2.1,36.1,79.2,588.1,741.0,1107.6,0.67,False,False,40.0,256900.0,254650.0,264050.0,0.0,180406.69433962263,101.32,39.42,0.0,0.35,1,50.0,0.0,중립,False,최근 중요 공시 신호 없음,0.0,-1.4,회피,-5.03,14.78,Low,RiskOn,대형,0.1066,0.0862,0.2056,0.4485,4,0.0413,-0.0102,0.0175,0.1306,3,4,3.600000000000003,-13.232830820770525,-10.225303292894283,-13.232830820770525,46.5,48.33,11.8,42.33,외국인,유지,"대형주 핵심 외국인, 외국인 15, 연기금 64, 투신·사모 70, 지속성 60",2.32,-15.17,39.21,"시장대비 5일 +2.3%p·20일 -15.2%p, 거래대금 상위 92%, 추세 40",조건미충족,False,0.0,"조건미충족: 20일 -13.2%, 고점대비 -10.2%, MA20 이격 -1.9%, 거래대금 0.67배",33.19,RiskOn,회피,관찰,0.0,연기금 10일 순매수 · 거래대금 대비 수급 양호 · 기관 동행 · 역배열/추세 훼손,매도/제외,제외,외국인 수급 42.3 · 주도성 39.2 · 조건미충족 · 공시 중립,제외
한화투자증권,3530,KOSPI,분류안됨,분류안됨,7.33,11,42.2,-3.12,상승장 (보수적 반영),4675.0,0.8629989212513456,-0.037636922445911,-0.0079131242438941,0.1208552919563459,0.0218527086249844,0,0,99.3,2.7,51.1,76.5,40.7,53.5,72.2,0.74,False,False,0.0,4585.0,4592.5,4707.25,0.0,10029.816612729232,0.0,0.0,0.0,0.35,1,50.0,0.0,중립,False,최근 중요 공시 신호 없음,0.0,1.1,대기,3.85,13.67,Low,RiskOn,중형,0.001,-0.0142,-0.0403,0.0054,2,0.0054,-0.1565,0.0002,0.0,2,1,1.9629225736095934,-0.5319148936170248,-8.333333333333337,-8.333333333333337,0.0,0.45,0.25,0.0,연기금,미확인,"중형주 핵심 연기금, 외국인 0, 연기금 0, 투신·사모 2, 지속성 20",0.68,-2.47,19.1,"시장대비 5일 +0.7%p·20일 -2.5%p, 거래대금 상위 33%, 추세 0",조건미충족,False,0.0,"조건미충족: 20일 -0.5%, 고점대비 -8.3%, MA20 이격 -0.7%, 거래대금 0.74배",5.91,RiskOn,회피,관찰,0.0,역배열/추세 훼손,매도/제외,제외,연기금 수급 0.0 · 주도성 19.1 · 조건미충족 · 공시 중립,제외
세방전지,4490,KOSPI,분류안됨,분류안됨,6.9,10,44.2,-2.32,상승장 (보수적 반영),62200.0,0.9740259740259828,-1.0189312196916993,0.710411112889721,-0.0439602310653041,-0.0273235650226157,2,2,101.1,1.3,39.4,94.5,23.0,23.1,48.0,0.48,False,False,60.0,60460.0,60010.0,61510.0,0.5146,8620.152597402599,0.0,0.0,0.0,0.35,1,50.0,0.0,중립,False,최근 중요 공시 신호 없음,0.0,-1.4,회피,-1.46,14.09,Low,RiskOn,소형,0.1833,0.2394,0.1172,0.5337,4,0.0773,0.2299,0.0759,-0.0006,4,3,4.890387858347389,-5.038167938931293,-6.466165413533831,-6.466165413533831,16.11,16.99,11.68,37.01,연기금,유지,"소형주 핵심 연기금, 외국인 43, 연기금 82, 투신·사모 52, 지속성 60",3.61,-6.98,36.18,"시장대비 5일 +3.6%p·20일 -7.0%p, 거래대금 상위 26%, 추세 60",조건미충족,False,0.0,"조건미충족: 20일 -5.0%, 고점대비 -6.5%, MA20 이격 +1.1%, 거래대금 0.48배",28.74,RiskOn,회피,관찰,0.0,연기금 10일 순매수 · 기관 동행 · 역배열/추세 훼손,매도/제외,제외,연기금 수급 37.0 · 주도성 36.2 · 조건미충족 · 공시 중립,제외
에이피알,278470,KOSPI,분류안됨,분류안됨,6.56,7,55.0,2.0,상승장 (보수적 반영),365500.0,-0.1366120218579181,0.1993493477929,-0.7452492729684721,-0.4633188231162884,-0.441165049936747,4,0,98.9,2.1,32.0,106.3,629.5,582.1,862.1,0.68,False,False,40.0,365700.0,364450.0,369525.0,0.0,136835.81010928962,31.32,75.3,0.0,0.35,1,50.0,0.0,중립,False,최근 중요 공시 신호 없음,0.0,-1.4,회피,2.43,13.54,Low,RiskOn,대형,-0.1211,-0.127,-0.3604,-0.111,2,0.1147,0.2918,-0.0026,-0.0036,4,1,-0.8141112618724522,-12.768496420047736,-9.97536945812808,-12.768496420047736,8.0,41.4,1.86,37.76,외국인,유지,"대형주 핵심 외국인, 외국인 57, 연기금 0, 투신·사모 0, 지속성 80",-2.09,-14.71,30.48,"시장대비 5일 -2.1%p·20일 -14.7%p, 거래대금 상위 87%, 추세 40",조건미충족,False,0.0,"조건미충족: 20일 -12.8%, 고점대비 -10.0%, MA20 이격 -1.1%, 거래대금 0.68배",28.16,RiskOn,회피,관찰,0.0,역배열/추세 훼손,매도/제외,제외,외국인 수급 37.8 · 주도성 30.5 · 조건미충족 · 공시 중립,제외
한전기술,52690,KOSPI,분류안됨,분류안됨,6.56,5,51.4,0.56,상승장 (보수적 반영),126900.0,0.8744038155802825,-1.9055832127535008,-0.2442221103027656,0.5123972143977269,-0.3513765929256335,1,0,96.5,3.2,58.7,76.4,290.7,309.6,1013.2,0.31,False,False,0.0,124520.0,129210.0,131475.0,0.0,48500.413354531,154.09,14.2,0.0,0.35,1,50.0,0.0,중립,False,최근 중요 공시 신호 없음,0.0,0.0,대기,-2.32,12.32,Low,RiskOn,대형,-0.0628,-0.2486,-0.5692,-0.0807,2,0.0013,-0.4866,-0.0381,-0.0684,2,1,-2.6840490797546024,19.943289224952743,-16.513157894736842,-16.513157894736842,0.0,31.51,0.87,0.0,외국인,미확인,"대형주 핵심 외국인, 외국인 0, 연기금 0, 투신·사모 0, 지속성 40",-3.96,18.0,48.19,"시장대비 5일 -4.0%p·20일 +18.0%p, 거래대금 상위 91%, 추세 0",조건미충족,False,0.0,"조건미충족: 20일 +19.9%, 고점대비 -16.5%, MA20 이격 -3.5%, 거래대금 0.31배",17.01,RiskOn,회피,관찰,0.0,역배열/추세 훼손,매도/제외,제외,외국인 수급 0.0 · 주도성 48.2 · 조건미충족 · 공시 중립,제외
디앤디파마텍,347850,KOSDAQ,분류안됨,분류안됨,6.38,10,42.2,-3.12,상승장 (보수적 반영),43200.0,-4.530386740331494,1.4420665871974383,-0.2109940705739913,-0.7497272329599245,-0.646989978747035,0,0,93.9,5.3,37.7,80.7,175.4,209.7,219.6,0.95,False,False,0.0,43090.0,43870.0,46000.0,0.0,19870.090607734805,-98.59,-31.49,0.0,0.35,1,50.0,0.0,중립,False,최근 중요 공시 신호 없음,0.0,-1.4,회피,-2.09,14.65,Low,RiskOn,중형,-0.0029,-0.0861,-0.3515,-0.0133,3,-0.1774,0.2181,0.1259,-0.049,3,2,-2.921348314606742,-11.926605504587151,-13.078470824949695,-13.078470824949695,16.0,0.0,4.24,0.0,연기금,미확인,"중형주 핵심 연기금, 외국인 0, 연기금 0, 투신·사모 53, 지속성 40",-4.2,-13.87,0.0,"시장대비 5일 -4.2%p·20일 -13.9%p, 거래대금 상위 59%, 추세 0",조건미충족,False,0.0,"조건미충족: 20일 -11.9%, 고점대비 -13.1%, MA20 이격 -6.1%, 거래대금 0.95배",0.0,RiskOn,회피,관찰,0.0,역배열/추세 훼손,매도/제외,제외,연기금 수급 0.0 · 주도성 0.0 · 조건미충족 · 공시 중립,제외
두산에너빌리티,34020,KOSPI,분류안됨,분류안됨,6.38,8,48.8,-0.48,상승장 (보수적 반영),81100.0,-1.218026796589522,-1.1591889862308733,0.1156622688100418,0.0799786383333462,-0.0752193061559199,0,2,95.7,1.4,52.3,71.9,1411.4,1503.4,2400.0,0.63,False,False,0.0,81300.0,83030.0,84775.0,0.0,519494.3970767357,317.67,1.11,0.0,0.35,1,50.0,0.0,중립,False,최근 중요 공시 신호 없음,0.0,0.0,대기,2.65,14.28,Low,RiskOn,대형,-0.0045,-0.0658,-0.1989,-0.3574,1,-0.2348,-0.7474,-0.0342,-0.0089,1,3,-0.7343941248470043,5.87467362924281,-11.55943293347873,-11.55943293347873,0.0,37.18,3.6,0.0,외국인,미확인,"대형주 핵심 외국인, 외국인 0, 연기금 0, 투신·사모 0, 지속성 20",-2.01,3.93,33.22,"시장대비 5일 -2.0%p·20일 +3.9%p, 거래대금 상위 98%, 추세 0",눌림대기,False,33.33,"눌림대기: 20일 +5.9%, 고점대비 -11.6%, MA20 이격 -4.3%, 거래대금 0.63배",16.51,RiskOn,회피,관찰,0.0,역배열/추세 훼손,매도/제외,제외,외국인 수급 0.0 · 주도성 33.2 · 눌림대기 · 공시 중립,제외
LS,6260,KOSPI,분류안됨,분류안됨,5.98,5,47.4,-1.04,상승장 (보수적 반영),298000.0,0.0,-0.1792744794355532,0.1782811908449492,-0.0788470304164515,0.0056765132937532,1,0,95.6,1.9,50.1,97.3,311.8,347.8,335.5,1.04,False,False,40.0,306600.0,313300.0,311675.0,0.0,92976.0,23.74,5.65,0.0,0.35,1,50.0,0.0,중립,False,최근 중요 공시 신호 없음,0.0,0.0,대기,-4.7,14.39,Low,RiskOn,중형,0.0254,0.1241,-0.1113,-0.8656,1,-0.0971,-0.2932,-0.2561,-0.0331,3,3,-7.309486780715401,0.5059021922428242,-9.696969696969692,-9.696969696969692,8.0,40.13,3.13,28.16,연기금,유지,"중형주 핵심 연기금, 외국인 0, 연기금 48, 투신·사모 0, 지속성 60",-8.59,-1.44,14.63,"시장대비 5일 -8.6%p·20일 -1.4%p, 거래대금 상위 70%, 추세 40",조건미충족,False,0.0,"조건미충족: 20일 +0.5%, 고점대비 -9.7%, MA20 이격 -4.4%, 거래대금 1.04배",17.53,RiskOn,회피,관찰,0.0,연기금 10일 순매수 · 역배열/추세 훼손,매도/제외,제외,연기금 수급 28.2 · 주도성 14.6 · 조건미충족 · 공시 중립,제외
강원랜드,35250,KOSPI,분류안됨,분류안됨,5.94,6,55.0,2.0,상승장 (보수적 반영),14290.0,0.1401541695865482,-0.3669583385965245,0.0186343015402235,-0.0503767236906133,-0.0047392704535588,0,1,98.2,0.5,36.8,77.4,25.3,31.5,32.4,0.97,False,False,0.0,14340.0,14362.0,14548.0,0.0,30571.78766643308,9.51,8.11,0.0,0.35,1,50.0,0.0,중립,False,최근 중요 공시 신호 없음,0.0,-1.4,회피,1.53,13.93,Low,RiskOn,중형,-0.0092,-0.0308,-0.0754,-0.8166,0,-0.1006,-0.2948,-0.026,-0.0011,1,2,-0.20949720670391248,-2.1232876712328763,-3.7710437710437694,-3.7710437710437694,0.0,0.0,1.57,0.0,연기금,미확인,"중형주 핵심 연기금, 외국인 0, 연기금 0, 투신·사모 0, 지속성 40",-1.49,-4.07,9.73,"시장대비 5일 -1.5%p·20일 -4.1%p, 거래대금 상위 17%, 추세 0",조건미충족,False,0.0,"조건미충족: 20일 -2.1%, 고점대비 -3.8%, MA20 이격 -1.8%, 거래대금 0.97배",3.91,RiskOn,회피,관찰,0.0,역배열/추세 훼손,매도/제외,제외,연기금 수급 0.0 · 주도성 9.7 · 조건미충족 · 공시 중립,제외
HJ중공업,97230,KOSPI,분류안됨,조선;방산,5.84,6,57.05,2.82,상승장 (보수적 반영),15270.0,1.7321785476348994,0.0544913613507252,-0.0290476050713802,-0.035740749973267,-0.0025658507590395,3,0,99.2,1.1,44.0,88.3,31.6,29.4,36.4,0.81,False,False,0.0,14886.0,15035.0,15388.0,0.0,13787.762158560958,9.98,10.15,2.251,0.35,1,50.0,0.0,중립,False,최근 중요 공시 신호 없음,0.0,-1.4,회피,3.7,12.88,Low,RiskOn,중형,0.0008,-0.0096,-0.0118,0.3251,4,0.1703,0.0664,0.0001,-0.0002,4,1,4.160982264665747,-4.082914572864327,-5.214152700186214,-5.214152700186214,15.0,0.0,3.33,0.0,연기금,미확인,"중형주 핵심 연기금, 외국인 46, 연기금 0, 투신·사모 0, 지속성 20",2.88,-6.02,21.25,"시장대비 5일 +2.9%p·20일 -6.0%p, 거래대금 상위 20%, 추세 0",조건미충족,False,0.0,"조건미충족: 20일 -4.1%, 고점대비 -5.2%, MA20 이격 -0.8%, 거래대금 0.81배",8.14,RiskOn,회피,관찰,0.0,역배열/추세 훼손,매도/제외,제외,연기금 수급 0.0 · 주도성 21.2 · 조건미충족 · 공시 중립,제외
포스코DX,22100,KOSPI,분류안됨,분류안됨,5.64,8,51.6,0.64,상승장 (보수적 반영),20750.0,1.2195121951219523,-0.5994992060493394,0.5714031445678759,0.1009788620107535,-0.0259367028843065,2,0,98.5,0.6,47.1,101.2,41.5,40.5,312.1,0.13,False,False,0.0,20244.0,20396.0,21058.0,0.0146,31547.085365853654,105.48,9.53,0.0,0.35,1,50.0,0.0,중립,False,최근 중요 공시 신호 없음,0.0,-1.4,회피,3.74,13.58,Low,RiskOn,중형,0.012,0.0059,0.0052,0.024,3,0.0198,-0.1232,0.0041,-0.0022,3,2,3.8019009504752344,-0.7177033492822948,-6.320541760722342,-6.320541760722342,4.09,22.87,3.46,0.0,연기금,유지,"중형주 핵심 연기금, 외국인 0, 연기금 19, 투신·사모 6, 지속성 40",2.52,-2.66,30.24,"시장대비 5일 +2.5%p·20일 -2.7%p, 거래대금 상위 67%, 추세 0",조건미충족,False,0.0,"조건미충족: 20일 -0.7%, 고점대비 -6.3%, MA20 이격 -1.5%, 거래대금 0.13배",10.74,RiskOn,회피,관찰,0.0,연기금 10일 순매수 · 역배열/추세 훼손,매도/제외,제외,연기금 수급 0.0 · 주도성 30.2 · 조건미충족 · 공시 중립,제외
CJ제일제당,97950,KOSPI,분류안됨,분류안됨,5.64,10,44.8,-2.08,상승장 (보수적 반영),179200.0,0.6741573033707926,-0.7775172263434175,-0.1058727157521511,0.1072823534929253,-0.0492120607353443,1,3,100.0,1.2,36.6,49.0,38.3,64.5,88.5,0.73,False,False,60.0,178920.0,177020.0,179140.0,0.0,26976.64719101124,-4.35,-7.67,0.0,0.35,1,50.0,0.0,중립,False,최근 중요 공시 신호 없음,0.0,-1.4,회피,2.06,13.8,Low,RiskOn,중형,0.07,-0.0784,-0.044,0.3474,5,0.0995,-0.0904,-0.0028,-0.003,3,3,1.9340159271899804,-1.8619934282584905,-3.604088219472834,-3.604088219472834,20.41,27.12,9.59,0.0,연기금,유지,"중형주 핵심 연기금, 외국인 18, 연기금 33, 투신·사모 0, 지속성 60",0.66,-3.8,30.88,"시장대비 5일 +0.7%p·20일 -3.8%p, 거래대금 상위 36%, 추세 60",조건미충족,False,0.0,"조건미충족: 20일 -1.9%, 고점대비 -3.6%, MA20 이격 +0.0%, 거래대금 0.73배",10.29,RiskOn,회피,관찰,0.0,기관 동행 · 역배열/추세 훼손,매도/제외,제외,연기금 수급 0.0 · 주도성 30.9 · 조건미충족 · 공시 중립,제외
효성,4800,KOSPI,분류안됨,분류안됨,5.57,5,54.4,1.76,상승장 (보수적 반영),158300.0,1.735218508997427,0.1002300087035005,0.4234095567481425,-0.1164558300939341,-0.2173431749015569,1,0,98.6,0.3,49.4,74.3,14.8,17.4,33.4,0.52,False,False,0.0,157420.0,159780.0,160605.0,0.5027,26499.98971722365,5.81,14.35,0.0,0.35,1,50.0,0.0,중립,False,최근 중요 공시 신호 없음,0.0,-0.3,회피,2.09,13.93,Low,RiskOn,중형,0.0361,0.1597,-0.0055,0.0184,2,-0.0314,0.0702,-0.0086,-0.0095,1,3,-3.593179049939099,-0.9386733416770987,-6.442080378250592,-6.442080378250592,0.0,3.32,2.6,2.22,연기금,유지,"중형주 핵심 연기금, 외국인 3, 연기금 56, 투신·사모 0, 지속성 60",-4.87,-2.88,0.0,"시장대비 5일 -4.9%p·20일 -2.9%p, 거래대금 상위 18%, 추세 0",조건미충족,False,0.0,"조건미충족: 20일 -0.9%, 고점대비 -6.4%, MA20 이격 -1.4%, 거래대금 0.52배",1.44,RiskOn,회피,관찰,0.0,연기금 10일 순매수 · 역배열/추세 훼손,매도/제외,제외,연기금 수급 2.2 · 주도성 0.0 · 조건미충족 · 공시 중립,제외
셀트리온,68270,KOSPI,분류안됨,분류안됨,5.53,8,48.8,-0.48,상승장 (보수적 반영),182400.0,-0.6535947712418277,-0.105565381971295,-0.0194399802439795,-0.2303967401457124,-0.0179238274952046,0,2,100.8,0.7,45.4,90.4,539.6,590.3,696.4,0.85,False,False,60.0,180180.0,179790.0,180905.0,0.0,424293.5947712418,27.53,5.94,0.0,0.35,1,50.0,0.0,중립,False,최근 중요 공시 신호 없음,0.0,-1.4,회피,1.39,12.14,Low,RiskOn,대형,0.0042,0.0142,-0.0084,-0.0323,2,-0.0098,-0.0722,-0.0088,0.0042,3,3,2.818489289740689,-2.093397745571657,-3.0303030303030276,-3.0303030303030276,8.0,59.38,4.84,0.0,외국인,미확인,"대형주 핵심 외국인, 외국인 0, 연기금 16, 투신·사모 0, 지속성 60",1.54,-4.04,42.78,"시장대비 5일 +1.5%p·20일 -4.0%p, 거래대금 상위 85%, 추세 60",조건미충족,False,0.0,"조건미충족: 20일 -2.1%, 고점대비 -3.0%, MA20 이격 +0.8%, 거래대금 0.85배",14.85,RiskOn,회피,관찰,0.0,연기금 10일 순매수 · 역배열/추세 훼손,매도/제외,제외,외국인 수급 0.0 · 주도성 42.8 · 조건미충족 · 공시 중립,제외
대웅제약,69620,KOSPI,분류안됨,분류안됨,4.98,5,57.2,2.88,상승장 (보수적 반영),108800.0,-0.7299270072992692,-0.4744371986556474,-0.1374205289971556,-0.00185762927001,0.0112867082472459,0,0,98.2,0.7,40.3,94.4,16.3,17.2,19.9,0.86,False,False,0.0,108060.0,108410.0,110825.0,0.0,12605.31386861314,6.71,21.75,0.0,0.35,1,50.0,0.0,중립,False,최근 중요 공시 신호 없음,0.0,-1.4,회피,3.5,13.82,Low,RiskOn,중형,0.0396,0.0226,0.0305,0.0613,2,-0.1069,-0.2419,0.0181,0.0054,1,2,2.4482109227871973,-12.328767123287676,-6.689536878216118,-12.328767123287676,0.0,0.0,0.41,0.0,연기금,유지,"중형주 핵심 연기금, 외국인 0, 연기금 39, 투신·사모 33, 지속성 40",1.17,-14.27,14.82,"시장대비 5일 +1.2%p·20일 -14.3%p, 거래대금 상위 9%, 추세 0",조건미충족,False,0.0,"조건미충족: 20일 -12.3%, 고점대비 -6.7%, MA20 이격 -1.8%, 거래대금 0.86배",5.91,RiskOn,회피,관찰,0.0,연기금 10일 순매수 · 역배열/추세 훼손,매도/제외,제외,연기금 수급 0.0 · 주도성 14.8 · 조건미충족 · 공시 중립,제외
JB금융지주,175330,KOSPI,분류안됨,분류안됨,4.96,2,55.0,2.0,상승장 (보수적 반영),28950.0,2.1164021164021163,-1.1803866602945836,0.9895723900867124,-0.1899363306473185,-0.0132819818549963,0,1,93.4,1.1,37.2,64.9,77.3,120.3,158.9,0.76,False,False,0.0,29700.0,30285.0,30992.5,0.2807,53997.11111111111,8.23,12.36,0.0,0.35,1,50.0,0.0,중립,False,최근 중요 공시 신호 없음,0.0,-1.4,회피,-5.51,11.54,Low,RiskOn,중형,0.0319,0.0725,-0.1524,-0.5696,1,-0.1457,-0.3176,-0.1203,-0.0063,2,3,-3.9800995024875663,-5.237315875613746,-12.139605462822455,-12.139605462822455,0.0,0.0,5.94,26.47,연기금,유지,"중형주 핵심 연기금, 외국인 0, 연기금 44, 투신·사모 0, 지속성 60",-5.26,-7.18,0.0,"시장대비 5일 -5.3%p·20일 -7.2%p, 거래대금 상위 51%, 추세 0",조건미충족,False,0.0,"조건미충족: 20일 -5.2%, 고점대비 -12.1%, MA20 이격 -6.6%, 거래대금 0.76배",12.41,RiskOn,회피,관찰,0.0,연기금 10일 순매수 · 역배열/추세 훼손,매도/제외,제외,연기금 수급 26.5 · 주도성 0.0 · 조건미충족 · 공시 중립,제외
DL,210,KOSPI,분류안됨,분류안됨,4.63,9,44.6,-2.16,상승장 (보수적 반영),48650.0,0.1028806584362218,-1.0658944651707654,0.9776119502692088,0.1032628414561583,0.1232551708986306,0,3,92.1,1.1,31.4,65.3,14.0,21.8,33.0,0.66,False,False,0.0,49880.0,51220.0,52810.0,0.5427,10194.477366255143,0.0,0.0,0.0,0.35,1,50.0,0.0,중립,False,최근 중요 공시 신호 없음,0.0,-1.4,회피,1.89,11.85,Low,RiskOn,중형,-0.009,0.186,0.1273,-0.1847,2,0.107,-0.2919,-0.0062,-0.0981,2,4,-3.6633663366336666,-4.98046875,-13.124999999999998,-13.124999999999998,0.0,0.0,9.79,0.95,연기금,유지,"중형주 핵심 연기금, 외국인 0, 연기금 47, 투신·사모 0, 지속성 80",-4.94,-6.92,0.0,"시장대비 5일 -4.9%p·20일 -6.9%p, 거래대금 상위 18%, 추세 0",조건미충족,False,0.0,"조건미충족: 20일 -5.0%, 고점대비 -13.1%, MA20 이격 -7.9%, 거래대금 0.66배",0.0,RiskOn,회피,관찰,0.0,연기금 10일 순매수 · 기관 동행 · 역배열/추세 훼손,매도/제외,제외,연기금 수급 0.9 · 주도성 0.0 · 조건미충족 · 공시 중립,제외
미스토홀딩스,81660,KOSPI,분류안됨,분류안됨,4.62,6,55.0,2.0,상승장 (보수적 반영),38750.0,3.471295060080104,-0.4872840987406343,0.0179477992705348,0.0154389575755019,-0.0067017989687543,0,1,98.9,0.9,42.1,104.3,42.7,38.3,48.2,0.79,False,False,0.0,38090.0,38110.0,39170.0,0.0,20572.162883845125,8.18,11.39,0.0,0.35,1,50.0,0.0,중립,False,최근 중요 공시 신호 없음,0.0,-1.4,회피,4.62,12.99,Low,RiskOn,중형,0.0367,-0.0498,-0.01,-0.122,2,-0.2081,-0.3444,0.0381,0.0006,1,1,2.6490066225165476,-6.2877871825876674,-6.400966183574875,-6.400966183574875,0.0,0.0,1.82,0.0,연기금,유지,"중형주 핵심 연기금, 외국인 0, 연기금 17, 투신·사모 44, 지속성 20",1.37,-8.23,18.63,"시장대비 5일 +1.4%p·20일 -8.2%p, 거래대금 상위 26%, 추세 0",조건미충족,False,0.0,"조건미충족: 20일 -6.3%, 고점대비 -6.4%, MA20 이격 -1.1%, 거래대금 0.79배",7.02,RiskOn,회피,관찰,0.0,역배열/추세 훼손,매도/제외,제외,연기금 수급 0.0 · 주도성 18.6 · 조건미충족 · 공시 중립,제외
키움증권,39490,KOSPI,분류안됨,분류안됨,4.57,0,57.2,2.88,상승장 (보수적 반영),258500.0,-1.5238095238095273,0.2320290134413232,-0.2816366584395593,0.0175759327879617,0.0250095161016316,0,0,97.1,1.5,43.0,76.7,151.6,199.5,173.2,1.15,False,False,0.0,257000.0,260300.0,266250.0,0.0,67799.87238095238,4.3,18.12,0.0,0.35,1,50.0,0.0,중립,False,최근 중요 공시 신호 없음,0.0,0.0,대기,-3.95,13.0,Low,RiskOn,중형,-0.0488,-0.1557,-0.2161,-0.3428,1,-0.0101,0.025,-0.0229,-0.0109,2,1,-2.819548872180455,-5.6569343065693385,-7.014388489208634,-7.014388489208634,0.0,0.0,0.19,0.0,연기금,미확인,"중형주 핵심 연기금, 외국인 1, 연기금 0, 투신·사모 0, 지속성 20",-4.1,-7.6,0.68,"시장대비 5일 -4.1%p·20일 -7.6%p, 거래대금 상위 53%, 추세 0",조건미충족,False,0.0,"조건미충족: 20일 -5.7%, 고점대비 -7.0%, MA20 이격 -2.9%, 거래대금 1.15배",0.96,RiskOn,회피,관찰,0.0,역배열/추세 훼손,매도/제외,제외,연기금 수급 0.0 · 주도성 0.7 · 조건미충족 · 공시 중립,제외
두산퓨얼셀,336260,KOSPI,분류안됨,분류안됨,4.56,7,43.0,-2.8,상승장 (보수적 반영),45750.0,2.1205357142857206,1.2727298162272416,-0.0460163075559796,-0.3474074257864421,-0.6678068394866244,4,0,95.7,4.6,58.6,59.9,175.4,276.4,538.0,0.51,False,False,0.0,45270.0,47050.0,47800.0,0.0,29963.18638392857,-21.71,-30.66,0.0,0.35,1,50.0,0.0,중립,False,최근 중요 공시 신호 없음,0.0,0.0,대기,-0.83,12.24,Low,RiskOn,중형,0.099,-0.0545,-1.7619,-0.2417,2,0.5461,0.9616,-0.2808,-0.5253,4,2,-3.072033898305082,18.217054263565903,-15.120593692022267,-15.120593692022267,0.0,27.63,1.23,15.62,연기금,유지,"중형주 핵심 연기금, 외국인 87, 연기금 45, 투신·사모 0, 지속성 40",-4.35,16.28,31.0,"시장대비 5일 -4.3%p·20일 +16.3%p, 거래대금 상위 80%, 추세 0",조건미충족,False,0.0,"조건미충족: 20일 +18.2%, 고점대비 -15.1%, MA20 이격 -4.3%, 거래대금 0.51배",17.18,RiskOn,회피,관찰,0.0,역배열/추세 훼손,매도/제외,제외,연기금 수급 15.6 · 주도성 31.0 · 조건미충족 · 공시 중립,제외
기업은행,24110,KOSPI,분류안됨,분류안됨,4.55,6,51.0,0.4,상승장 (보수적 반영),20250.0,0.496277915632759,-0.2457509142022907,-0.0099391464016465,-0.0073348826941134,0.0004167008706231,0,1,98.8,0.5,38.6,58.9,116.0,161.5,174.4,0.93,False,False,40.0,20440.0,20280.0,20487.5,0.0,161478.42431761787,6.19,7.7,0.0,0.35,1,50.0,0.0,중립,False,최근 중요 공시 신호 없음,0.0,-1.4,회피,1.04,11.88,Low,RiskOn,대형,-0.0122,-0.034,-0.0516,-0.3805,2,-0.0407,-0.1317,-0.0077,-0.0008,1,2,-0.7352941176470562,-2.877697841726623,-4.255319148936165,-4.255319148936165,4.0,16.3,2.38,0.0,외국인,미확인,"대형주 핵심 외국인, 외국인 0, 연기금 0, 투신·사모 0, 지속성 20",-2.01,-4.82,23.74,"시장대비 5일 -2.0%p·20일 -4.8%p, 거래대금 상위 54%, 추세 40",조건미충족,False,0.0,"조건미충족: 20일 -2.9%, 고점대비 -4.3%, MA20 이격 -1.2%, 거래대금 0.93배",8.41,RiskOn,회피,관찰,0.0,역배열/추세 훼손,매도/제외,제외,외국인 수급 0.0 · 주도성 23.7 · 조건미충족 · 공시 중립,제외
태광산업,3240,KOSPI,분류안됨,분류안됨,4.47,10,42.2,-3.12,상승장 (보수적 반영),889000.0,-1.2222222222222243,0.0052785879309996,-0.054267258508854,-0.0011959545475977,-0.0008787037847813,0,0,97.9,0.5,34.4,170.0,14.0,9.9,9.2,1.08,False,False,0.0,901000.0,902100.0,907750.0,0.0,9897.533333333333,0.0,0.0,0.0,0.35,1,50.0,0.0,중립,False,최근 중요 공시 신호 없음,0.0,-1.4,회피,2.34,11.78,Low,RiskOn,소형,-0.0044,-0.0462,-0.0492,-0.0418,2,0.003,-0.0146,0.0012,-0.0022,2,1,-2.3076923076923106,-4.715969989281888,-5.324813631522895,-5.324813631522895,0.0,0.0,0.0,0.0,연기금,미확인,"소형주 핵심 연기금, 외국인 0, 연기금 0, 투신·사모 0, 지속성 20",-3.59,-6.66,5.33,"시장대비 5일 -3.6%p·20일 -6.7%p, 거래대금 상위 2%, 추세 0",조건미충족,False,0.0,"조건미충족: 20일 -4.7%, 고점대비 -5.3%, MA20 이격 -2.1%, 거래대금 1.08배",1.09,RiskOn,회피,관찰,0.0,역배열/추세 훼손,매도/제외,제외,연기금 수급 0.0 · 주도성 5.3 · 조건미충족 · 공시 중립,제외
서울보증보험,31210,KOSPI,분류안됨,분류안됨,4.14,5,50.2,0.08,상승장 (보수적 반영),42050.0,-1.1750881316098694,-0.1454568836561255,0.0466333408257481,0.0318070674804421,-0.0215211189141089,0,0,98.3,0.3,34.8,66.1,12.1,17.9,19.9,0.9,False,False,40.0,42630.0,42065.0,42772.5,0.467,29359.893066980025,9.85,5.18,0.0,0.35,1,50.0,0.0,중립,False,최근 중요 공시 신호 없음,0.0,-1.4,회피,-1.06,12.79,Low,RiskOn,중형,0.0284,0.0381,0.0251,-0.1187,2,-0.0566,-0.1419,-0.0057,-0.0025,1,3,1.8159806295399594,-3.3333333333333326,-6.243032329988852,-6.243032329988852,0.0,2.4,0.61,0.0,연기금,유지,"중형주 핵심 연기금, 외국인 0, 연기금 37, 투신·사모 0, 지속성 60",0.54,-5.28,21.24,"시장대비 5일 +0.5%p·20일 -5.3%p, 거래대금 상위 9%, 추세 40",조건미충족,False,0.0,"조건미충족: 20일 -3.3%, 고점대비 -6.2%, MA20 이격 -1.7%, 거래대금 0.90배",7.45,RiskOn,회피,관찰,0.0,연기금 10일 순매수 · 역배열/추세 훼손,매도/제외,제외,연기금 수급 0.0 · 주도성 21.2 · 조건미충족 · 공시 중립,제외
DB손해보험,5830,KOSPI,분류안됨,분류안됨,4.03,1,57.6,3.04,상승장 (보수적 반영),182600.0,-0.2730748225013624,-0.6129196004871476,0.2464419948955132,0.0697756561912475,-0.0158717146377056,2,0,96.6,1.3,32.8,53.3,170.4,300.4,401.3,0.75,False,False,0.0,186640.0,187170.0,189115.0,0.0,119603.4986346259,7.06,17.75,0.0,0.35,1,50.0,0.0,중립,False,최근 중요 공시 신호 없음,0.0,-1.4,회피,-3.24,11.92,Low,RiskOn,대형,-0.0468,-0.1328,-0.1594,-0.2046,2,0.0014,-0.0459,-0.0188,-0.0038,3,2,-1.0834236186348822,-4.347826086956519,-10.049261083743843,-10.049261083743843,8.0,21.7,2.86,0.0,외국인,미확인,"대형주 핵심 외국인, 외국인 0, 연기금 0, 투신·사모 0, 지속성 60",-2.36,-6.29,17.07,"시장대비 5일 -2.4%p·20일 -6.3%p, 거래대금 상위 75%, 추세 0",조건미충족,False,0.0,"조건미충족: 20일 -4.3%, 고점대비 -10.0%, MA20 이격 -3.4%, 거래대금 0.75배",6.73,RiskOn,회피,관찰,0.0,역배열/추세 훼손,매도/제외,제외,외국인 수급 0.0 · 주도성 17.1 · 조건미충족 · 공시 중립,제외
다우기술,23590,KOSPI,분류안됨,분류안됨,3.98,1,57.2,2.88,상승장 (보수적 반영),37950.0,-1.4285714285714235,-0.0388133665540467,0.0260447896963609,0.1210790679067906,0.0099605686655622,0,0,97.3,0.4,47.4,82.0,11.3,13.5,16.2,0.83,False,False,0.0,38300.0,38895.0,39022.5,0.1189,16426.928571428572,2.29,15.95,0.0,0.35,1,50.0,0.0,중립,False,최근 중요 공시 신호 없음,0.0,-1.4,회피,-3.51,12.23,Low,RiskOn,중형,-0.0497,-0.07,-0.0346,-0.1613,2,0.0078,0.0077,0.0264,0.0034,3,0,-3.1887755102040782,-1.5564202334630295,-7.776427703523692,-7.776427703523692,0.0,0.0,0.33,0.0,연기금,미확인,"중형주 핵심 연기금, 외국인 8, 연기금 0, 투신·사모 37, 지속성 0",-4.47,-3.5,0.0,"시장대비 5일 -4.5%p·20일 -3.5%p, 거래대금 상위 8%, 추세 0",조건미충족,False,0.0,"조건미충족: 20일 -1.6%, 고점대비 -7.8%, MA20 이격 -2.7%, 거래대금 0.83배",0.72,RiskOn,회피,관찰,0.0,역배열/추세 훼손,매도/제외,제외,연기금 수급 0.0 · 주도성 0.0 · 조건미충족 · 공시 중립,제외
롯데관광개발,32350,KOSPI,분류안됨,분류안됨,3.87,10,42.2,-3.12,상승장 (보수적 반영),10910.0,-7.14893617021276,-1.1441842322007842,-0.7074869710023006,-0.0662904348465961,0.5926069996351055,0,0,91.8,2.9,22.3,602.3,140.2,49.7,30.8,1.61,False,False,0.0,11522.0,11588.0,11885.0,0.0,8697.359148936172,0.0,0.0,0.0,0.35,1,50.0,0.0,중립,False,최근 중요 공시 신호 없음,0.0,-1.4,회피,3.75,12.62,Low,RiskOn,소형,-0.1816,-0.3021,-0.104,-1.0369,2,-0.6172,-0.649,-0.0178,0.1408,2,1,-6.990622335890873,-18.52128454070202,-13.136942675159236,-18.52128454070202,0.0,0.0,1.01,0.0,연기금,미확인,"소형주 핵심 연기금, 외국인 0, 연기금 0, 투신·사모 63, 지속성 20",-8.27,-20.46,0.0,"시장대비 5일 -8.3%p·20일 -20.5%p, 거래대금 상위 16%, 추세 0",조건미충족,False,0.0,"조건미충족: 20일 -18.5%, 고점대비 -13.1%, MA20 이격 -8.2%, 거래대금 1.61배",0.0,RiskOn,회피,관찰,0.0,역배열/추세 훼손,매도/제외,제외,연기금 수급 0.0 · 주도성 0.0 · 조건미충족 · 공시 중립,제외
삼성에스디에스,18260,KOSPI,분류안됨,분류안됨,3.79,5,49.2,-0.32,상승장 (보수적 반영),218500.0,-2.0179372197309364,0.5750393378050305,-0.1625064739015959,-0.1383809798244217,-0.0150063161141196,10,0,97.8,0.7,45.4,99.8,233.4,239.8,325.2,0.74,False,False,0.0,219200.0,220250.0,223475.0,0.0,169070.00896860988,27.07,7.89,0.0,0.35,1,50.0,0.0,중립,False,최근 중요 공시 신호 없음,0.0,-1.4,회피,-1.19,12.01,Low,RiskOn,대형,-0.0078,-0.0319,-0.0865,0.0471,3,0.0988,0.2017,-0.0286,-0.004,5,2,-0.9070294784580546,-6.22317596566524,-9.896907216494844,-9.896907216494844,15.84,22.11,3.77,34.86,외국인,유지,"대형주 핵심 외국인, 외국인 44, 연기금 0, 투신·사모 0, 지속성 100",-2.19,-8.16,18.7,"시장대비 5일 -2.2%p·20일 -8.2%p, 거래대금 상위 68%, 추세 0",조건미충족,False,0.0,"조건미충족: 20일 -6.2%, 고점대비 -9.9%, MA20 이격 -2.2%, 거래대금 0.74배",22.15,RiskOn,회피,관찰,0.0,역배열/추세 훼손,매도/제외,제외,외국인 수급 34.9 · 주도성 18.7 · 조건미충족 · 공시 중립,제외
CJ대한통운,120,KOSPI,분류안됨,분류안됨,3.5,6,51.0,0.4,상승장 (보수적 반영),70400.0,0.8595988538681931,-0.3904408670383893,-0.3936057984840397,-0.0083066156446078,-0.0066464282655735,0,1,98.3,0.7,37.6,93.7,22.8,21.2,30.6,0.69,False,False,0.0,70320.0,70510.0,71595.0,0.0,16059.873925501432,7.34,5.98,0.0,0.35,1,50.0,0.0,중립,False,최근 중요 공시 신호 없음,0.0,-1.4,회피,3.5,12.51,Low,RiskOn,중형,-0.0744,-0.2317,-0.2254,-0.6568,0,-0.1128,-0.2578,0.0187,-0.0131,1,2,0.8595988538681931,-2.2222222222222254,-4.477611940298509,-4.477611940298509,0.0,0.0,1.5,0.0,연기금,미확인,"중형주 핵심 연기금, 외국인 0, 연기금 0, 투신·사모 12, 지속성 40",-0.42,-4.16,12.02,"시장대비 5일 -0.4%p·20일 -4.2%p, 거래대금 상위 15%, 추세 0",조건미충족,False,0.0,"조건미충족: 20일 -2.2%, 고점대비 -4.5%, MA20 이격 -1.7%, 거래대금 0.69배",4.31,RiskOn,회피,관찰,0.0,역배열/추세 훼손,매도/제외,제외,연기금 수급 0.0 · 주도성 12.0 · 조건미충족 · 공시 중립,제외
LG유플러스,32640,KOSPI,분류안됨,분류안됨,3.49,5,50.2,0.08,상승장 (보수적 반영),14550.0,0.0687757909215935,-0.4898283041154976,-0.148314290985344,0.0174555650843603,-0.0153799708279937,0,0,98.9,0.8,45.3,48.8,54.2,97.9,127.2,0.77,False,False,40.0,14638.0,14562.0,14713.0,0.0,61753.442228335625,11.85,6.01,0.0,0.35,1,50.0,0.0,중립,False,최근 중요 공시 신호 없음,0.0,-1.4,회피,0.44,11.67,Low,RiskOn,중형,-0.0405,-0.0491,-0.044,-0.0737,2,0.0234,-0.2072,0.0178,-0.0042,2,1,-0.6147540983606592,-2.2834116856951026,-3.5785288270377746,-3.5785288270377746,0.0,12.18,0.03,0.0,연기금,미확인,"중형주 핵심 연기금, 외국인 0, 연기금 0, 투신·사모 23, 지속성 20",-1.89,-4.23,22.48,"시장대비 5일 -1.9%p·20일 -4.2%p, 거래대금 상위 46%, 추세 40",조건미충족,False,0.0,"조건미충족: 20일 -2.3%, 고점대비 -3.6%, MA20 이격 -1.1%, 거래대금 0.77배",7.89,RiskOn,회피,관찰,0.0,역배열/추세 훼손,매도/제외,제외,연기금 수급 0.0 · 주도성 22.5 · 조건미충족 · 공시 중립,제외
한국가스공사,36460,KOSPI,분류안됨,분류안됨,3.39,6,50.6,0.24,상승장 (보수적 반영),35850.0,1.7021276595744703,0.421837710812312,-0.1727625205411813,-0.0206395218115843,2.957496148930315e-05,2,0,99.8,0.7,41.8,145.5,69.2,45.4,65.1,0.7,False,False,0.0,35380.0,35550.0,35922.5,0.0,33093.872340425536,5.93,1.23,0.0,0.35,1,50.0,0.0,중립,False,최근 중요 공시 신호 없음,0.0,-1.4,회피,3.39,11.91,Low,RiskOn,중형,-0.0405,-0.0443,-0.0501,-0.1282,1,0.0418,-0.0892,-0.0036,-0.0021,3,0,0.7022471910112404,-3.1081081081081097,-4.907161803713533,-4.907161803713533,0.0,0.0,0.21,0.0,연기금,미확인,"중형주 핵심 연기금, 외국인 0, 연기금 0, 투신·사모 0, 지속성 0",-0.58,-5.05,14.52,"시장대비 5일 -0.6%p·20일 -5.0%p, 거래대금 상위 30%, 추세 0",조건미충족,False,0.0,"조건미충족: 20일 -3.1%, 고점대비 -4.9%, MA20 이격 -0.2%, 거래대금 0.70배",5.14,RiskOn,회피,관찰,0.0,역배열/추세 훼손,매도/제외,제외,연기금 수급 0.0 · 주도성 14.5 · 조건미충족 · 공시 중립,제외
한국금융지주,71050,KOSPI,분류안됨,분류안됨,3.32,1,57.8,3.12,상승장 (보수적 반영),180500.0,0.557103064066844,0.8694827783262239,-0.556743773663042,-0.2330498307676066,0.1178443472891302,3,0,96.7,1.5,42.0,80.0,245.5,295.0,302.0,0.98,False,False,0.0,179580.0,182290.0,186665.0,0.0,100585.25905292478,4.06,18.66,0.0,0.35,1,50.0,0.0,중립,False,최근 중요 공시 신호 없음,0.0,0.0,대기,1.86,11.5,Low,RiskOn,대형,-0.0842,-0.2482,-0.3207,-0.5863,1,0.1043,0.1673,-0.094,-0.05,3,0,-3.1652360515021405,-2.6429341963322583,-6.814661848218895,-6.814661848218895,8.0,19.65,2.4,27.93,외국인,유지,"대형주 핵심 외국인, 외국인 42, 연기금 0, 투신·사모 0, 지속성 60",-4.44,-4.58,3.26,"시장대비 5일 -4.4%p·20일 -4.6%p, 거래대금 상위 66%, 추세 0",조건미충족,False,0.0,"조건미충족: 20일 -2.6%, 고점대비 -6.8%, MA20 이격 -3.3%, 거래대금 0.98배",14.49,RiskOn,회피,관찰,0.0,역배열/추세 훼손,매도/제외,제외,외국인 수급 27.9 · 주도성 3.3 · 조건미충족 · 공시 중립,제외
현대차우,5385,KOSPI,분류안됨,분류안됨,3.19,5,50.2,0.08,상승장 (보수적 반영),175400.0,0.2858776443682043,-0.4813366885068451,-0.0287835497897408,0.0137455062726642,-0.0037118070985004,0,0,98.1,1.0,37.9,64.5,54.4,78.6,100.7,0.78,False,False,40.0,176240.0,175180.0,178760.0,0.0,40059.19382504288,6.03,0.0,0.0,0.35,1,50.0,0.0,중립,False,최근 중요 공시 신호 없음,0.0,-1.4,회피,1.13,12.07,Low,RiskOn,중형,0.0024,0.0063,0.005,-0.384,1,-0.1965,-0.4138,0.0029,-0.0036,1,1,-0.9599096555618303,-2.4471635150166815,-6.949602122015919,-6.949602122015919,0.0,9.59,0.07,8.26,연기금,유지,"중형주 핵심 연기금, 외국인 0, 연기금 13, 투신·사모 0, 지속성 20",-2.24,-4.39,21.05,"시장대비 5일 -2.2%p·20일 -4.4%p, 거래대금 상위 40%, 추세 40",조건미충족,False,0.0,"조건미충족: 20일 -2.4%, 고점대비 -6.9%, MA20 이격 -1.9%, 거래대금 0.78배",11.1,RiskOn,회피,관찰,0.0,연기금 10일 순매수 · 역배열/추세 훼손,매도/제외,제외,연기금 수급 8.3 · 주도성 21.1 · 조건미충족 · 공시 중립,제외
JYP Ent.,35900,KOSDAQ,분류안됨,분류안됨,3.18,1,57.2,2.88,상승장 (보수적 반영),37350.0,-1.059602649006619,-1.2328862066472106,-0.2187438651447161,0.1903919828522569,0.2017602041906037,0,0,96.9,2.1,39.6,111.8,55.8,54.8,60.0,0.91,False,False,0.0,37750.0,37925.0,38542.5,0.0,13270.875496688745,12.82,29.21,0.0,0.35,1,50.0,0.0,중립,False,최근 중요 공시 신호 없음,0.0,-1.4,회피,-1.64,11.46,Low,RiskOn,중형,-0.0478,-0.0871,-0.1273,-0.2003,2,-0.0863,-0.5124,0.0062,-0.0059,2,1,-0.9283819628647216,-3.363518758085382,-5.5625790139064435,-5.5625790139064435,0.0,0.0,0.67,0.0,연기금,미확인,"중형주 핵심 연기금, 외국인 0, 연기금 0, 투신·사모 2, 지속성 20",-2.21,-5.31,10.81,"시장대비 5일 -2.2%p·20일 -5.3%p, 거래대금 상위 29%, 추세 0",조건미충족,False,0.0,"조건미충족: 20일 -3.4%, 고점대비 -5.6%, MA20 이격 -3.1%, 거래대금 0.91배",4.5,RiskOn,회피,관찰,0.0,역배열/추세 훼손,매도/제외,제외,연기금 수급 0.0 · 주도성 10.8 · 조건미충족 · 공시 중립,제외
영원무역홀딩스,9970,KOSPI,분류안됨,분류안됨,3.03,3,55.8,2.32,상승장 (보수적 반영),162000.0,0.1236093943139726,-0.109237175461321,0.0108376938160865,0.0238272532263166,0.0027793403699992,0,2,96.6,0.3,33.8,111.3,14.0,13.4,14.9,0.9,False,False,0.0,164200.0,165150.0,167670.0,0.8469,20984.907292954267,5.33,12.83,0.0,0.35,1,50.0,0.0,중립,False,최근 중요 공시 신호 없음,0.0,-1.4,회피,2.06,11.57,Low,RiskOn,중형,0.002,-0.0163,-0.0053,0.0041,2,-0.0261,-0.0674,0.0185,-0.0071,1,3,-0.8567931456548328,-3.8004750593824244,-5.594405594405593,-5.594405594405593,0.0,0.0,3.1,0.0,연기금,미확인,"중형주 핵심 연기금, 외국인 0, 연기금 0, 투신·사모 20, 지속성 60",-2.14,-5.74,6.21,"시장대비 5일 -2.1%p·20일 -5.7%p, 거래대금 상위 6%, 추세 0",조건미충족,False,0.0,"조건미충족: 20일 -3.8%, 고점대비 -5.6%, MA20 이격 -3.4%, 거래대금 0.90배",2.75,RiskOn,회피,관찰,0.0,역배열/추세 훼손,매도/제외,제외,연기금 수급 0.0 · 주도성 6.2 · 조건미충족 · 공시 중립,제외
크래프톤,259960,KOSPI,분류안됨,분류안됨,2.92,2,55.2,2.08,상승장 (보수적 반영),198300.0,-0.701051577366052,0.029583186797465,-0.2317230673728635,-0.0584515766906352,-0.1284180675835557,5,0,96.2,0.9,33.6,83.2,131.7,160.2,150.3,1.07,False,False,0.0,198720.0,200160.0,206155.0,0.0,91051.17776664995,11.78,10.6,0.0,0.35,1,50.0,0.0,중립,False,최근 중요 공시 신호 없음,0.0,-1.4,회피,-0.57,11.74,Low,RiskOn,중형,-0.1333,-0.144,-0.2316,-0.6601,1,0.1046,0.0625,-0.0077,-0.0203,5,1,0.15151515151514694,-10.27149321266968,-9.036697247706426,-10.27149321266968,0.0,0.0,0.01,0.0,연기금,미확인,"중형주 핵심 연기금, 외국인 34, 연기금 0, 투신·사모 0, 지속성 20",-1.13,-12.21,17.04,"시장대비 5일 -1.1%p·20일 -12.2%p, 거래대금 상위 49%, 추세 0",조건미충족,False,0.0,"조건미충족: 20일 -10.3%, 고점대비 -9.0%, MA20 이격 -3.8%, 거래대금 1.07배",6.48,RiskOn,회피,관찰,0.0,역배열/추세 훼손,매도/제외,제외,연기금 수급 0.0 · 주도성 17.0 · 조건미충족 · 공시 중립,제외
HD한국조선해양,9540,KOSPI,분류안됨,분류안됨,2.91,1,58.0,3.2,상승장 (보수적 반영),325000.0,-0.1536098310291889,0.0252022485489645,0.0251198528962941,-0.0905558416907142,-0.0193294127572244,0,1,95.2,0.9,41.9,73.4,312.0,415.1,521.1,0.8,False,False,0.0,325900.0,332650.0,341250.0,0.0,230012.1351766513,7.21,17.78,0.0,0.35,1,50.0,0.0,중립,False,최근 중요 공시 신호 없음,0.0,-1.4,회피,-0.26,10.96,Low,RiskOn,대형,-0.0063,-0.0522,-0.0852,-0.1133,2,-0.0436,-0.0289,-0.0001,0.0026,3,3,-2.2556390977443663,-1.365705614567525,-11.08071135430917,-11.08071135430917,8.0,23.55,3.37,0.0,외국인,미확인,"대형주 핵심 외국인, 외국인 0, 연기금 0, 투신·사모 8, 지속성 60",-3.53,-3.31,17.73,"시장대비 5일 -3.5%p·20일 -3.3%p, 거래대금 상위 79%, 추세 0",조건미충족,False,0.0,"조건미충족: 20일 -1.4%, 고점대비 -11.1%, MA20 이격 -4.8%, 거래대금 0.80배",7.01,RiskOn,회피,관찰,0.0,역배열/추세 훼손,매도/제외,제외,외국인 수급 0.0 · 주도성 17.7 · 조건미충족 · 공시 중립,제외
미래에셋생명,85620,KOSPI,분류안됨,분류안됨,2.9,6,47.6,-0.96,상승장 (보수적 반영),19330.0,-0.8209338122113885,-0.0449527111214763,0.0237913099206394,-0.0039891599624386,-0.0284930436227136,2,0,98.7,0.2,38.0,69.9,9.2,12.2,24.4,0.5,False,False,0.0,19290.0,19424.0,19594.5,0.0,26129.716777834787,27.98,5.22,0.0,0.35,1,50.0,0.0,중립,False,최근 중요 공시 신호 없음,0.0,-1.4,회피,1.72,10.9,Low,RiskOn,중형,0.0086,0.034,0.0303,0.1532,3,0.0212,-0.0,0.0005,-0.0053,3,1,0.051759834368536595,-5.476772616136916,-7.952380952380955,-7.952380952380955,0.0,0.0,0.34,0.0,연기금,유지,"중형주 핵심 연기금, 외국인 10, 연기금 27, 투신·사모 0, 지속성 20",-1.23,-7.42,9.17,"시장대비 5일 -1.2%p·20일 -7.4%p, 거래대금 상위 11%, 추세 0",조건미충족,False,0.0,"조건미충족: 20일 -5.5%, 고점대비 -8.0%, MA20 이격 -1.3%, 거래대금 0.50배",2.97,RiskOn,회피,관찰,0.0,연기금 10일 순매수 · 역배열/추세 훼손,매도/제외,제외,연기금 수급 0.0 · 주도성 9.2 · 조건미충족 · 공시 중립,제외
HD현대마린엔진,71970,KOSPI,분류안됨,분류안됨,2.79,0,57.4,2.96,상승장 (보수적 반영),48950.0,1.556016597510368,0.0377174587062252,-0.2948831834018986,-0.0975527209628498,-0.0244843316621529,1,0,97.4,2.2,49.4,51.4,44.3,74.5,83.8,0.89,False,False,0.0,48410.0,49615.0,50252.5,0.0,16604.408713692945,8.97,41.36,0.0,0.35,1,50.0,0.0,중립,False,최근 중요 공시 신호 없음,0.0,0.0,대기,0.41,11.41,Low,RiskOn,중형,-0.1854,-0.1879,-0.3671,-0.5747,1,0.0195,0.0779,-0.0997,-0.0146,3,1,-0.10204081632653184,0.0,-7.2916666666666625,-7.2916666666666625,0.0,0.0,0.02,0.0,연기금,미확인,"중형주 핵심 연기금, 외국인 19, 연기금 0, 투신·사모 0, 지속성 20",-1.38,-1.94,15.22,"시장대비 5일 -1.4%p·20일 -1.9%p, 거래대금 상위 35%, 추세 0",조건미충족,False,0.0,"조건미충족: 20일 +0.0%, 고점대비 -7.3%, MA20 이격 -2.6%, 거래대금 0.89배",6.07,RiskOn,회피,관찰,0.0,역배열/추세 훼손,매도/제외,제외,연기금 수급 0.0 · 주도성 15.2 · 조건미충족 · 공시 중립,제외
하나금융지주,86790,KOSPI,분류안됨,분류안됨,2.71,1,55.0,2.0,상승장 (보수적 반영),129100.0,0.623538581449723,-0.1256394236297343,-0.0964267680393627,-0.1140428819026629,-0.0085842207966086,0,1,95.4,1.2,38.0,55.8,505.8,854.6,932.4,0.92,False,False,0.0,131600.0,133340.0,135255.0,0.0,349821.7568199532,9.18,9.17,0.0,0.35,1,50.0,0.0,중립,False,최근 중요 공시 신호 없음,0.0,-1.4,회피,-2.58,10.74,Low,RiskOn,대형,-0.0603,-0.052,-0.1611,-0.4278,0,0.0374,-0.1469,-0.0661,-0.0063,4,1,-3.005259203606314,-4.29948109710897,-8.309659090909093,-8.309659090909093,4.0,25.67,2.38,0.0,외국인,미확인,"대형주 핵심 외국인, 외국인 0, 연기금 0, 투신·사모 0, 지속성 80",-4.28,-6.24,7.92,"시장대비 5일 -4.3%p·20일 -6.2%p, 거래대금 상위 90%, 추세 0",조건미충족,False,0.0,"조건미충족: 20일 -4.3%, 고점대비 -8.3%, MA20 이격 -4.6%, 거래대금 0.92배",3.27,RiskOn,회피,관찰,0.0,역배열/추세 훼손,매도/제외,제외,외국인 수급 0.0 · 주도성 7.9 · 조건미충족 · 공시 중립,제외
현대해상,1450,KOSPI,분류안됨,분류안됨,2.69,1,57.6,3.04,상승장 (보수적 반영),47350.0,0.2116402116402183,0.7572716005963998,-0.2387762059542295,0.0708070171876399,-0.096061845082503,2,0,95.7,2.4,32.8,71.3,139.2,197.7,215.8,0.92,False,False,0.0,48280.0,48395.0,49472.5,0.0,40364.246560846565,3.81,20.6,0.0,0.35,1,50.0,0.0,중립,False,최근 중요 공시 신호 없음,0.0,-1.4,회피,-0.1,11.37,Low,RiskOn,중형,-0.0559,-0.2836,-0.3713,0.1207,2,0.2113,0.5482,0.0479,-0.0331,4,1,-0.4206098843322792,-9.637404580152676,-11.495327102803742,-11.495327102803742,21.44,0.0,5.22,1.39,연기금,미확인,"중형주 핵심 연기금, 외국인 73, 연기금 0, 투신·사모 26, 지속성 20",-1.7,-11.58,14.48,"시장대비 5일 -1.7%p·20일 -11.6%p, 거래대금 상위 59%, 추세 0",조건미충족,False,0.0,"조건미충족: 20일 -9.6%, 고점대비 -11.5%, MA20 이격 -4.3%, 거래대금 0.92배",6.45,RiskOn,회피,관찰,0.0,역배열/추세 훼손,매도/제외,제외,연기금 수급 1.4 · 주도성 14.5 · 조건미충족 · 공시 중립,제외
한전KPS,51600,KOSPI,분류안됨,분류안됨,2.57,2,52.2,0.88,상승장 (보수적 반영),45000.0,1.925254813137034,-0.6026320823280371,0.3283631132083913,-0.0921486622903419,-0.050209688305006,1,1,96.5,1.3,49.2,67.6,36.6,54.6,66.3,0.82,False,False,0.0,44880.0,45730.0,46610.0,0.2743,20249.490373725934,16.95,9.29,0.0,0.35,1,50.0,0.0,중립,False,최근 중요 공시 신호 없음,0.0,0.0,대기,0.72,10.59,Low,RiskOn,중형,-0.0612,-0.0319,-0.0981,-0.5977,2,-0.1519,-0.4434,-0.0147,-0.0439,1,2,-1.6393442622950838,1.4656144306651742,-8.722109533468558,-8.722109533468558,0.0,0.0,2.81,0.0,연기금,미확인,"중형주 핵심 연기금, 외국인 0, 연기금 0, 투신·사모 0, 지속성 40",-2.92,-0.48,15.28,"시장대비 5일 -2.9%p·20일 -0.5%p, 거래대금 상위 30%, 추세 0",조건미충족,False,0.0,"조건미충족: 20일 +1.5%, 고점대비 -8.7%, MA20 이격 -3.5%, 거래대금 0.82배",5.57,RiskOn,회피,관찰,0.0,역배열/추세 훼손,매도/제외,제외,연기금 수급 0.0 · 주도성 15.3 · 조건미충족 · 공시 중립,제외
HD현대일렉트릭,267260,KOSPI,분류안됨,분류안됨,2.53,2,55.4,2.16,상승장 (보수적 반영),675000.0,0.2971768202080227,-0.3031587205545425,0.0214710841131283,-0.1131146259419103,-0.0351280424615186,2,1,94.7,2.4,43.9,61.7,696.8,1166.8,820.7,1.42,False,False,0.0,676800.0,695700.0,712900.0,0.0,243317.94205052007,31.61,41.5,0.0,0.35,1,50.0,0.0,중립,False,최근 중요 공시 신호 없음,0.0,-1.4,회피,0.54,9.61,Low,RiskOn,대형,-0.0138,0.009,-0.1359,-0.6973,0,-0.1631,-0.3206,-0.1067,-0.0332,2,2,-4.6610169491525415,-5.063291139240511,-11.533420707732633,-11.533420707732633,8.0,20.28,3.38,0.0,외국인,미확인,"대형주 핵심 외국인, 외국인 0, 연기금 0, 투신·사모 0, 지속성 40",-5.94,-7.01,4.37,"시장대비 5일 -5.9%p·20일 -7.0%p, 거래대금 상위 87%, 추세 0",조건미충족,False,0.0,"조건미충족: 20일 -5.1%, 고점대비 -11.5%, MA20 이격 -5.3%, 거래대금 1.42배",2.07,RiskOn,회피,관찰,0.0,연기금 10일 순매수 · 역배열/추세 훼손,매도/제외,제외,외국인 수급 0.0 · 주도성 4.4 · 조건미충족 · 공시 중립,제외
LG생활건강,51900,KOSPI,분류안됨,분류안됨,2.49,6,42.6,-2.96,상승장 (보수적 반영),271000.0,-0.1841620626151008,-0.1284628945407094,0.6685994136083203,0.0302212569559165,0.2897563942382131,2,0,93.3,2.6,33.7,79.7,151.7,207.1,187.2,1.11,False,False,0.0,276600.0,286300.0,290575.0,0.0884,40583.12338858195,-67.94,-1.82,0.0,0.35,1,50.0,0.0,중립,False,최근 중요 공시 신호 없음,0.0,-1.4,회피,-1.97,10.19,Low,RiskOn,중형,-0.1257,0.1905,0.2753,-0.236,2,-0.2361,-0.3532,0.0272,0.1077,2,3,-7.3504273504273465,-8.754208754208758,-10.264900662251652,-10.264900662251652,4.0,0.0,5.41,0.0,연기금,미확인,"중형주 핵심 연기금, 외국인 0, 연기금 0, 투신·사모 68, 지속성 60",-8.63,-10.7,0.0,"시장대비 5일 -8.6%p·20일 -10.7%p, 거래대금 상위 56%, 추세 0",조건미충족,False,0.0,"조건미충족: 20일 -8.8%, 고점대비 -10.3%, MA20 이격 -6.7%, 거래대금 1.11배",0.0,RiskOn,회피,관찰,0.0,연기금 10일 순매수 · 역배열/추세 훼손,매도/제외,제외,연기금 수급 0.0 · 주도성 0.0 · 조건미충족 · 공시 중립,제외
셀트리온제약,68760,KOSDAQ,분류안됨,분류안됨,2.48,0,51.2,0.48,상승장 (보수적 반영),38450.0,-3.0264817150063017,-0.0828172849767455,-0.0067275501366683,-0.5436523372157912,-0.0098613371083179,0,0,97.4,1.2,36.9,101.4,37.1,41.8,32.0,1.31,False,False,0.0,38830.0,38980.0,39457.5,0.0,17072.18789407314,41.54,9.31,0.0,0.35,1,50.0,0.0,중립,False,최근 중요 공시 신호 없음,0.0,-1.4,회피,-5.79,9.82,Low,RiskOn,중형,0.0003,0.0003,-0.5261,-2.2907,1,0.1916,0.0607,-0.5178,-0.0077,3,1,-1.5364916773367487,-6.561360874848122,-5.875152998776012,-6.561360874848122,0.0,0.0,0.0,0.0,연기금,유지,"중형주 핵심 연기금, 외국인 50, 연기금 2, 투신·사모 0, 지속성 20",-2.82,-8.5,8.26,"시장대비 5일 -2.8%p·20일 -8.5%p, 거래대금 상위 16%, 추세 0",조건미충족,False,0.0,"조건미충족: 20일 -6.6%, 고점대비 -5.9%, MA20 이격 -2.6%, 거래대금 1.31배",3.01,RiskOn,회피,관찰,0.0,연기금 10일 순매수 · 역배열/추세 훼손,매도/제외,제외,연기금 수급 0.0 · 주도성 8.3 · 조건미충족 · 공시 중립,제외
비에이치아이,83650,KOSDAQ,분류안됨,분류안됨,2.44,0,54.2,1.68,상승장 (보수적 반영),59300.0,-1.6583747927031545,-3.481386883696903,-0.2087446509273066,-0.1089105068990483,-0.1022918918186134,0,0,94.1,3.8,49.7,56.2,103.4,137.8,281.7,0.49,False,False,0.0,59640.0,61280.0,63030.0,0.0,18349.56384742952,39.77,44.36,0.0,0.35,1,50.0,0.0,중립,False,최근 중요 공시 신호 없음,0.0,-1.4,회피,-5.05,7.78,Low,RiskOn,중형,-0.0307,-0.4091,-1.5402,-0.2996,2,-0.0265,-0.5938,-0.2521,-0.1639,3,0,-1.001669449081799,-0.5033557046979831,-13.304093567251464,-13.304093567251464,0.0,0.0,0.0,0.0,연기금,미확인,"중형주 핵심 연기금, 외국인 0, 연기금 0, 투신·사모 0, 지속성 0",-2.28,-2.45,15.79,"시장대비 5일 -2.3%p·20일 -2.5%p, 거래대금 상위 64%, 추세 0",조건미충족,False,0.0,"조건미충족: 20일 -0.5%, 고점대비 -13.3%, MA20 이격 -5.9%, 거래대금 0.49배",5.95,RiskOn,회피,관찰,0.0,역배열/추세 훼손,매도/제외,제외,연기금 수급 0.0 · 주도성 15.8 · 조건미충족 · 공시 중립,제외
리가켐바이오,141080,KOSDAQ,분류안됨,분류안됨,2.4,0,42.2,-3.12,상승장 (보수적 반영),82700.0,-4.060324825986084,1.111383969060504,-0.9262678671156824,-0.4585482834165164,-0.1497733692818791,0,0,97.7,2.8,42.9,108.6,171.8,171.0,163.9,1.04,False,False,0.0,81600.0,81630.0,84615.0,0.0,30614.35034802784,-17.99,-13.22,0.0,0.35,1,50.0,0.0,중립,False,최근 중요 공시 신호 없음,0.0,0.0,대기,-5.6,10.48,Low,RiskOn,중형,-0.0255,-0.2057,-0.2216,-0.2365,3,-0.3109,-0.1891,0.0839,-0.0296,1,3,2.3514851485148425,-8.920704845814974,-10.400866738894909,-10.400866738894909,8.0,0.0,2.32,0.0,연기금,미확인,"중형주 핵심 연기금, 외국인 0, 연기금 0, 투신·사모 47, 지속성 60",1.07,-10.86,19.98,"시장대비 5일 +1.1%p·20일 -10.9%p, 거래대금 상위 52%, 추세 0",조건미충족,False,0.0,"조건미충족: 20일 -8.9%, 고점대비 -10.4%, MA20 이격 -2.3%, 거래대금 1.04배",6.21,RiskOn,회피,관찰,0.0,역배열/추세 훼손,매도/제외,제외,연기금 수급 0.0 · 주도성 20.0 · 조건미충족 · 공시 중립,제외
코리안리,3690,KOSPI,분류안됨,분류안됨,2.29,0,54.2,1.68,상승장 (보수적 반영),14370.0,0.3491620111731874,-0.2708053165130755,0.009935122623514,-0.0950941953621974,0.0899052929638785,0,0,97.1,0.6,37.1,58.1,18.4,30.6,35.2,0.87,False,False,0.0,14656.0,14765.0,14805.0,0.0,25394.358938547488,5.92,9.03,0.0,0.35,1,50.0,0.0,중립,False,최근 중요 공시 신호 없음,0.0,-1.4,회피,-4.68,10.14,Low,RiskOn,중형,-0.033,-0.0645,-0.1626,-0.8432,1,-0.0644,-0.1297,-0.0666,0.0149,2,2,-2.0449897750511203,-3.232323232323231,-7.110536522301225,-7.110536522301225,0.0,0.0,0.19,0.0,연기금,미확인,"중형주 핵심 연기금, 외국인 0, 연기금 0, 투신·사모 0, 지속성 40",-3.32,-5.17,9.0,"시장대비 5일 -3.3%p·20일 -5.2%p, 거래대금 상위 20%, 추세 0",조건미충족,False,0.0,"조건미충족: 20일 -3.2%, 고점대비 -7.1%, MA20 이격 -2.9%, 거래대금 0.87배",3.57,RiskOn,회피,관찰,0.0,역배열/추세 훼손,매도/제외,제외,연기금 수급 0.0 · 주도성 9.0 · 조건미충족 · 공시 중립,제외
현대모비스,12330,KOSPI,분류안됨,분류안됨,2.13,1,51.0,0.4,상승장 (보수적 반영),383000.0,0.2617801047120505,0.2853183907575055,-0.3925102986346931,-0.3033737327610028,-0.0272693087215598,0,1,97.4,1.6,34.7,52.2,602.0,1104.4,1060.3,1.04,False,False,0.0,374400.0,374500.0,393175.0,0.0,344012.20418848173,10.42,7.68,0.0,0.35,1,50.0,0.0,중립,False,최근 중요 공시 신호 없음,0.0,-1.4,회피,-4.96,9.9,Low,RiskOn,대형,-0.0487,-0.1357,-0.1201,-0.1031,3,-0.1129,-0.2189,0.0194,0.054,1,1,4.217687074829923,-7.821901323706381,-11.342592592592593,-11.342592592592593,16.0,27.78,5.16,0.0,외국인,미확인,"대형주 핵심 외국인, 외국인 0, 연기금 0, 투신·사모 51, 지속성 20",2.94,-9.76,32.71,"시장대비 5일 +2.9%p·20일 -9.8%p, 거래대금 상위 92%, 추세 0",조건미충족,False,0.0,"조건미충족: 20일 -7.8%, 고점대비 -11.3%, MA20 이격 -2.6%, 거래대금 1.04배",11.55,RiskOn,회피,관찰,0.0,역배열/추세 훼손,매도/제외,제외,외국인 수급 0.0 · 주도성 32.7 · 조건미충족 · 공시 중립,제외
삼성화재,810,KOSPI,분류안됨,분류안됨,2.08,2,55.0,2.0,상승장 (보수적 반영),626000.0,0.0,-0.3452212506216613,0.1919184881195593,0.0125764831319567,-0.0018146572543856,0,1,95.5,0.7,31.5,67.4,257.7,368.0,629.8,0.58,False,False,0.0,639800.0,646700.0,655300.0,0.2766,279493.0,14.7,10.97,0.0,0.35,1,50.0,0.0,중립,False,최근 중요 공시 신호 없음,0.0,-1.4,회피,1.22,11.13,Low,RiskOn,대형,0.0063,-0.0115,-0.0346,-0.1491,0,-0.0597,-0.1253,-0.0078,-0.0023,2,2,-3.3950617283950657,-4.718417047184175,-10.826210826210826,-10.826210826210826,0.0,23.56,2.33,0.0,외국인,미확인,"대형주 핵심 외국인, 외국인 0, 연기금 4, 투신·사모 0, 지속성 40",-4.67,-6.66,3.55,"시장대비 5일 -4.7%p·20일 -6.7%p, 거래대금 상위 83%, 추세 0",조건미충족,False,0.0,"조건미충족: 20일 -4.7%, 고점대비 -10.8%, MA20 이격 -4.5%, 거래대금 0.58배",1.74,RiskOn,회피,관찰,0.0,역배열/추세 훼손,매도/제외,제외,외국인 수급 0.0 · 주도성 3.5 · 조건미충족 · 공시 중립,제외
제이에스링크,127120,KOSDAQ,분류안됨,분류안됨,2.04,6,42.2,-3.12,상승장 (보수적 반영),29350.0,-3.29489291598023,0.3242967430481905,0.5423017438037975,0.3931095176819545,0.1658854145587692,0,0,92.9,3.0,47.3,81.6,47.0,66.2,70.2,0.94,False,False,0.0,30410.0,31580.0,31600.0,0.5001,10945.084019769358,-197.88,-35.13,0.0,0.35,1,50.0,0.0,중립,False,최근 중요 공시 신호 없음,0.0,-1.4,회피,-1.32,10.35,Low,RiskOn,중형,0.1897,0.1883,0.5353,0.5696,3,0.2879,0.4564,-0.0154,0.0471,1,2,-7.704402515723274,-4.3973941368078195,-14.556040756914124,-14.556040756914124,26.41,0.0,12.05,34.27,연기금,유지,"중형주 핵심 연기금, 외국인 74, 연기금 79, 투신·사모 39, 지속성 40",-8.98,-6.34,0.0,"시장대비 5일 -9.0%p·20일 -6.3%p, 거래대금 상위 32%, 추세 0",조건미충족,False,0.0,"조건미충족: 20일 -4.4%, 고점대비 -14.6%, MA20 이격 -7.1%, 거래대금 0.94배",14.64,RiskOn,회피,관찰,0.0,연기금 10일 순매수 · 기관 동행 · 역배열/추세 훼손,매도/제외,제외,연기금 수급 34.3 · 주도성 0.0 · 조건미충족 · 공시 중립,제외
SK케미칼,285130,KOSPI,분류안됨,분류안됨,2.03,6,44.0,-2.4,상승장 (보수적 반영),51300.0,0.7858546168958647,-0.4571900920640297,0.753741773491714,-0.061442646998593,0.0082841659609937,9,0,97.2,0.8,37.9,95.7,14.4,14.5,29.1,0.5,False,False,40.0,51420.0,51090.0,52755.0,0.0,8874.194499017682,0.0,0.0,0.0,0.35,1,50.0,0.0,중립,False,최근 중요 공시 신호 없음,0.0,-1.4,회피,0.39,10.71,Low,RiskOn,소형,-0.1063,-0.2081,-0.3275,-0.0129,2,0.1718,0.3503,0.0163,-0.0002,5,1,2.6000000000000023,-1.7241379310344862,-7.065217391304346,-7.065217391304346,0.0,0.0,3.03,0.0,연기금,미확인,"소형주 핵심 연기금, 외국인 66, 연기금 0, 투신·사모 27, 지속성 20",1.32,-3.67,24.15,"시장대비 5일 +1.3%p·20일 -3.7%p, 거래대금 상위 14%, 추세 40",조건미충족,False,0.0,"조건미충족: 20일 -1.7%, 고점대비 -7.1%, MA20 이격 -2.8%, 거래대금 0.50배",7.85,RiskOn,회피,관찰,0.0,역배열/추세 훼손,매도/제외,제외,연기금 수급 0.0 · 주도성 24.1 · 조건미충족 · 공시 중립,제외
실리콘투,257720,KOSDAQ,분류안됨,K뷰티;유통,1.98,0,57.4,2.96,상승장 (보수적 반영),37150.0,-3.00261096605744,0.2915442584086285,-0.5963571060818753,-1.081555546494202,-0.6190637561001359,1,0,87.8,4.6,10.3,132.2,277.0,223.7,335.0,0.67,False,False,0.0,38090.0,39355.0,42317.5,0.0,24360.894255874675,12.93,46.89,0.0,0.35,1,50.0,0.0,중립,False,최근 중요 공시 신호 없음,0.0,-1.4,회피,-0.99,10.67,Low,RiskOn,중형,0.0132,-0.1083,-1.0558,-0.1616,1,-0.5796,0.0606,0.126,-0.0715,1,3,-4.129032258064513,-27.013752455795682,-23.402061855670098,-27.013752455795682,4.0,9.86,1.1,0.0,연기금,미확인,"중형주 핵심 연기금, 외국인 0, 연기금 0, 투신·사모 48, 지속성 60",-5.41,-28.96,0.0,"시장대비 5일 -5.4%p·20일 -29.0%p, 거래대금 상위 70%, 추세 0",조건미충족,False,0.0,"조건미충족: 20일 -27.0%, 고점대비 -23.4%, MA20 이격 -12.2%, 거래대금 0.67배",0.74,RiskOn,회피,관찰,0.0,역배열/추세 훼손,매도/제외,제외,연기금 수급 0.0 · 주도성 0.0 · 조건미충족 · 공시 중립,제외
코오롱티슈진,950160,KOSDAQ,분류안됨,분류안됨,1.8,5,42.2,-3.12,상승장 (보수적 반영),16130.0,-2.004860267314701,0.1935725070744289,0.0,0.0024827186986827,0.0137590595564123,0,0,98.8,4.2,46.3,52.3,65.9,115.8,104.9,1.1,False,False,40.0,15882.0,15802.0,16330.5,0.0998,13705.600243013369,-7.96,-183.43,0.0,0.35,1,50.0,0.0,중립,False,최근 중요 공시 신호 없음,0.0,0.0,대기,0.19,9.16,Low,RiskOn,중형,0.0,0.0,-0.0208,-0.0436,2,-0.0706,0.1335,0.0003,0.0017,2,0,2.088607594936698,-9.888268156424584,-7.670291929021178,-9.888268156424584,4.0,4.35,1.0,0.0,연기금,미확인,"중형주 핵심 연기금, 외국인 0, 연기금 0, 투신·사모 7, 지속성 0",0.81,-11.83,28.19,"시장대비 5일 +0.8%p·20일 -11.8%p, 거래대금 상위 41%, 추세 40",조건미충족,False,0.0,"조건미충족: 20일 -9.9%, 고점대비 -7.7%, MA20 이격 -1.2%, 거래대금 1.10배",9.09,RiskOn,회피,관찰,0.0,역배열/추세 훼손,매도/제외,제외,연기금 수급 0.0 · 주도성 28.2 · 조건미충족 · 공시 중립,제외
HD건설기계,267270,KOSPI,분류안됨,분류안됨,1.67,0,50.4,0.16,상승장 (보수적 반영),117900.0,-1.421404682274252,-0.6757524751429184,-0.5238943991957271,-0.1655484091100413,0.1047090823261481,1,0,87.7,2.9,32.9,120.3,402.2,326.3,340.3,0.96,False,False,0.0,122960.0,130060.0,134455.0,0.0,55998.556856187286,10.91,5.74,0.0,0.35,1,50.0,0.0,중립,False,최근 중요 공시 신호 없음,0.0,-1.4,회피,-3.89,9.7,Low,RiskOn,중형,-0.3069,-0.4405,-0.9568,-1.4521,0,0.0248,-0.5067,-0.3358,-0.2522,2,0,-9.097918272937545,-5.453087409783485,-17.552447552447546,-17.552447552447546,4.0,13.57,1.06,0.0,연기금,미확인,"중형주 핵심 연기금, 외국인 0, 연기금 0, 투신·사모 0, 지속성 0",-10.38,-7.39,0.0,"시장대비 5일 -10.4%p·20일 -7.4%p, 거래대금 상위 71%, 추세 0",조건미충족,False,0.0,"조건미충족: 20일 -5.5%, 고점대비 -17.6%, MA20 이격 -12.3%, 거래대금 0.96배",0.04,RiskOn,회피,관찰,0.0,역배열/추세 훼손,매도/제외,제외,연기금 수급 0.0 · 주도성 0.0 · 조건미충족 · 공시 중립,제외
삼양식품,3230,KOSPI,분류안됨,분류안됨,1.65,1,55.0,2.0,상승장 (보수적 반영),1212000.0,-0.9803921568627416,0.375128064502689,-0.0606085391368515,-0.7168207107270962,-0.7478024608369473,0,1,94.9,1.7,25.4,73.5,284.7,307.3,616.5,0.5,False,False,0.0,1217800.0,1242000.0,1276850.0,0.0,91300.03921568628,19.53,37.59,0.0,0.35,1,50.0,0.0,중립,False,최근 중요 공시 신호 없음,0.0,-1.4,회피,-0.12,10.53,Low,RiskOn,중형,0.0427,0.0291,-0.2659,-0.0038,3,-0.0104,0.1013,-0.0094,-0.0307,3,4,-0.24691358024691024,-17.830508474576266,-14.8876404494382,-17.830508474576266,2.0,16.64,2.5,2.98,연기금,유지,"중형주 핵심 연기금, 외국인 17, 연기금 42, 투신·사모 0, 지속성 80",-1.53,-19.77,19.61,"시장대비 5일 -1.5%p·20일 -19.8%p, 거래대금 상위 82%, 추세 0",조건미충족,False,0.0,"조건미충족: 20일 -17.8%, 고점대비 -14.9%, MA20 이격 -5.1%, 거래대금 0.50배",8.7,RiskOn,회피,관찰,0.0,연기금 10일 순매수 · 역배열/추세 훼손,매도/제외,제외,연기금 수급 3.0 · 주도성 19.6 · 조건미충족 · 공시 중립,제외
삼성바이오로직스,207940,KOSPI,분류안됨,분류안됨,1.64,0,54.2,1.68,상승장 (보수적 반영),1359000.0,-4.160722257208926,0.0422358337864279,-0.1448468929347993,-0.0548578114495321,-0.0211416363239157,0,0,96.8,0.5,34.9,110.5,675.7,652.8,526.3,1.24,False,False,40.0,1384170.2,1382032.5,1403538.45,0.0,633973.5,39.31,19.44,0.0,0.35,1,50.0,0.0,중립,False,최근 중요 공시 신호 없음,0.0,-1.4,회피,-3.18,9.91,Low,RiskOn,대형,-0.008,-0.0694,-0.0975,-0.4352,3,-0.0356,-0.0338,-0.0072,-0.0031,3,1,0.25939074160963305,-9.460359760159898,-7.275369636265639,-9.460359760159898,16.0,35.78,3.54,0.0,외국인,미확인,"대형주 핵심 외국인, 외국인 0, 연기금 0, 투신·사모 0, 지속성 60",-1.02,-11.4,31.23,"시장대비 5일 -1.0%p·20일 -11.4%p, 거래대금 상위 79%, 추세 40",조건미충족,False,0.0,"조건미충족: 20일 -9.5%, 고점대비 -7.3%, MA20 이격 -3.2%, 거래대금 1.24배",11.35,RiskOn,회피,관찰,0.0,역배열/추세 훼손,매도/제외,제외,외국인 수급 0.0 · 주도성 31.2 · 조건미충족 · 공시 중립,제외
KT,30200,KOSPI,분류안됨,분류안됨,1.52,1,55.0,2.0,상승장 (보수적 반영),51900.0,0.1930501930502037,-0.036251638240182,-0.0127771055487542,-0.0701032317626383,-0.0141015382422379,0,1,97.8,0.5,37.8,59.2,79.1,132.4,133.6,0.99,False,False,0.0,52360.0,52710.0,53060.0,0.0,130799.02123552124,10.11,10.22,0.0,0.35,1,50.0,0.0,중립,False,최근 중요 공시 신호 없음,0.0,-1.4,회피,0.2,9.71,Low,RiskOn,대형,0.0031,-0.0324,-0.0482,-0.077,1,-0.0086,-0.0144,-0.0039,-0.0028,0,2,-1.5180265654648917,-3.531598513011147,-5.464480874316935,-5.464480874316935,0.0,0.0,1.52,0.0,외국인,미확인,"대형주 핵심 외국인, 외국인 0, 연기금 0, 투신·사모 0, 지속성 0",-2.8,-5.47,14.34,"시장대비 5일 -2.8%p·20일 -5.5%p, 거래대금 상위 47%, 추세 0",조건미충족,False,0.0,"조건미충족: 20일 -3.5%, 고점대비 -5.5%, MA20 이격 -2.2%, 거래대금 0.99배",5.52,RiskOn,회피,관찰,0.0,역배열/추세 훼손,매도/제외,제외,외국인 수급 0.0 · 주도성 14.3 · 조건미충족 · 공시 중립,제외
엘앤에프,66970,KOSPI,분류안됨,2차전지;양극재,1.45,5,42.2,-3.12,상승장 (보수적 반영),113700.0,0.2645502645502562,-0.3708726267795215,0.0176212489067156,-1.4986416575328505,-1.0268395490024134,0,0,99.3,4.2,44.9,100.1,397.1,391.7,617.6,0.63,False,False,40.0,112500.0,110980.0,114505.0,0.0,46260.0582010582,-14.92,-76.95,0.0,0.35,1,50.0,0.0,중립,False,최근 중요 공시 신호 없음,0.0,0.0,대기,1.0,9.7,Low,RiskOn,중형,0.0239,-0.0079,-0.2942,0.0394,2,0.0061,-0.3693,0.0937,-0.0681,2,2,4.21631530705775,-8.821170809943869,-10.472440944881889,-10.472440944881889,1.23,36.86,0.48,0.0,연기금,유지,"중형주 핵심 연기금, 외국인 0, 연기금 25, 투신·사모 34, 지속성 40",2.94,-10.76,38.84,"시장대비 5일 +2.9%p·20일 -10.8%p, 거래대금 상위 82%, 추세 40",조건미충족,False,0.0,"조건미충족: 20일 -8.8%, 고점대비 -10.5%, MA20 이격 -0.7%, 거래대금 0.63배",12.81,RiskOn,회피,관찰,0.0,역배열/추세 훼손,매도/제외,제외,연기금 수급 0.0 · 주도성 38.8 · 조건미충족 · 공시 중립,제외
종근당,185750,KOSPI,분류안됨,분류안됨,1.42,6,43.0,-2.8,상승장 (보수적 반영),65000.0,-0.3067484662576669,-0.5465549019292743,0.0268214008052176,-0.1028578529238291,-0.0033524326634583,0,1,98.5,0.7,35.7,59.6,7.7,12.3,11.4,1.08,False,False,40.0,64840.0,64750.0,66010.0,0.0,8971.395705521472,0.0,0.0,0.0,0.35,1,50.0,0.0,중립,False,최근 중요 공시 신호 없음,0.0,-1.4,회피,0.88,10.3,Low,RiskOn,소형,0.0034,-0.0049,-0.0877,-0.4981,0,-0.0102,-0.1898,-0.0621,0.0006,3,3,0.15408320493066618,-6.204906204906202,-4.970760233918126,-6.204906204906202,0.0,0.0,1.63,0.0,연기금,유지,"소형주 핵심 연기금, 외국인 0, 연기금 7, 투신·사모 0, 지속성 60",-1.12,-8.15,16.1,"시장대비 5일 -1.1%p·20일 -8.2%p, 거래대금 상위 5%, 추세 40",조건미충족,False,0.0,"조건미충족: 20일 -6.2%, 고점대비 -5.0%, MA20 이격 -1.5%, 거래대금 1.08배",4.93,RiskOn,회피,관찰,0.0,역배열/추세 훼손,매도/제외,제외,연기금 수급 0.0 · 주도성 16.1 · 조건미충족 · 공시 중립,제외
LG디스플레이,34220,KOSPI,분류안됨,분류안됨,1.42,6,43.0,-2.8,상승장 (보수적 반영),8530.0,-0.5827505827505797,-1.6362231263774911,-0.0680312778429073,-0.0166842426729191,-0.1029431512309496,0,1,98.3,2.5,37.4,71.2,176.3,216.9,255.7,0.85,False,False,0.0,8446.0,8449.0,8678.0,0.0,42650.0,-3.32,3.44,0.0,0.35,1,50.0,0.0,중립,False,최근 중요 공시 신호 없음,0.0,-1.4,회피,0.88,9.88,Low,RiskOn,중형,-0.0167,-0.0406,-0.0836,-0.1949,1,-0.104,-0.5084,-0.023,-0.0252,2,2,0.4711425206124886,-5.327413984461704,-7.383279044516833,-7.383279044516833,4.0,4.8,2.38,0.0,연기금,미확인,"중형주 핵심 연기금, 외국인 0, 연기금 0, 투신·사모 0, 지속성 40",-0.81,-7.27,20.3,"시장대비 5일 -0.8%p·20일 -7.3%p, 거래대금 상위 62%, 추세 0",조건미충족,False,0.0,"조건미충족: 20일 -5.3%, 고점대비 -7.4%, MA20 이격 -1.7%, 거래대금 0.85배",6.4,RiskOn,회피,관찰,0.0,역배열/추세 훼손,매도/제외,제외,연기금 수급 0.0 · 주도성 20.3 · 조건미충족 · 공시 중립,제외
HD현대중공업,329180,KOSPI,분류안됨,분류안됨,1.42,0,54.4,1.76,상승장 (보수적 반영),425500.0,-1.390498261877171,-0.2398718272452449,0.0242112773457611,0.0246147653283434,0.0552128426575317,1,0,94.9,0.8,46.8,130.4,875.3,693.2,1219.9,0.57,False,False,0.0,432300.0,443800.0,448600.0,0.0,446609.33603708,17.69,18.82,0.0,0.35,1,50.0,0.0,중립,False,최근 중요 공시 신호 없음,0.0,-1.4,회피,-2.48,10.3,Low,RiskOn,대형,-0.0429,-0.0703,-0.1764,-0.2754,1,0.0781,0.1102,-0.0437,-0.0276,4,1,-3.5147392290249435,0.82938388625593,-11.169102296450939,-11.169102296450939,0.0,21.11,0.23,0.0,외국인,유지,"대형주 핵심 외국인, 외국인 33, 연기금 0, 투신·사모 0, 지속성 80",-4.79,-1.11,8.83,"시장대비 5일 -4.8%p·20일 -1.1%p, 거래대금 상위 93%, 추세 0",조건미충족,False,0.0,"조건미충족: 20일 +0.8%, 고점대비 -11.2%, MA20 이격 -5.1%, 거래대금 0.57배",3.53,RiskOn,회피,관찰,0.0,역배열/추세 훼손,매도/제외,제외,외국인 수급 0.0 · 주도성 8.8 · 조건미충족 · 공시 중립,제외
한일시멘트,300720,KOSPI,분류안됨,분류안됨,1.32,2,51.0,0.4,상승장 (보수적 반영),16050.0,-0.6191950464396245,-0.0159692521239905,0.0567196806571616,0.0569397093940827,-0.010644349971423,0,1,97.8,0.3,37.3,53.9,3.9,6.9,8.6,0.8,False,False,0.0,16202.0,16235.0,16412.0,0.5833,11803.458204334363,11.94,4.14,0.0,0.35,1,50.0,0.0,중립,False,최근 중요 공시 신호 없음,0.0,-1.4,회피,-0.74,10.06,Low,RiskOn,중형,0.011,0.0102,0.0128,0.1605,2,0.0201,-0.0447,-0.0,-0.0094,1,2,-0.49597024178549276,-2.0744356314826073,-4.747774480712163,-4.747774480712163,0.0,0.0,1.96,0.0,연기금,유지,"중형주 핵심 연기금, 외국인 0, 연기금 22, 투신·사모 0, 지속성 40",-1.77,-4.02,5.85,"시장대비 5일 -1.8%p·20일 -4.0%p, 거래대금 상위 1%, 추세 0",조건미충족,False,0.0,"조건미충족: 20일 -2.1%, 고점대비 -4.7%, MA20 이격 -2.2%, 거래대금 0.80배",2.15,RiskOn,회피,관찰,0.0,연기금 10일 순매수 · 역배열/추세 훼손,매도/제외,제외,연기금 수급 0.0 · 주도성 5.8 · 조건미충족 · 공시 중립,제외
롯데칠성,5300,KOSPI,분류안됨,분류안됨,1.27,6,43.0,-2.8,상승장 (보수적 반영),94600.0,-0.6302521008403339,-0.4788105016528207,-0.0476181832064028,-0.057580529577605,-0.0291105159419235,0,1,98.3,0.6,32.6,54.4,6.2,10.8,11.5,0.94,False,False,40.0,95260.0,95030.0,96265.0,0.0,8777.329831932773,0.0,0.0,0.0,0.35,1,50.0,0.0,중립,False,최근 중요 공시 신호 없음,0.0,-1.4,회피,1.22,10.24,Low,RiskOn,소형,0.0009,0.0014,-0.0099,-0.0114,1,0.007,-0.1217,-0.0054,-0.0006,1,2,-1.2526096033402934,-2.9743589743589705,-4.154002026342452,-4.154002026342452,0.0,0.0,1.51,0.0,연기금,유지,"소형주 핵심 연기금, 외국인 0, 연기금 10, 투신·사모 0, 지속성 40",-2.53,-4.92,14.01,"시장대비 5일 -2.5%p·20일 -4.9%p, 거래대금 상위 5%, 추세 40",조건미충족,False,0.0,"조건미충족: 20일 -3.0%, 고점대비 -4.2%, MA20 이격 -1.7%, 거래대금 0.94배",4.2,RiskOn,회피,관찰,0.0,연기금 10일 순매수 · 역배열/추세 훼손,매도/제외,제외,연기금 수급 0.0 · 주도성 14.0 · 조건미충족 · 공시 중립,제외
호텔신라,8770,KOSPI,분류안됨,면세;소비,1.25,0,42.2,-3.12,상승장 (보수적 반영),39200.0,0.0,-2.2164983522911927,-0.3082142833929152,-0.3299142183945401,-0.0274232921676958,0,0,96.0,2.2,30.6,66.7,44.4,67.5,71.1,0.95,False,False,0.0,39670.0,40055.0,40825.0,0.0,15385.0,-11.99,-14.46,0.0,0.35,1,50.0,0.0,중립,False,최근 중요 공시 신호 없음,0.0,-1.4,회피,-2.92,9.55,Low,RiskOn,중형,-0.2385,-0.2651,-0.3866,-1.3646,0,-0.6323,-1.1595,-0.059,-0.017,0,0,-2.3661270236612686,-6.998813760379596,-8.08909730363423,-8.08909730363423,0.0,0.0,0.0,0.0,연기금,미확인,"중형주 핵심 연기금, 외국인 0, 연기금 0, 투신·사모 0, 지속성 0",-3.64,-8.94,11.41,"시장대비 5일 -3.6%p·20일 -8.9%p, 거래대금 상위 32%, 추세 0",조건미충족,False,0.0,"조건미충족: 20일 -7.0%, 고점대비 -8.1%, MA20 이격 -4.0%, 거래대금 0.95배",3.21,RiskOn,회피,관찰,0.0,역배열/추세 훼손,매도/제외,제외,연기금 수급 0.0 · 주도성 11.4 · 조건미충족 · 공시 중립,제외
BGF리테일,282330,KOSPI,분류안됨,분류안됨,1.24,0,57.2,2.88,상승장 (보수적 반영),126700.0,-0.9382329945269774,0.2017426898174691,-0.3496088436135829,-0.1109202799155764,-0.0032485372944064,0,0,90.4,1.2,20.3,90.2,41.8,50.8,61.6,0.82,False,False,0.0,130100.0,133800.0,140130.0,0.0,21898.594214229863,11.89,15.64,0.0,0.35,1,50.0,0.0,중립,False,최근 중요 공시 신호 없음,0.0,-1.4,회피,0.57,9.63,Low,RiskOn,중형,-0.0273,-0.0819,-0.2142,-0.257,0,0.0311,0.0575,-0.0813,0.0208,2,1,-4.665161775771254,-15.47698465643762,-15.86985391766268,-15.86985391766268,0.0,0.0,0.1,0.0,연기금,미확인,"중형주 핵심 연기금, 외국인 20, 연기금 0, 투신·사모 0, 지속성 20",-5.94,-17.42,0.0,"시장대비 5일 -5.9%p·20일 -17.4%p, 거래대금 상위 29%, 추세 0",조건미충족,False,0.0,"조건미충족: 20일 -15.5%, 고점대비 -15.9%, MA20 이격 -9.6%, 거래대금 0.82배",0.72,RiskOn,회피,관찰,0.0,역배열/추세 훼손,매도/제외,제외,연기금 수급 0.0 · 주도성 0.0 · 조건미충족 · 공시 중립,제외
한화오션,42660,KOSPI,분류안됨,분류안됨,1.23,0,57.2,2.88,상승장 (보수적 반영),78600.0,0.1273885350318471,-0.3427282778721289,-0.144198072097048,-0.036130882691334,-0.1178805578230929,0,0,94.7,1.0,30.5,73.1,404.8,496.8,553.1,0.9,False,False,0.0,78900.0,80400.0,82975.0,0.0,240840.4127388535,12.63,22.59,0.0,0.35,1,50.0,0.0,중립,False,최근 중요 공시 신호 없음,0.0,-1.4,회피,0.57,7.38,Low,RiskOn,대형,-0.0987,-0.1295,-0.208,-0.9105,0,-0.1159,-0.3329,-0.0138,-0.0386,1,0,-1.2562814070351758,-4.146341463414638,-10.78320090805902,-10.78320090805902,0.0,17.78,0.0,0.0,외국인,미확인,"대형주 핵심 외국인, 외국인 0, 연기금 0, 투신·사모 0, 지속성 20",-2.54,-6.09,18.05,"시장대비 5일 -2.5%p·20일 -6.1%p, 거래대금 상위 80%, 추세 0",조건미충족,False,0.0,"조건미충족: 20일 -4.1%, 고점대비 -10.8%, MA20 이격 -5.3%, 거래대금 0.90배",7.04,RiskOn,회피,관찰,0.0,역배열/추세 훼손,매도/제외,제외,외국인 수급 0.0 · 주도성 18.1 · 조건미충족 · 공시 중립,제외
한국전력,15760,KOSPI,분류안됨,분류안됨,1.21,0,57.2,2.88,상승장 (보수적 반영),30050.0,-0.3316749585406287,-0.4768880975641367,-0.1031591868556057,-0.0240762136312141,0.024220172444898,0,0,95.4,0.7,36.4,57.0,188.2,278.7,464.0,0.6,False,False,0.0,30190.0,30465.0,31492.5,0.0,192910.03648424544,2.68,19.4,0.0,0.35,1,50.0,0.0,중립,False,최근 중요 공시 신호 없음,0.0,-1.4,회피,0.63,10.37,Low,RiskOn,대형,-0.048,-0.1678,-0.1282,-0.1905,1,-0.0491,-0.3097,-0.0092,0.0359,1,0,-0.6611570247933907,-3.839999999999999,-11.87683284457478,-11.87683284457478,0.0,21.82,0.04,0.0,외국인,미확인,"대형주 핵심 외국인, 외국인 0, 연기금 0, 투신·사모 35, 지속성 20",-1.94,-5.78,17.49,"시장대비 5일 -1.9%p·20일 -5.8%p, 거래대금 상위 77%, 추세 0",조건미충족,False,0.0,"조건미충족: 20일 -3.8%, 고점대비 -11.9%, MA20 이격 -4.6%, 거래대금 0.60배",6.84,RiskOn,회피,관찰,0.0,역배열/추세 훼손,매도/제외,제외,외국인 수급 0.0 · 주도성 17.5 · 조건미충족 · 공시 중립,제외
고려아연,10130,KOSPI,분류안됨,분류안됨,1.13,2,52.0,0.8,상승장 (보수적 반영),1077000.0,0.7483629560336658,-0.0007826181590285,-0.3018158029120702,-0.0245471481370866,-0.0292800765379627,4,0,94.0,0.4,18.0,60.3,97.2,162.1,185.1,0.88,False,False,0.0,1076400.0,1097800.0,1146300.0,0.0,224801.83723105703,25.16,8.66,0.0,0.35,1,50.0,0.0,중립,False,최근 중요 공시 신호 없음,0.0,-1.4,회피,0.62,10.37,Low,RiskOn,대형,-0.1192,-0.1536,-0.1717,-1.2771,0,0.0336,-0.0187,0.004,-0.0067,4,0,-3.4946236559139754,-11.430921052631582,-12.224938875305625,-12.224938875305625,0.0,0.0,0.0,17.59,외국인,유지,"대형주 핵심 외국인, 외국인 12, 연기금 0, 투신·사모 0, 지속성 80",-4.77,-13.37,0.0,"시장대비 5일 -4.8%p·20일 -13.4%p, 거래대금 상위 55%, 추세 0",조건미충족,False,0.0,"조건미충족: 20일 -11.4%, 고점대비 -12.2%, MA20 이격 -6.0%, 거래대금 0.88배",8.12,RiskOn,회피,관찰,0.0,역배열/추세 훼손,매도/제외,제외,외국인 수급 17.6 · 주도성 0.0 · 조건미충족 · 공시 중립,제외
신한지주,55550,KOSPI,분류안됨,분류안됨,1.09,0,54.2,1.68,상승장 (보수적 반영),104900.0,1.059730250481694,-0.5502860260724497,-0.0672049333265626,-0.0055344802094597,0.0022167933045161,0,0,94.5,1.1,37.2,65.9,747.7,1118.9,1132.5,0.99,False,False,0.0,107320.0,109560.0,111010.0,0.0,492452.94894026977,9.87,8.72,0.0,0.35,1,50.0,0.0,중립,False,최근 중요 공시 신호 없음,0.0,-1.4,회피,-1.88,10.36,Low,RiskOn,대형,-0.0088,-0.0409,-0.1034,-0.5993,0,-0.1927,-0.3248,-0.0285,-0.0041,0,1,-4.025617566331197,-5.067873303167425,-8.464223385689351,-8.464223385689351,4.0,21.5,0.88,0.0,외국인,미확인,"대형주 핵심 외국인, 외국인 0, 연기금 0, 투신·사모 0, 지속성 0",-5.3,-7.01,8.47,"시장대비 5일 -5.3%p·20일 -7.0%p, 거래대금 상위 92%, 추세 0",조건미충족,False,0.0,"조건미충족: 20일 -5.1%, 고점대비 -8.5%, MA20 이격 -5.5%, 거래대금 0.99배",3.38,RiskOn,회피,관찰,0.0,역배열/추세 훼손,매도/제외,제외,외국인 수급 0.0 · 주도성 8.5 · 조건미충족 · 공시 중립,제외
한화생명,88350,KOSPI,분류안됨,분류안됨,0.9,1,50.4,0.16,상승장 (보수적 반영),5310.0,0.3780718336483968,-0.2219239069467936,0.2314898906188292,0.1031480829584377,-0.0386288332680583,1,0,91.9,1.6,32.7,71.6,105.7,150.8,255.4,0.59,False,False,0.0,5516.0,5652.0,5781.0,0.1293,46118.70510396976,4.89,6.51,0.0,0.35,1,50.0,0.0,중립,False,최근 중요 공시 신호 없음,0.0,-1.4,회피,-2.09,9.89,Low,RiskOn,중형,-0.0032,-0.0745,-0.0781,-0.0982,3,-0.1123,-0.1018,0.0085,-0.0035,2,2,-5.851063829787229,-7.9722703639514725,-13.093289689034371,-13.093289689034371,2.0,0.0,1.54,0.0,연기금,미확인,"중형주 핵심 연기금, 외국인 0, 연기금 0, 투신·사모 10, 지속성 40",-7.13,-9.91,0.0,"시장대비 5일 -7.1%p·20일 -9.9%p, 거래대금 상위 61%, 추세 0",조건미충족,False,0.0,"조건미충족: 20일 -8.0%, 고점대비 -13.1%, MA20 이격 -8.1%, 거래대금 0.59배",0.04,RiskOn,회피,관찰,0.0,역배열/추세 훼손,매도/제외,제외,연기금 수급 0.0 · 주도성 0.0 · 조건미충족 · 공시 중립,제외
오리온,271560,KOSPI,분류안됨,분류안됨,0.9,0,54.4,1.76,상승장 (보수적 반영),105200.0,-0.8482563619227168,-0.0565441794179989,-0.372650331527839,-0.1408188058624397,-0.0997652445282143,1,0,91.5,1.0,12.7,140.1,109.9,87.0,121.6,0.72,False,False,0.0,108240.0,109840.0,115010.0,0.0,41584.24128180961,11.33,10.51,0.0,0.35,1,50.0,0.0,중립,False,최근 중요 공시 신호 없음,0.0,-1.4,회피,-1.27,10.2,Low,RiskOn,중형,-0.0931,-0.1127,-0.1571,-0.5467,1,-0.0408,-0.2312,-0.0211,-0.0253,2,2,-4.450499545867393,-17.490196078431374,-18.63882443928848,-18.63882443928848,0.0,0.0,0.0,0.0,연기금,미확인,"중형주 핵심 연기금, 외국인 0, 연기금 0, 투신·사모 0, 지속성 40",-5.73,-19.43,0.0,"시장대비 5일 -5.7%p·20일 -19.4%p, 거래대금 상위 45%, 추세 0",조건미충족,False,0.0,"조건미충족: 20일 -17.5%, 고점대비 -18.6%, MA20 이격 -8.5%, 거래대금 0.72배",0.44,RiskOn,회피,관찰,0.0,역배열/추세 훼손,매도/제외,제외,연기금 수급 0.0 · 주도성 0.0 · 조건미충족 · 공시 중립,제외
현대건설,720,KOSPI,분류안됨,분류안됨,0.9,0,47.2,-1.12,상승장 (보수적 반영),114500.0,-2.3037542662115995,-0.9133564340247576,0.2620626299540539,0.1044079366153062,-0.0225939348890322,0,0,91.7,2.6,44.6,101.4,774.4,664.7,897.5,0.74,False,False,0.0,118160.0,121890.0,124835.0,0.0,127501.41638225256,32.87,4.58,0.0,0.35,1,50.0,0.0,중립,False,최근 중요 공시 신호 없음,0.0,-1.4,회피,-2.09,9.37,Low,RiskOn,대형,-0.1388,-0.1257,-0.5931,-0.5349,1,0.0489,-0.4015,-0.0593,-0.2028,2,2,-5.450041288191576,1.6873889875666181,-15.12231282431431,-15.12231282431431,4.0,18.94,2.11,0.0,외국인,미확인,"대형주 핵심 외국인, 외국인 0, 연기금 0, 투신·사모 0, 지속성 40",-6.73,-0.25,7.34,"시장대비 5일 -6.7%p·20일 -0.2%p, 거래대금 상위 89%, 추세 0",조건미충족,False,0.0,"조건미충족: 20일 +1.7%, 고점대비 -15.1%, MA20 이격 -8.3%, 거래대금 0.74배",2.29,RiskOn,회피,관찰,0.0,역배열/추세 훼손,매도/제외,제외,외국인 수급 0.0 · 주도성 7.3 · 조건미충족 · 공시 중립,제외
KB금융,105560,KOSPI,분류안됨,분류안됨,0.9,0,54.2,1.68,상승장 (보수적 반영),167600.0,0.9638554216867544,-0.510251862761117,0.0052592563834378,-0.0312429920385769,-0.0015457335845288,0,0,96.1,1.2,39.8,62.0,932.1,1481.4,1678.2,0.88,False,False,0.0,170020.0,173060.0,174375.0,0.0,594455.9975903615,10.36,9.98,0.0,0.35,1,50.0,0.0,중립,False,최근 중요 공시 신호 없음,0.0,-1.4,회피,-1.45,9.72,Low,RiskOn,대형,-0.0187,-0.0412,-0.1334,-0.5676,0,-0.1738,-0.2962,-0.0422,-0.0124,0,2,-3.23325635103926,-0.8870490833826183,-7.70925110132159,-7.70925110132159,0.0,27.18,0.02,0.0,외국인,미확인,"대형주 핵심 외국인, 외국인 0, 연기금 0, 투신·사모 0, 지속성 0",-4.51,-2.83,9.79,"시장대비 5일 -4.5%p·20일 -2.8%p, 거래대금 상위 98%, 추세 0",조건미충족,False,0.0,"조건미충족: 20일 -0.9%, 고점대비 -7.7%, MA20 이격 -3.9%, 거래대금 0.88배",3.85,RiskOn,회피,관찰,0.0,역배열/추세 훼손,매도/제외,제외,외국인 수급 0.0 · 주도성 9.8 · 조건미충족 · 공시 중립,제외
현대로템,64350,KOSPI,분류안됨,분류안됨,0.84,0,54.4,1.76,상승장 (보수적 반영),116100.0,3.200000000000003,-0.2249785951242055,-0.3526739095848197,-0.0388284454802669,-0.0131492591354459,1,0,96.3,1.9,35.1,112.6,497.6,479.7,388.7,1.23,False,False,0.0,113640.0,116480.0,120545.0,0.0,126714.12,16.74,30.05,0.0,0.35,1,50.0,0.0,중립,False,최근 중요 공시 신호 없음,0.0,-1.4,회피,-1.13,9.35,Low,RiskOn,대형,-0.1557,-0.2304,-0.2298,-0.5657,0,-0.0559,-0.1823,-0.001,0.0112,2,0,0.17256255392579245,-5.5329536208299395,-8.726415094339623,-8.726415094339623,4.0,21.11,0.88,0.0,외국인,미확인,"대형주 핵심 외국인, 외국인 0, 연기금 0, 투신·사모 18, 지속성 40",-1.11,-7.47,22.18,"시장대비 5일 -1.1%p·20일 -7.5%p, 거래대금 상위 75%, 추세 0",조건미충족,False,0.0,"조건미충족: 20일 -5.5%, 고점대비 -8.7%, MA20 이격 -3.7%, 거래대금 1.23배",8.2,RiskOn,회피,관찰,0.0,역배열/추세 훼손,매도/제외,제외,외국인 수급 0.0 · 주도성 22.2 · 조건미충족 · 공시 중립,제외
NHN,181710,KOSPI,분류안됨,분류안됨,0.8,3,48.8,-0.48,상승장 (보수적 반영),57000.0,1.243339253996445,1.820543626935863,-0.4655733947623853,-0.3109236211910469,-1.8283531920166327,0,2,97.5,2.1,38.7,89.3,74.3,78.7,121.8,0.65,False,False,0.0,55920.0,56240.0,58445.0,0.0,18427.30017761989,27.54,2.2,0.0,0.35,1,50.0,0.0,중립,False,최근 중요 공시 신호 없음,0.0,-1.4,회피,0.76,8.26,Low,RiskOn,중형,0.0547,0.3017,-0.7245,-0.3128,2,0.3506,0.5132,0.0031,-0.4398,3,2,1.7857142857142794,-16.176470588235293,-20.27972027972028,-20.27972027972028,0.0,0.0,5.45,23.1,연기금,유지,"중형주 핵심 연기금, 외국인 77, 연기금 69, 투신·사모 0, 지속성 40",0.51,-18.12,15.32,"시장대비 5일 +0.5%p·20일 -18.1%p, 거래대금 상위 45%, 추세 0",조건미충족,False,0.0,"조건미충족: 20일 -16.2%, 고점대비 -20.3%, MA20 이격 -2.5%, 거래대금 0.65배",15.64,RiskOn,회피,관찰,0.0,연기금 10일 순매수 · 역배열/추세 훼손,매도/제외,제외,연기금 수급 23.1 · 주도성 15.3 · 조건미충족 · 공시 중립,제외
현대위아,11210,KOSPI,분류안됨,분류안됨,0.78,3,48.8,-0.48,상승장 (보수적 반영),52800.0,0.189753320683117,-0.3317800170297278,-0.1545168751572666,0.0909964540871346,-0.0236412191308098,0,2,95.7,0.9,35.6,66.8,17.8,24.8,30.3,0.82,False,False,0.0,52940.0,53340.0,55160.0,0.0,14358.193548387097,22.2,2.75,0.0,0.35,1,50.0,0.0,중립,False,최근 중요 공시 신호 없음,0.0,-1.4,회피,0.78,9.66,Low,RiskOn,중형,0.0009,-0.0202,-0.0361,-0.0605,1,0.0044,-0.1687,0.0054,-0.0213,1,3,0.5714285714285783,-6.382978723404253,-9.743589743589743,-9.743589743589743,0.0,0.0,3.16,0.0,연기금,미확인,"중형주 핵심 연기금, 외국인 0, 연기금 0, 투신·사모 0, 지속성 60",-0.71,-8.32,11.18,"시장대비 5일 -0.7%p·20일 -8.3%p, 거래대금 상위 15%, 추세 0",조건미충족,False,0.0,"조건미충족: 20일 -6.4%, 고점대비 -9.7%, MA20 이격 -4.3%, 거래대금 0.82배",3.79,RiskOn,회피,관찰,0.0,역배열/추세 훼손,매도/제외,제외,연기금 수급 0.0 · 주도성 11.2 · 조건미충족 · 공시 중립,제외
롯데지주,4990,KOSPI,분류안됨,분류안됨,0.77,2,43.0,-2.8,상승장 (보수적 반영),23800.0,0.421940928270037,-0.4155559136609766,0.373950591401675,0.0004983629099395,0.0178420435341791,0,1,96.7,0.4,37.3,50.1,9.8,17.9,32.2,0.56,False,False,0.0,24030.0,24295.0,24605.0,0.4677,23719.662447257386,-6.54,-10.51,0.0,0.35,1,50.0,0.0,중립,False,최근 중요 공시 신호 없음,0.0,-1.4,회피,-1.78,7.04,Low,RiskOn,중형,0.0509,0.1321,0.1362,-0.0778,2,-0.1255,-0.2715,0.0017,-0.0004,0,4,-2.4590163934426257,-0.6263048016701411,-6.114398422090728,-6.114398422090728,0.0,0.0,4.13,5.84,연기금,유지,"중형주 핵심 연기금, 외국인 0, 연기금 57, 투신·사모 4, 지속성 80",-3.74,-2.57,9.11,"시장대비 5일 -3.7%p·20일 -2.6%p, 거래대금 상위 17%, 추세 0",조건미충족,False,0.0,"조건미충족: 20일 -0.6%, 고점대비 -6.1%, MA20 이격 -3.3%, 거래대금 0.56배",5.12,RiskOn,회피,관찰,0.0,연기금 10일 순매수 · 역배열/추세 훼손,매도/제외,제외,연기금 수급 5.8 · 주도성 9.1 · 조건미충족 · 공시 중립,제외
삼성물산,28260,KOSPI,분류안됨,분류안됨,0.76,1,47.6,-0.96,상승장 (보수적 반영),345000.0,-0.5763688760806907,-0.1762490937241816,0.0159746282613498,0.1438845194502519,-0.0321080153217226,2,0,95.6,0.9,39.4,70.4,750.3,1025.3,1163.1,0.88,False,False,0.0,344800.0,353200.0,360925.0,0.5786,559477.6512968299,22.97,6.02,0.0,0.35,1,50.0,0.0,중립,False,최근 중요 공시 신호 없음,0.0,-1.4,회피,-1.78,7.65,Low,RiskOn,대형,-0.0068,-0.0051,-0.0265,-0.3218,1,-0.0645,-0.084,-0.0152,-0.0126,2,3,-5.994550408719346,-7.506702412868638,-10.15625,-10.15625,4.0,26.74,1.19,0.0,외국인,미확인,"대형주 핵심 외국인, 외국인 0, 연기금 0, 투신·사모 0, 지속성 40",-7.27,-9.45,5.58,"시장대비 5일 -7.3%p·20일 -9.4%p, 거래대금 상위 93%, 추세 0",조건미충족,False,0.0,"조건미충족: 20일 -7.5%, 고점대비 -10.2%, MA20 이격 -4.4%, 거래대금 0.88배",1.71,RiskOn,회피,관찰,0.0,역배열/추세 훼손,매도/제외,제외,외국인 수급 0.0 · 주도성 5.6 · 조건미충족 · 공시 중립,제외
신세계,4170,KOSPI,분류안됨,분류안됨,0.75,3,48.6,-0.56,상승장 (보수적 반영),330500.0,-0.8995502248875575,2.4326456235505205,-1.108835095598213,-1.5584560292214928,-0.5347143704919864,7,0,90.7,2.8,28.1,90.1,162.1,172.4,272.8,0.63,False,False,0.0,336800.0,346200.0,364450.0,0.0,31215.65067466267,21.88,0.32,0.0,0.35,1,50.0,0.0,중립,False,최근 중요 공시 신호 없음,0.0,-1.4,회피,0.69,9.67,Low,RiskOn,중형,-0.2628,-0.3565,-1.4341,-0.3486,0,0.6075,1.1608,-0.2586,-0.087,5,0,-4.7550432276657,-14.489003880983187,-18.294190358467244,-18.294190358467244,0.0,0.0,1.22,0.0,연기금,미확인,"중형주 핵심 연기금, 외국인 88, 연기금 0, 투신·사모 0, 지속성 0",-6.03,-16.43,0.0,"시장대비 5일 -6.0%p·20일 -16.4%p, 거래대금 상위 64%, 추세 0",조건미충족,False,0.0,"조건미충족: 20일 -14.5%, 고점대비 -18.3%, MA20 이격 -9.3%, 거래대금 0.63배",0.0,RiskOn,회피,관찰,0.0,역배열/추세 훼손,매도/제외,제외,연기금 수급 0.0 · 주도성 0.0 · 조건미충족 · 공시 중립,제외
한진칼,180640,KOSPI,분류안됨,분류안됨,0.73,0,42.2,-3.12,상승장 (보수적 반영),131400.0,-1.7937219730941756,-0.0499212616637664,0.0144623085883261,0.0147054145169666,0.0055193529156866,0,0,94.4,0.5,46.4,78.3,68.7,85.6,114.1,0.75,False,False,0.0,135020.0,137550.0,139245.0,0.1073,87724.72197309417,-302.21,4.75,0.0,0.35,1,50.0,0.0,중립,False,최근 중요 공시 신호 없음,0.0,-1.4,회피,-1.71,9.48,Low,RiskOn,중형,-0.0132,-0.023,-0.0208,-0.0944,2,-0.003,-0.0386,0.0077,-0.0053,2,3,-6.209850107066384,-5.535585909417684,-11.752854264607116,-11.752854264607116,0.0,0.0,0.09,0.0,연기금,미확인,"중형주 핵심 연기금, 외국인 0, 연기금 0, 투신·사모 7, 지속성 60",-7.49,-7.48,0.0,"시장대비 5일 -7.5%p·20일 -7.5%p, 거래대금 상위 43%, 추세 0",조건미충족,False,0.0,"조건미충족: 20일 -5.5%, 고점대비 -11.8%, MA20 이격 -5.6%, 거래대금 0.75배",0.0,RiskOn,회피,관찰,0.0,역배열/추세 훼손,매도/제외,제외,연기금 수급 0.0 · 주도성 0.0 · 조건미충족 · 공시 중립,제외
현대무벡스,319400,KOSDAQ,분류안됨,분류안됨,0.71,2,47.2,-1.12,상승장 (보수적 반영),20800.0,0.4830917874396156,2.1760738611082844,0.0063542709403841,-0.0456620791965852,0.062418866021498,0,0,97.3,3.0,48.1,94.4,135.4,138.5,222.0,0.62,False,False,0.0,20590.0,21085.0,21370.0,0.0,23165.37198067633,142.04,6.79,0.0,0.35,1,50.0,0.0,중립,False,최근 중요 공시 신호 없음,0.0,0.0,대기,0.38,9.88,Low,RiskOn,중형,0.0004,0.0004,0.053,-0.2176,0,-0.4499,2.134,-0.0051,0.0212,0,1,-0.7159904534606243,-4.147465437788023,-7.55555555555556,-7.55555555555556,0.0,3.84,1.33,0.0,연기금,유지,"중형주 핵심 연기금, 외국인 78, 연기금 5, 투신·사모 27, 지속성 20",-1.99,-6.09,16.92,"시장대비 5일 -2.0%p·20일 -6.1%p, 거래대금 상위 59%, 추세 0",조건미충족,False,0.0,"조건미충족: 20일 -4.1%, 고점대비 -7.6%, MA20 이격 -2.7%, 거래대금 0.62배",5.64,RiskOn,회피,관찰,0.0,연기금 10일 순매수 · 역배열/추세 훼손,매도/제외,제외,연기금 수급 0.0 · 주도성 16.9 · 조건미충족 · 공시 중립,제외
IPARK현대산업개발,294870,KOSPI,분류안됨,분류안됨,0.61,0,50.2,0.08,상승장 (보수적 반영),22350.0,-1.3245033112582738,0.040649341042822,0.2032480052574505,0.0178068463749037,-0.0209608397713948,0,0,94.9,1.1,39.2,42.2,14.1,32.8,33.4,0.98,False,False,0.0,23030.0,23310.0,23562.5,0.0,14730.278145695363,8.53,5.0,0.0,0.35,1,50.0,0.0,중립,False,최근 중요 공시 신호 없음,0.0,-1.4,회피,-1.43,9.43,Low,RiskOn,중형,-0.0569,-0.1217,-0.1387,-0.4412,1,-0.0863,-0.0826,0.0028,-0.0029,1,1,-5.696202531645566,-1.9736842105263164,-10.060362173038229,-10.060362173038229,0.0,0.0,0.86,0.0,연기금,미확인,"중형주 핵심 연기금, 외국인 0, 연기금 0, 투신·사모 0, 지속성 20",-6.97,-3.92,0.0,"시장대비 5일 -7.0%p·20일 -3.9%p, 거래대금 상위 18%, 추세 0",조건미충족,False,0.0,"조건미충족: 20일 -2.0%, 고점대비 -10.1%, MA20 이격 -5.1%, 거래대금 0.98배",0.02,RiskOn,회피,관찰,0.0,역배열/추세 훼손,매도/제외,제외,연기금 수급 0.0 · 주도성 0.0 · 조건미충족 · 공시 중립,제외
미래에셋증권,6800,KOSPI,분류안됨,분류안됨,0.6,0,54.2,1.68,상승장 (보수적 반영),31550.0,-1.8662519440124423,0.2828094666600024,-0.2554334960029406,-0.174163856149999,-0.0058010495012595,0,0,96.2,0.6,42.4,84.6,197.7,222.0,319.0,0.7,False,False,0.0,31520.0,31810.0,32785.0,0.0,171322.87869362364,6.58,12.36,0.0,0.35,1,50.0,0.0,중립,False,최근 중요 공시 신호 없음,0.0,-1.4,회피,-0.73,8.27,Low,RiskOn,대형,-0.0034,-0.0565,-0.0673,-0.0764,2,0.0009,-0.0103,-0.0023,-0.009,2,1,-2.170542635658912,-4.3939393939393945,-9.985734664764623,-9.985734664764623,8.0,20.98,1.9,0.0,외국인,미확인,"대형주 핵심 외국인, 외국인 0, 연기금 0, 투신·사모 0, 지속성 40",-3.45,-6.34,18.64,"시장대비 5일 -3.5%p·20일 -6.3%p, 거래대금 상위 68%, 추세 0",조건미충족,False,0.0,"조건미충족: 20일 -4.4%, 고점대비 -10.0%, MA20 이격 -3.8%, 거래대금 0.70배",6.94,RiskOn,회피,관찰,0.0,역배열/추세 훼손,매도/제외,제외,외국인 수급 0.0 · 주도성 18.6 · 조건미충족 · 공시 중립,제외
삼성화재우,815,KOSPI,분류안됨,분류안됨,0.59,0,50.2,0.08,상승장 (보수적 반영),390500.0,-0.127877237851659,-1.0591360133396976,-0.4056124599320621,0.0270750242561246,0.2093170862766584,0,0,94.7,1.4,23.1,107.2,33.1,33.6,39.9,0.84,False,False,0.0,398400.0,403500.0,412350.0,0.0,11741.96547314578,9.51,0.0,0.0,0.35,1,50.0,0.0,중립,False,최근 중요 공시 신호 없음,0.0,-1.4,회피,-1.39,9.47,Low,RiskOn,중형,-0.1477,-0.2021,-0.1749,-1.1196,1,-0.5383,-0.9431,0.0232,0.0132,1,1,-3.817733990147787,-10.02304147465438,-11.551528878822193,-11.551528878822193,0.0,0.0,0.4,0.0,연기금,미확인,"중형주 핵심 연기금, 외국인 0, 연기금 0, 투신·사모 42, 지속성 20",-5.1,-11.96,0.0,"시장대비 5일 -5.1%p·20일 -12.0%p, 거래대금 상위 21%, 추세 0",조건미충족,False,0.0,"조건미충족: 20일 -10.0%, 고점대비 -11.6%, MA20 이격 -5.3%, 거래대금 0.84배",0.02,RiskOn,회피,관찰,0.0,역배열/추세 훼손,매도/제외,제외,연기금 수급 0.0 · 주도성 0.0 · 조건미충족 · 공시 중립,제외
SK바이오사이언스,302440,KOSPI,분류안됨,분류안됨,0.5,5,42.2,-3.12,상승장 (보수적 반영),36400.0,-1.0869565217391353,0.066624450701695,-0.1733030257841355,0.0236406817206069,3.3317956634664865e-06,0,0,99.3,0.3,43.9,78.5,16.5,20.0,22.6,0.88,False,False,40.0,36330.0,36020.0,36675.0,0.0,28558.17391304348,-35.19,-3.2,0.0,0.35,1,50.0,0.0,중립,False,최근 중요 공시 신호 없음,0.0,-1.4,회피,-0.04,8.74,Low,RiskOn,중형,-0.0427,-0.099,-0.0897,-0.1392,3,0.0461,0.0082,0.0098,-0.0011,3,0,1.8181818181818077,-2.8037383177570097,-4.210526315789476,-4.210526315789476,0.0,2.32,0.07,0.0,연기금,미확인,"중형주 핵심 연기금, 외국인 17, 연기금 0, 투신·사모 17, 지속성 0",0.54,-4.75,21.49,"시장대비 5일 +0.5%p·20일 -4.8%p, 거래대금 상위 11%, 추세 40",조건미충족,False,0.0,"조건미충족: 20일 -2.8%, 고점대비 -4.2%, MA20 이격 -0.7%, 거래대금 0.88배",6.74,RiskOn,회피,관찰,0.0,역배열/추세 훼손,매도/제외,제외,연기금 수급 0.0 · 주도성 21.5 · 조건미충족 · 공시 중립,제외
오리온홀딩스,1800,KOSPI,분류안됨,분류안됨,0.49,1,51.0,0.4,상승장 (보수적 반영),22900.0,-0.4347826086956496,-0.2693348545847741,-0.0187118342631272,0.004597605954216,-0.005011518903285,0,1,93.5,0.6,20.4,56.8,9.9,16.0,15.0,1.07,False,False,0.0,23510.0,23755.0,24487.5,0.0,13775.84347826087,11.28,5.01,0.0,0.35,1,50.0,0.0,중립,False,최근 중요 공시 신호 없음,0.0,-1.4,회피,-1.14,9.83,Low,RiskOn,중형,-0.0143,-0.04,-0.0695,-0.5338,1,-0.0662,-0.2446,-0.0109,0.0002,2,2,-3.578947368421048,-10.371819960861062,-10.371819960861062,-10.371819960861062,0.0,0.0,1.51,0.0,연기금,미확인,"중형주 핵심 연기금, 외국인 0, 연기금 0, 투신·사모 0, 지속성 40",-4.86,-12.31,0.0,"시장대비 5일 -4.9%p·20일 -12.3%p, 거래대금 상위 6%, 추세 0",조건미충족,False,0.0,"조건미충족: 20일 -10.4%, 고점대비 -10.4%, MA20 이격 -6.5%, 거래대금 1.07배",0.1,RiskOn,회피,관찰,0.0,역배열/추세 훼손,매도/제외,제외,연기금 수급 0.0 · 주도성 0.0 · 조건미충족 · 공시 중립,제외
대신증권,3540,KOSPI,분류안됨,분류안됨,0.49,2,50.2,0.08,상승장 (보수적 반영),25500.0,0.591715976331364,-0.4357258454999976,0.0853113293348457,0.24489444440658,0.0364737223176947,0,0,96.6,0.5,41.6,27.7,3.8,11.1,16.9,0.66,False,False,0.0,25590.0,25925.0,26405.0,0.5139,12154.497041420118,5.58,5.06,0.0,0.35,1,50.0,0.0,중립,False,최근 중요 공시 신호 없음,0.0,-1.4,회피,0.43,7.2,Low,RiskOn,중형,0.0017,-0.0195,-0.0265,-0.7629,0,-0.1475,-0.2646,-0.0307,-0.0034,1,1,-2.111324376199619,-3.409090909090906,-7.272727272727275,-7.272727272727275,0.0,0.0,0.83,0.0,연기금,미확인,"중형주 핵심 연기금, 외국인 0, 연기금 0, 투신·사모 0, 지속성 20",-3.39,-5.35,6.59,"시장대비 5일 -3.4%p·20일 -5.3%p, 거래대금 상위 8%, 추세 0",조건미충족,False,0.0,"조건미충족: 20일 -3.4%, 고점대비 -7.3%, MA20 이격 -3.4%, 거래대금 0.66배",2.33,RiskOn,회피,관찰,0.0,역배열/추세 훼손,매도/제외,제외,연기금 수급 0.0 · 주도성 6.6 · 조건미충족 · 공시 중립,제외
영원무역,111770,KOSPI,분류안됨,분류안됨,0.44,0,54.2,1.68,상승장 (보수적 반영),66800.0,-3.607503607503604,-0.1294583340434772,-0.0310339447899394,0.0499578471204268,-0.0344364235982394,0,0,92.8,0.5,24.1,130.8,41.4,31.7,40.0,0.79,False,False,0.0,69480.0,70410.0,71950.0,0.0,29599.24386724387,5.44,12.66,0.0,0.35,1,50.0,0.0,중립,False,최근 중요 공시 신호 없음,0.0,-1.4,회피,-0.38,9.09,Low,RiskOn,중형,0.005,-0.0267,-0.0333,-0.2143,2,-0.0308,-0.1275,-0.0057,-0.0128,1,3,-3.6075036075036038,-9.973045822102423,-11.64021164021164,-11.64021164021164,0.0,0.0,0.11,0.0,연기금,미확인,"중형주 핵심 연기금, 외국인 0, 연기금 0, 투신·사모 0, 지속성 60",-4.89,-11.91,0.0,"시장대비 5일 -4.9%p·20일 -11.9%p, 거래대금 상위 22%, 추세 0",조건미충족,False,0.0,"조건미충족: 20일 -10.0%, 고점대비 -11.6%, MA20 이격 -7.2%, 거래대금 0.79배",0.42,RiskOn,회피,관찰,0.0,역배열/추세 훼손,매도/제외,제외,연기금 수급 0.0 · 주도성 0.0 · 조건미충족 · 공시 중립,제외
쿠쿠홀딩스,192400,KOSPI,분류안됨,분류안됨,0.41,5,42.4,-3.04,상승장 (보수적 반영),26900.0,0.0,-0.1156481915116035,-0.0067119015262387,0.0117010767300857,0.0064610390968011,1,0,98.5,0.1,40.5,57.2,1.7,2.8,2.9,0.97,False,False,40.0,27130.0,27120.0,27310.0,0.0,9566.0,0.0,0.0,0.0,0.35,1,50.0,0.0,중립,False,최근 중요 공시 신호 없음,0.0,-1.4,회피,0.36,8.75,Low,RiskOn,소형,0.0042,-0.0096,0.0094,-0.1149,3,-0.0263,-0.0725,0.0097,-0.0043,1,1,-1.2844036697247652,-2.3593466424682408,-3.4111310592459643,-3.4111310592459643,0.0,0.0,0.07,0.0,연기금,미확인,"소형주 핵심 연기금, 외국인 0, 연기금 0, 투신·사모 11, 지속성 20",-2.56,-4.3,13.05,"시장대비 5일 -2.6%p·20일 -4.3%p, 거래대금 상위 0%, 추세 40",조건미충족,False,0.0,"조건미충족: 20일 -2.4%, 고점대비 -3.4%, MA20 이격 -1.5%, 거래대금 0.97배",3.81,RiskOn,회피,관찰,0.0,역배열/추세 훼손,매도/제외,제외,연기금 수급 0.0 · 주도성 13.1 · 조건미충족 · 공시 중립,제외
하이트진로,80,KOSPI,분류안됨,분류안됨,0.3,1,43.0,-2.8,상승장 (보수적 반영),14740.0,-0.2031144211238955,-0.1616844441989005,-0.0332497226627312,-0.0079127614750153,0.0024951878004874,0,1,97.3,0.6,24.1,35.6,4.5,11.6,11.0,1.05,False,False,0.0,14908.0,14961.0,15151.0,0.0,10336.961408259987,0.0,0.0,0.0,0.35,1,50.0,0.0,중립,False,최근 중요 공시 신호 없음,0.0,-1.4,회피,-0.69,8.79,Low,RiskOn,중형,-0.0299,-0.0349,-0.0158,-0.3302,2,-0.0334,-0.1038,0.0111,0.0004,3,1,-1.9294743845642004,-4.964539007092195,-5.452212957023727,-5.452212957023727,0.0,0.0,1.5,0.0,연기금,미확인,"중형주 핵심 연기금, 외국인 0, 연기금 0, 투신·사모 21, 지속성 20",-3.21,-6.91,5.74,"시장대비 5일 -3.2%p·20일 -6.9%p, 거래대금 상위 4%, 추세 0",조건미충족,False,0.0,"조건미충족: 20일 -5.0%, 고점대비 -5.5%, MA20 이격 -2.7%, 거래대금 1.05배",1.31,RiskOn,회피,관찰,0.0,역배열/추세 훼손,매도/제외,제외,연기금 수급 0.0 · 주도성 5.7 · 조건미충족 · 공시 중립,제외
파라다이스,34230,KOSPI,분류안됨,분류안됨,0.29,0,42.2,-3.12,상승장 (보수적 반영),9340.0,-1.4767932489451518,-1.2005350358948548,0.2895359024631486,0.0427530389513859,-0.093316406066534,0,0,96.0,1.4,37.7,126.0,26.8,23.5,27.9,0.84,False,False,0.0,9454.0,9523.0,9727.5,0.2291,8651.322784810127,0.0,0.0,0.0,0.35,1,50.0,0.0,중립,False,최근 중요 공시 신호 없음,0.0,-1.4,회피,-0.66,8.78,Low,RiskOn,소형,-0.0943,-0.0926,-0.1025,-0.7031,1,-0.2974,-0.7101,0.0042,0.012,1,1,-2.096436058700213,-6.972111553784865,-7.433102081268583,-7.433102081268583,0.0,0.0,1.23,0.0,연기금,미확인,"소형주 핵심 연기금, 외국인 0, 연기금 0, 투신·사모 28, 지속성 20",-3.38,-8.91,7.74,"시장대비 5일 -3.4%p·20일 -8.9%p, 거래대금 상위 14%, 추세 0",조건미충족,False,0.0,"조건미충족: 20일 -7.0%, 고점대비 -7.4%, MA20 이격 -4.0%, 거래대금 0.84배",1.93,RiskOn,회피,관찰,0.0,역배열/추세 훼손,매도/제외,제외,연기금 수급 0.0 · 주도성 7.7 · 조건미충족 · 공시 중립,제외
대웅,3090,KOSPI,분류안됨,분류안됨,0.29,1,43.0,-2.8,상승장 (보수적 반영),15310.0,-1.7960230917254627,-0.3324665837209296,0.0190325202053991,-0.1193522737887425,-0.0006519530490198,0,1,94.9,0.7,30.4,69.7,8.4,11.7,10.5,1.11,False,False,0.0,15512.0,15705.0,16135.5,0.0,8901.208466966003,0.0,0.0,0.0,0.35,1,50.0,0.0,중립,False,최근 중요 공시 신호 없음,0.0,-1.4,회피,-0.66,8.62,Low,RiskOn,소형,-0.0004,0.0017,-0.0524,-0.9246,1,-0.1338,-0.2064,-0.0416,-0.0002,1,2,-3.6500943989930756,-12.263610315186247,-10.988372093023258,-12.263610315186247,0.0,0.0,1.58,0.0,연기금,유지,"소형주 핵심 연기금, 외국인 0, 연기금 2, 투신·사모 0, 지속성 40",-4.93,-14.21,0.0,"시장대비 5일 -4.9%p·20일 -14.2%p, 거래대금 상위 3%, 추세 0",조건미충족,False,0.0,"조건미충족: 20일 -12.3%, 고점대비 -11.0%, MA20 이격 -5.1%, 거래대금 1.11배",0.0,RiskOn,회피,관찰,0.0,연기금 10일 순매수 · 역배열/추세 훼손,매도/제외,제외,연기금 수급 0.0 · 주도성 0.0 · 조건미충족 · 공시 중립,제외
HD현대,267250,KOSPI,분류안됨,분류안됨,0.28,0,54.4,1.76,상승장 (보수적 반영),200000.0,1.265822784810133,-0.3433590181942299,0.1641934892812045,0.0179921650556691,-0.0074093610386447,1,0,90.0,0.9,44.7,102.7,294.3,287.0,366.2,0.78,False,False,0.0,202100.0,206450.0,222175.0,0.0,157985.82278481012,7.09,10.25,0.0,0.35,1,50.0,0.0,중립,False,최근 중요 공시 신호 없음,0.0,-1.4,회피,0.19,8.75,Low,RiskOn,대형,-0.0796,-0.1506,-0.1991,-0.4003,0,-0.0424,-0.1938,0.0138,-0.0059,3,0,-2.676399026763987,-4.534606205250602,-21.568627450980394,-21.568627450980394,0.0,15.25,0.69,0.0,외국인,미확인,"대형주 핵심 외국인, 외국인 0, 연기금 0, 투신·사모 15, 지속성 60",-3.96,-6.48,14.3,"시장대비 5일 -4.0%p·20일 -6.5%p, 거래대금 상위 72%, 추세 0",조건미충족,False,0.0,"조건미충족: 20일 -4.5%, 고점대비 -21.6%, MA20 이격 -10.0%, 거래대금 0.78배",5.44,RiskOn,회피,관찰,0.0,역배열/추세 훼손,매도/제외,제외,외국인 수급 0.0 · 주도성 14.3 · 조건미충족 · 공시 중립,제외
기아,270,KOSPI,분류안됨,분류안됨,0.27,0,54.4,1.76,상승장 (보수적 반영),112700.0,-0.5295675198587868,-0.0070180904785746,-0.2894962766735771,0.0060912064492321,-0.1095297444661105,1,0,93.0,1.2,24.8,86.4,868.1,1016.5,908.5,1.12,False,False,0.0,114480.0,116910.0,121195.0,0.0,439994.5269196822,7.05,12.92,0.0,0.35,1,50.0,0.0,중립,False,최근 중요 공시 신호 없음,0.0,-1.4,회피,0.21,9.37,Low,RiskOn,대형,-0.0779,-0.1716,-0.2365,-0.5412,1,0.001,-0.0926,-0.0178,-0.0165,3,1,-2.3396880415944565,-9.405144694533762,-12.227414330218068,-12.227414330218068,8.0,21.33,1.77,0.0,외국인,미확인,"대형주 핵심 외국인, 외국인 0, 연기금 0, 투신·사모 0, 지속성 60",-3.62,-11.35,19.81,"시장대비 5일 -3.6%p·20일 -11.3%p, 거래대금 상위 89%, 추세 0",조건미충족,False,0.0,"조건미충족: 20일 -9.4%, 고점대비 -12.2%, MA20 이격 -7.0%, 거래대금 1.12배",7.37,RiskOn,회피,관찰,0.0,역배열/추세 훼손,매도/제외,제외,외국인 수급 0.0 · 주도성 19.8 · 조건미충족 · 공시 중립,제외
휴젤,145020,KOSDAQ,분류안됨,분류안됨,0.26,0,54.2,1.68,상승장 (보수적 반영),180000.0,-0.3322259136212646,-1.5267361588207535,0.0814990016665191,-0.3761958292334012,-0.1549056596613869,0,0,83.6,2.8,11.9,56.7,70.0,124.0,117.6,1.05,False,False,0.0,181940.0,193860.0,215280.0,0.0,22526.91029900332,18.38,16.06,0.0,0.35,1,50.0,0.0,중립,False,최근 중요 공시 신호 없음,0.0,-1.4,회피,0.06,9.61,Low,RiskOn,중형,0.1386,0.1876,-0.3597,-0.5083,0,-0.3724,-1.3492,-0.1538,-0.0639,0,2,-3.7433155080213942,-26.680244399185337,-26.22950819672131,-26.680244399185337,0.0,0.0,1.91,35.26,연기금,유지,"중형주 핵심 연기금, 외국인 0, 연기금 73, 투신·사모 0, 지속성 40",-5.02,-28.62,0.0,"시장대비 5일 -5.0%p·20일 -28.6%p, 거래대금 상위 44%, 추세 0",조건미충족,False,0.0,"조건미충족: 20일 -26.7%, 고점대비 -26.2%, MA20 이격 -16.4%, 거래대금 1.05배",16.29,RiskOn,회피,관찰,0.0,연기금 10일 순매수 · 역배열/추세 훼손,매도/제외,제외,연기금 수급 35.3 · 주도성 0.0 · 조건미충족 · 공시 중립,제외
동원산업,6040,KOSPI,분류안됨,분류안됨,0.26,0,54.4,1.76,상승장 (보수적 반영),35200.0,-0.5649717514124242,0.0615699166363636,-0.0164850012,-0.0082421047636363,-0.0021882252545454,1,0,96.4,0.2,30.9,68.9,5.7,7.3,11.0,0.66,False,False,40.0,35550.0,35540.0,36532.5,0.0,15536.723163841809,3.82,11.61,0.0,0.35,1,50.0,0.0,중립,False,최근 중요 공시 신호 없음,0.0,-1.4,회피,0.23,9.32,Low,RiskOn,중형,-0.0155,-0.0241,-0.0317,-0.2763,1,0.0012,-0.0237,-0.0042,-0.0005,3,1,0.0,-6.8783068783068835,-7.853403141361259,-7.853403141361259,0.0,0.0,0.03,0.0,연기금,미확인,"중형주 핵심 연기금, 외국인 0, 연기금 0, 투신·사모 0, 지속성 20",-1.28,-8.82,15.54,"시장대비 5일 -1.3%p·20일 -8.8%p, 거래대금 상위 4%, 추세 40",조건미충족,False,0.0,"조건미충족: 20일 -6.9%, 고점대비 -7.9%, MA20 이격 -3.6%, 거래대금 0.66배",5.88,RiskOn,회피,관찰,0.0,역배열/추세 훼손,매도/제외,제외,연기금 수급 0.0 · 주도성 15.5 · 조건미충족 · 공시 중립,제외
현대차,5380,KOSPI,분류안됨,분류안됨,0.2,0,54.2,1.68,상승장 (보수적 반영),346000.0,-0.8595988538681931,-0.3547957297459732,-0.279953365221412,-0.1561246880020322,-0.1010168920773566,0,0,94.1,1.1,27.7,93.8,1525.4,1562.7,1669.8,0.94,False,False,0.0,348900.0,354550.0,367525.0,0.0,703994.005730659,12.67,8.41,0.0,0.35,1,50.0,0.0,중립,False,최근 중요 공시 신호 없음,0.0,-1.4,회피,0.19,9.49,Low,RiskOn,대형,-0.0551,-0.1353,-0.2195,-0.8314,0,-0.1954,-0.3853,-0.0151,-0.0293,0,1,-2.121640735502117,-8.465608465608465,-11.959287531806616,-11.959287531806616,4.0,22.78,0.88,0.0,외국인,미확인,"대형주 핵심 외국인, 외국인 0, 연기금 0, 투신·사모 0, 지속성 0",-3.4,-10.41,21.45,"시장대비 5일 -3.4%p·20일 -10.4%p, 거래대금 상위 97%, 추세 0",조건미충족,False,0.0,"조건미충족: 20일 -8.5%, 고점대비 -12.0%, MA20 이격 -5.9%, 거래대금 0.94배",7.93,RiskOn,회피,관찰,0.0,역배열/추세 훼손,매도/제외,제외,외국인 수급 0.0 · 주도성 21.4 · 조건미충족 · 공시 중립,제외
효성티앤씨,298020,KOSPI,분류안됨,분류안됨,0.15,0,50.4,0.16,상승장 (보수적 반영),273000.0,-0.5464480874316946,-0.1851847222774699,-0.4547244153270754,-0.2947636472249024,0.1132017608412296,1,0,85.2,2.7,12.3,106.8,57.3,62.9,45.1,1.39,False,False,0.0,285600.0,301800.0,320600.0,0.0,11814.08743169399,13.19,0.72,0.0,0.35,1,50.0,0.0,중립,False,최근 중요 공시 신호 없음,0.0,-1.4,회피,-0.35,8.0,Low,RiskOn,중형,-0.537,-0.5785,-0.8792,-1.9856,1,-0.0783,-0.082,-0.1554,-0.0264,2,1,-12.35955056179775,-20.869565217391305,-22.990126939351196,-22.990126939351196,0.0,0.0,0.19,0.0,연기금,미확인,"중형주 핵심 연기금, 외국인 0, 연기금 0, 투신·사모 0, 지속성 20",-13.64,-22.81,0.0,"시장대비 5일 -13.6%p·20일 -22.8%p, 거래대금 상위 25%, 추세 0",조건미충족,False,0.0,"조건미충족: 20일 -20.9%, 고점대비 -23.0%, MA20 이격 -14.8%, 거래대금 1.39배",0.04,RiskOn,회피,관찰,0.0,역배열/추세 훼손,매도/제외,제외,연기금 수급 0.0 · 주도성 0.0 · 조건미충족 · 공시 중립,제외
삼성중공업,10140,KOSPI,분류안됨,분류안됨,0.15,0,51.2,0.48,상승장 (보수적 반영),19930.0,1.0649087221095366,-0.7101928445012088,0.048870548396661,0.0377975757195639,0.0196648487889431,0,0,95.9,1.7,39.5,58.6,363.6,592.9,667.2,0.89,False,False,0.0,19756.0,20253.0,20781.5,0.0,175384.0,33.26,13.74,0.0,0.35,1,50.0,0.0,중립,False,최근 중요 공시 신호 없음,0.0,-1.4,회피,-0.36,9.41,Low,RiskOn,대형,-0.0785,-0.0885,-0.1666,-0.769,0,-0.3726,-0.6051,-0.0241,-0.0037,1,0,-1.5802469135802522,-0.05015045135405849,-9.819004524886877,-9.819004524886877,0.0,23.0,0.29,0.0,외국인,미확인,"대형주 핵심 외국인, 외국인 0, 연기금 0, 투신·사모 0, 지속성 20",-2.86,-1.99,23.45,"시장대비 5일 -2.9%p·20일 -2.0%p, 거래대금 상위 84%, 추세 0",조건미충족,False,0.0,"조건미충족: 20일 -0.1%, 고점대비 -9.8%, MA20 이격 -4.1%, 거래대금 0.89배",8.33,RiskOn,회피,관찰,0.0,역배열/추세 훼손,매도/제외,제외,외국인 수급 0.0 · 주도성 23.4 · 조건미충족 · 공시 중립,제외
유한양행,100,KOSPI,분류안됨,분류안됨,0.11,0,51.2,0.48,상승장 (보수적 반영),74000.0,-1.0695187165775444,-0.2322574147723926,-0.0498857402197344,-0.2004886942270616,-0.0095357418100215,0,0,95.8,1.1,29.2,64.5,87.3,125.1,153.5,0.81,False,False,0.0,73860.0,74750.0,77205.0,0.0,54475.08021390374,26.96,8.81,0.0,0.35,1,50.0,0.0,중립,False,최근 중요 공시 신호 없음,0.0,-1.4,회피,-0.27,8.63,Low,RiskOn,중형,-0.0885,-0.1259,-0.3343,-0.6308,0,0.0877,-0.1663,-0.1159,-0.0172,4,1,-0.13495276653171517,-8.979089790897909,-9.090909090909093,-9.090909090909093,0.0,0.0,0.0,0.0,연기금,미확인,"중형주 핵심 연기금, 외국인 4, 연기금 0, 투신·사모 0, 지속성 20",-1.41,-10.92,16.45,"시장대비 5일 -1.4%p·20일 -10.9%p, 거래대금 상위 50%, 추세 0",조건미충족,False,0.0,"조건미충족: 20일 -9.0%, 고점대비 -9.1%, MA20 이격 -4.2%, 거래대금 0.81배",5.88,RiskOn,회피,관찰,0.0,역배열/추세 훼손,매도/제외,제외,연기금 수급 0.0 · 주도성 16.4 · 조건미충족 · 공시 중립,제외
현대백화점,69960,KOSPI,분류안됨,분류안됨,0.11,0,50.4,0.16,상승장 (보수적 반영),88800.0,-0.4484304932735439,-3.380878984326151,-0.1408382734879407,0.0485966589152188,0.0463498901917253,1,0,92.4,2.1,39.4,51.8,47.1,81.9,115.6,0.71,False,False,0.0,89660.0,94250.0,96130.0,0.0,19148.744394618832,9.62,4.64,0.0,0.35,1,50.0,0.0,중립,False,최근 중요 공시 신호 없음,0.0,-1.4,회피,-0.24,6.96,Low,RiskOn,중형,-0.0784,-0.1466,-0.5291,-0.5059,1,0.1958,-0.5737,-0.0389,-0.286,4,1,-7.883817427385898,-4.207119741100329,-11.904761904761907,-11.904761904761907,0.0,0.0,0.16,0.0,연기금,미확인,"중형주 핵심 연기금, 외국인 0, 연기금 0, 투신·사모 0, 지속성 20",-9.16,-6.15,0.0,"시장대비 5일 -9.2%p·20일 -6.2%p, 거래대금 상위 43%, 추세 0",조건미충족,False,0.0,"조건미충족: 20일 -4.2%, 고점대비 -11.9%, MA20 이격 -7.6%, 거래대금 0.71배",0.04,RiskOn,회피,관찰,0.0,역배열/추세 훼손,매도/제외,제외,연기금 수급 0.0 · 주도성 0.0 · 조건미충족 · 공시 중립,제외
펩트론,87010,KOSDAQ,분류안됨,분류안됨,0.09,0,42.2,-3.12,상승장 (보수적 반영),130000.0,-8.771929824561408,0.1652622860000324,-0.1251543641524154,-0.2457486827788337,-0.3399125109676791,0,0,89.1,3.6,43.2,140.7,256.9,217.6,202.0,1.08,False,False,0.0,134660.0,142610.0,145895.0,0.0,30312.35087719298,-172.08,-9.41,0.0,0.35,1,50.0,0.0,중립,False,최근 중요 공시 신호 없음,0.0,-1.4,회피,-0.2,7.95,Low,RiskOn,중형,-0.0712,-0.1159,-0.3515,-0.1514,3,0.0175,-0.3044,-0.0304,-0.0081,3,0,-10.652920962199309,-17.460317460317466,-19.454770755885995,-19.454770755885995,16.0,0.0,3.6,0.0,연기금,미확인,"중형주 핵심 연기금, 외국인 0, 연기금 0, 투신·사모 0, 지속성 0",-11.93,-19.4,0.0,"시장대비 5일 -11.9%p·20일 -19.4%p, 거래대금 상위 58%, 추세 0",조건미충족,False,0.0,"조건미충족: 20일 -17.5%, 고점대비 -19.5%, MA20 이격 -10.9%, 거래대금 1.08배",0.0,RiskOn,회피,관찰,0.0,역배열/추세 훼손,매도/제외,제외,연기금 수급 0.0 · 주도성 0.0 · 조건미충족 · 공시 중립,제외
케이뱅크,279570,KOSPI,분류안됨,분류안됨,0.07,0,47.4,-1.04,상승장 (보수적 반영),5390.0,-0.1851851851851882,-0.2175980463035129,-0.062033469939929,0.1438412181093072,-0.0498477010719881,1,0,97.3,0.4,41.3,97.2,18.0,19.5,32.1,0.61,False,False,40.0,5428.0,5408.0,5538.5,1.0,21866.43148148148,24.8,5.4,0.0,0.35,1,50.0,0.0,중립,False,최근 중요 공시 신호 없음,0.0,-1.4,회피,-0.15,8.55,Low,RiskOn,중형,0.0004,-0.0678,-0.105,-0.1041,1,0.0265,-0.1172,0.0,-0.0289,2,1,0.7476635514018781,-3.0575539568345356,-7.2289156626506035,-7.2289156626506035,0.0,0.0,0.25,0.0,연기금,미확인,"중형주 핵심 연기금, 외국인 0, 연기금 0, 투신·사모 0, 지속성 20",-0.53,-5.0,20.02,"시장대비 5일 -0.5%p·20일 -5.0%p, 거래대금 상위 17%, 추세 40",조건미충족,False,0.0,"조건미충족: 20일 -3.1%, 고점대비 -7.2%, MA20 이격 -2.7%, 거래대금 0.61배",6.75,RiskOn,회피,관찰,0.0,역배열/추세 훼손,매도/제외,제외,연기금 수급 0.0 · 주도성 20.0 · 조건미충족 · 공시 중립,제외
한국금융지주우,71055,KOSPI,분류안됨,분류안됨,0.06,0,42.2,-3.12,상승장 (보수적 반영),142400.0,0.4940014114326096,-0.5000801091888213,0.0033285395001143,-0.0554953977894906,-0.0394311582028156,0,0,97.0,1.0,39.4,63.8,10.3,16.3,15.9,1.03,False,False,0.0,142480.0,144440.0,146755.0,0.0,8342.00705716302,0.0,0.0,0.0,0.35,1,50.0,0.0,중립,False,최근 중요 공시 신호 없음,0.0,-1.4,회피,-0.15,6.95,Low,RiskOn,소형,0.0,0.0053,-0.0896,-0.5381,2,-0.0321,-0.4031,-0.055,-0.0316,3,0,-2.398903358464699,-4.621567314132625,-5.882352941176472,-5.882352941176472,0.0,0.0,0.03,0.0,연기금,유지,"소형주 핵심 연기금, 외국인 0, 연기금 11, 투신·사모 0, 지속성 0",-3.68,-6.56,6.42,"시장대비 5일 -3.7%p·20일 -6.6%p, 거래대금 상위 7%, 추세 0",조건미충족,False,0.0,"조건미충족: 20일 -4.6%, 고점대비 -5.9%, MA20 이격 -3.0%, 거래대금 1.03배",1.47,RiskOn,회피,관찰,0.0,연기금 10일 순매수 · 역배열/추세 훼손,매도/제외,제외,연기금 수급 0.0 · 주도성 6.4 · 조건미충족 · 공시 중립,제외
GS리테일,7070,KOSPI,분류안됨,분류안됨,0.04,0,47.2,-1.12,상승장 (보수적 반영),22100.0,0.0,0.583697643015641,-0.9239057828651835,-0.0745496752719597,0.2774421253450235,0,0,92.0,0.7,19.0,53.7,15.0,25.7,45.5,0.56,False,False,0.0,22520.0,22930.0,24010.0,0.0,18477.0,16.18,1.34,0.0,0.35,1,50.0,0.0,중립,False,최근 중요 공시 신호 없음,0.0,-1.4,회피,-0.08,6.99,Low,RiskOn,중형,-0.112,-0.3914,-0.3611,-0.2413,1,0.063,0.2378,-0.0058,0.0269,4,0,-3.0701754385964897,-14.836223506743739,-14.671814671814676,-14.836223506743739,0.0,0.0,0.76,0.0,연기금,미확인,"중형주 핵심 연기금, 외국인 39, 연기금 0, 투신·사모 31, 지속성 0",-4.35,-16.78,0.0,"시장대비 5일 -4.3%p·20일 -16.8%p, 거래대금 상위 25%, 추세 0",조건미충족,False,0.0,"조건미충족: 20일 -14.8%, 고점대비 -14.7%, MA20 이격 -8.0%, 거래대금 0.56배",0.0,RiskOn,회피,관찰,0.0,역배열/추세 훼손,매도/제외,제외,연기금 수급 0.0 · 주도성 0.0 · 조건미충족 · 공시 중립,제외
GS,78930,KOSPI,분류안됨,분류안됨,0.03,0,50.2,0.08,상승장 (보수적 반영),105600.0,3.326810176125239,2.0105445816983125,-0.2414093540505434,-0.5770829016466554,-0.479019963721921,0,0,92.0,1.9,35.8,110.5,403.6,380.3,465.7,0.82,False,False,0.0,107500.0,110000.0,114770.0,0.0,98097.44031311154,4.78,5.55,0.0,0.35,1,50.0,0.0,중립,False,최근 중요 공시 신호 없음,0.0,-1.4,회피,-0.08,8.01,Low,RiskOn,중형,0.0027,-0.1415,-0.54,-0.2549,1,0.0743,0.5492,-0.0554,-0.1055,3,2,-4.607046070460708,-12.0,-15.923566878980889,-15.923566878980889,4.0,16.09,1.9,0.0,연기금,미확인,"중형주 핵심 연기금, 외국인 67, 연기금 0, 투신·사모 0, 지속성 40",-5.89,-13.94,0.4,"시장대비 5일 -5.9%p·20일 -13.9%p, 거래대금 상위 77%, 추세 0",조건미충족,False,0.0,"조건미충족: 20일 -12.0%, 고점대비 -15.9%, MA20 이격 -8.0%, 거래대금 0.82배",0.16,RiskOn,회피,관찰,0.0,역배열/추세 훼손,매도/제외,제외,연기금 수급 0.0 · 주도성 0.4 · 조건미충족 · 공시 중립,제외
한올바이오파마,9420,KOSPI,분류안됨,분류안됨,0.03,0,42.2,-3.12,상승장 (보수적 반영),46050.0,-5.051546391752582,0.9610128870156648,-0.9280644591628792,-0.3869782525463632,-0.5912856251287796,0,0,93.8,2.8,36.0,93.6,117.8,134.3,118.6,1.13,False,False,0.0,45060.0,46045.0,49080.0,0.0,24056.14020618557,-110.27,-3.37,0.0,0.35,1,50.0,0.0,중립,False,최근 중요 공시 신호 없음,0.0,-1.4,회피,-0.06,7.95,Low,RiskOn,중형,-0.2345,-0.3535,-0.5906,-0.5048,1,0.1346,0.0984,-0.0268,-0.055,3,1,-1.1802575107296098,-16.272727272727273,-17.02702702702703,-17.02702702702703,0.0,0.0,0.48,0.0,연기금,미확인,"중형주 핵심 연기금, 외국인 39, 연기금 0, 투신·사모 0, 지속성 20",-2.46,-18.21,8.82,"시장대비 5일 -2.5%p·20일 -18.2%p, 거래대금 상위 44%, 추세 0",조건미충족,False,0.0,"조건미충족: 20일 -16.3%, 고점대비 -17.0%, MA20 이격 -6.2%, 거래대금 1.13배",2.31,RiskOn,회피,관찰,0.0,역배열/추세 훼손,매도/제외,제외,연기금 수급 0.0 · 주도성 8.8 · 조건미충족 · 공시 중립,제외
롯데쇼핑,23530,KOSPI,분류안됨,분류안됨,0.03,1,47.6,-0.96,상승장 (보수적 반영),101100.0,-0.1974333662388971,-2.183548249210527,-0.0271726456355853,0.1406188694944665,-0.1204421550893825,2,0,92.2,1.4,45.8,67.8,60.3,80.6,165.2,0.49,False,False,0.0,101680.0,106150.0,109615.0,0.0,28599.423494570583,17.45,0.34,0.0,0.35,1,50.0,0.0,중립,False,최근 중요 공시 신호 없음,0.0,-1.4,회피,-0.06,9.15,Low,RiskOn,중형,-0.0582,-0.2861,-0.7277,-0.1075,2,0.2537,-0.2705,0.0037,-0.1344,4,2,-2.694898941289703,-3.9886039886039892,-15.32663316582915,-15.32663316582915,0.0,0.0,0.24,0.0,연기금,미확인,"중형주 핵심 연기금, 외국인 31, 연기금 0, 투신·사모 0, 지속성 40",-3.97,-5.93,10.44,"시장대비 5일 -4.0%p·20일 -5.9%p, 거래대금 상위 52%, 추세 0",조건미충족,False,0.0,"조건미충족: 20일 -4.0%, 고점대비 -15.3%, MA20 이격 -7.8%, 거래대금 0.49배",3.41,RiskOn,회피,관찰,0.0,역배열/추세 훼손,매도/제외,제외,연기금 수급 0.0 · 주도성 10.4 · 조건미충족 · 공시 중립,제외
롯데웰푸드,280360,KOSPI,분류안됨,분류안됨,0.03,0,47.4,-1.04,상승장 (보수적 반영),119100.0,-2.1364009860312283,0.6053922617260619,0.3690687998350274,-0.233693605622204,-0.3356344564113601,1,0,89.8,0.7,20.4,115.2,16.1,14.5,25.3,0.57,False,False,0.0,123000.0,124680.0,132685.0,0.0,10961.701725554642,15.7,3.34,0.0,0.35,1,50.0,0.0,중립,False,최근 중요 공시 신호 없음,0.0,-1.4,회피,-0.06,7.95,Low,RiskOn,중형,-0.0184,0.0395,-0.2077,-0.3633,0,0.0016,0.1837,-0.05,-0.0163,2,2,-4.183427192276746,-19.85195154777928,-18.758526603001368,-19.85195154777928,0.0,0.0,1.94,0.0,연기금,유지,"중형주 핵심 연기금, 외국인 27, 연기금 9, 투신·사모 0, 지속성 40",-5.46,-21.79,0.0,"시장대비 5일 -5.5%p·20일 -21.8%p, 거래대금 상위 12%, 추세 0",조건미충족,False,0.0,"조건미충족: 20일 -19.9%, 고점대비 -18.8%, MA20 이격 -10.2%, 거래대금 0.57배",0.0,RiskOn,회피,관찰,0.0,연기금 10일 순매수 · 역배열/추세 훼손,매도/제외,제외,연기금 수급 0.0 · 주도성 0.0 · 조건미충족 · 공시 중립,제외
현대제철,4020,KOSPI,분류안됨,분류안됨,0.03,0,42.4,-3.04,상승장 (보수적 반영),30000.0,-1.1532125205930832,-2.1003624551563784,0.637756979761317,-0.086000024781893,-0.1172661676337448,1,0,91.4,2.6,44.2,54.2,135.8,205.3,259.8,0.79,False,False,0.0,30320.0,32435.0,32830.0,0.0,40032.9489291598,-248.9,-0.04,0.0,0.35,1,50.0,0.0,중립,False,최근 중요 공시 신호 없음,0.0,-1.4,회피,-0.06,8.56,Low,RiskOn,중형,-0.318,-0.1789,-0.6915,-0.6049,0,0.3441,-0.813,-0.1972,-0.0493,3,0,-6.103286384976525,0.33444816053511683,-16.666666666666664,-16.666666666666664,0.0,0.0,2.55,0.0,연기금,미확인,"중형주 핵심 연기금, 외국인 0, 연기금 0, 투신·사모 0, 지속성 0",-7.38,-1.61,0.0,"시장대비 5일 -7.4%p·20일 -1.6%p, 거래대금 상위 62%, 추세 0",조건미충족,False,0.0,"조건미충족: 20일 +0.3%, 고점대비 -16.7%, MA20 이격 -8.6%, 거래대금 0.79배",0.0,RiskOn,회피,관찰,0.0,역배열/추세 훼손,매도/제외,제외,연기금 수급 0.0 · 주도성 0.0 · 조건미충족 · 공시 중립,제외
한화손해보험,370,KOSPI,분류안됨,분류안됨,0.02,2,43.0,-2.8,상승장 (보수적 반영),7320.0,0.5494505494505475,1.035323608087792,-0.2234755695393451,0.1958040675723121,-0.0355236747058452,0,1,91.0,2.0,28.8,48.5,19.3,34.6,55.6,0.62,False,False,0.0,7534.0,7750.0,8044.0,0.0,8544.692307692307,0.0,0.0,0.0,0.35,1,50.0,0.0,중립,False,최근 중요 공시 신호 없음,0.0,-1.4,회피,-0.05,8.54,Low,RiskOn,소형,0.0527,-0.3491,-0.2867,0.1339,4,-0.0992,0.3284,0.0724,0.0116,2,2,-3.8107752956636043,-14.685314685314687,-18.212290502793294,-18.212290502793294,0.0,0.0,2.67,0.0,연기금,미확인,"소형주 핵심 연기금, 외국인 21, 연기금 0, 투신·사모 55, 지속성 40",-5.09,-16.63,0.0,"시장대비 5일 -5.1%p·20일 -16.6%p, 거래대금 상위 28%, 추세 0",조건미충족,False,0.0,"조건미충족: 20일 -14.7%, 고점대비 -18.2%, MA20 이격 -9.0%, 거래대금 0.62배",0.0,RiskOn,회피,관찰,0.0,역배열/추세 훼손,매도/제외,제외,연기금 수급 0.0 · 주도성 0.0 · 조건미충족 · 공시 중립,제외
삼성생명,32830,KOSPI,분류안됨,분류안됨,0.02,0,47.2,-1.12,상승장 (보수적 반영),287500.0,1.232394366197176,-0.0339622426086956,-0.028556412173913,-0.0076254382608695,-0.0001957913043478,0,0,97.6,0.6,42.2,74.8,520.7,674.7,865.0,0.78,False,False,0.0,288000.0,288050.0,294425.0,0.0,575000.0,22.09,4.96,0.0,0.35,1,50.0,0.0,중립,False,최근 중요 공시 신호 없음,0.0,-1.4,회피,-0.04,9.0,Low,RiskOn,대형,-0.024,-0.038,-0.044,-0.1962,2,-0.0055,-0.0461,-0.0078,0.005,2,1,-2.376910016977929,-2.2108843537414935,-7.8525641025641075,-7.8525641025641075,8.0,26.31,1.76,0.0,외국인,미확인,"대형주 핵심 외국인, 외국인 0, 연기금 0, 투신·사모 0, 지속성 40",-3.66,-4.15,22.53,"시장대비 5일 -3.7%p·20일 -4.2%p, 거래대금 상위 88%, 추세 0",조건미충족,False,0.0,"조건미충족: 20일 -2.2%, 고점대비 -7.9%, MA20 이격 -2.4%, 거래대금 0.78배",7.61,RiskOn,회피,관찰,0.0,역배열/추세 훼손,매도/제외,제외,외국인 수급 0.0 · 주도성 22.5 · 조건미충족 · 공시 중립,제외
카카오뱅크,323410,KOSPI,분류안됨,분류안됨,0.02,1,48.0,-0.8,상승장 (보수적 반영),19710.0,-0.2530364372469673,-0.5701133083560888,0.0660786480386401,0.0404823044095041,-0.0294799533256401,0,1,94.5,0.8,26.1,78.7,120.8,141.5,161.7,0.88,False,False,0.0,20022.0,20148.0,20851.5,0.6768,94039.4423076923,18.7,7.23,0.0,0.35,1,50.0,0.0,중립,False,최근 중요 공시 신호 없음,0.0,-1.4,회피,-0.04,7.99,Low,RiskOn,중형,-0.0069,0.0165,-0.015,-0.6449,1,-0.1674,-0.4717,0.0043,-0.0246,1,2,-1.0542168674698815,-9.999999999999998,-10.612244897959188,-10.612244897959188,0.0,0.0,1.9,9.68,연기금,유지,"중형주 핵심 연기금, 외국인 0, 연기금 9, 투신·사모 0, 지속성 40",-2.33,-11.94,12.19,"시장대비 5일 -2.3%p·20일 -11.9%p, 거래대금 상위 51%, 추세 0",조건미충족,False,0.0,"조건미충족: 20일 -10.0%, 고점대비 -10.6%, MA20 이격 -5.5%, 거래대금 0.88배",8.42,RiskOn,회피,관찰,0.0,연기금 10일 순매수 · 역배열/추세 훼손,매도/제외,제외,연기금 수급 9.7 · 주도성 12.2 · 조건미충족 · 공시 중립,제외
NAVER,35420,KOSPI,분류안됨,분류안됨,0.02,0,47.2,-1.12,상승장 (보수적 반영),192100.0,0.4707112970711247,-0.2901668155995898,-0.566138736503778,-0.4452668925636892,-0.1874853156612508,0,0,94.9,1.9,35.7,59.0,800.5,1086.5,1294.6,0.84,False,False,0.0,193900.0,195980.0,202465.0,0.0,292172.84728033474,16.14,7.37,0.0,0.35,1,50.0,0.0,중립,False,최근 중요 공시 신호 없음,0.0,-1.4,회피,-0.04,8.55,Low,RiskOn,대형,-0.1238,-0.4731,-0.7687,-0.5455,1,-0.0292,-0.3832,-0.0503,-0.053,1,1,-1.335387776065744,-8.086124401913874,-11.880733944954125,-11.880733944954125,4.0,21.48,0.88,0.0,외국인,미확인,"대형주 핵심 외국인, 외국인 0, 연기금 0, 투신·사모 0, 지속성 20",-2.61,-10.03,20.85,"시장대비 5일 -2.6%p·20일 -10.0%p, 거래대금 상위 94%, 추세 0",조건미충족,False,0.0,"조건미충족: 20일 -8.1%, 고점대비 -11.9%, MA20 이격 -5.1%, 거래대금 0.84배",7.02,RiskOn,회피,관찰,0.0,역배열/추세 훼손,매도/제외,제외,외국인 수급 0.0 · 주도성 20.9 · 조건미충족 · 공시 중립,제외
LG,3550,KOSPI,분류안됨,분류안됨,0.01,0,47.2,-1.12,상승장 (보수적 반영),110700.0,0.8196721311475308,-0.4285491705855688,0.0981557394432553,-0.012579904915935,-0.0086745150983026,0,0,96.6,0.6,40.6,58.0,111.9,185.3,299.1,0.62,False,False,0.0,111340.0,112010.0,114610.0,0.0,167368.72131147538,24.52,2.64,0.0,0.35,1,50.0,0.0,중립,False,최근 중요 공시 신호 없음,0.0,-1.4,회피,-0.01,8.54,Low,RiskOn,대형,-0.0022,0.0389,0.0351,-0.0646,1,-0.0145,-0.0826,-0.0004,-0.0017,2,2,-1.072386058981234,-6.5822784810126596,-11.084337349397588,-11.084337349397588,0.0,1.32,0.62,0.0,외국인,미확인,"대형주 핵심 외국인, 외국인 0, 연기금 23, 투신·사모 0, 지속성 40",-2.35,-8.52,15.21,"시장대비 5일 -2.4%p·20일 -8.5%p, 거래대금 상위 66%, 추세 0",조건미충족,False,0.0,"조건미충족: 20일 -6.6%, 고점대비 -11.1%, MA20 이격 -3.4%, 거래대금 0.62배",5.04,RiskOn,회피,관찰,0.0,연기금 10일 순매수 · 역배열/추세 훼손,매도/제외,제외,외국인 수급 0.0 · 주도성 15.2 · 조건미충족 · 공시 중립,제외
두산밥캣,241560,KOSPI,분류안됨,분류안됨,0.01,1,51.0,0.4,상승장 (보수적 반영),55200.0,0.9140767824497242,-0.272217072809551,-0.0450690613894557,-0.0326751156686642,-0.0358937296997659,0,1,92.6,1.0,26.3,40.9,45.1,101.0,88.3,1.14,False,False,0.0,55560.0,57140.0,59630.0,0.0,52912.27787934186,12.12,5.71,0.0,0.35,1,50.0,0.0,중립,False,최근 중요 공시 신호 없음,0.0,-1.4,회피,-0.01,7.65,Low,RiskOn,중형,-0.0215,-0.0308,-0.0867,-0.6587,0,-0.0766,-0.3354,-0.0156,-0.0345,2,2,-4.3327556325823195,-8.30564784053156,-13.343799058084771,-13.343799058084771,0.0,0.0,1.5,0.0,연기금,미확인,"중형주 핵심 연기금, 외국인 0, 연기금 0, 투신·사모 0, 지속성 40",-5.61,-10.25,0.0,"시장대비 5일 -5.6%p·20일 -10.2%p, 거래대금 상위 36%, 추세 0",조건미충족,False,0.0,"조건미충족: 20일 -8.3%, 고점대비 -13.3%, MA20 이격 -7.4%, 거래대금 1.14배",0.1,RiskOn,회피,관찰,0.0,역배열/추세 훼손,매도/제외,제외,연기금 수급 0.0 · 주도성 0.0 · 조건미충족 · 공시 중립,제외
오뚜기,7310,KOSPI,분류안됨,분류안됨,0.01,1,48.0,-0.8,상승장 (보수적 반영),316000.0,0.9584664536741228,-0.1376990543918319,0.0500429555054814,-0.0052583931144649,0.0007183223912587,0,1,97.7,0.3,33.6,77.1,6.5,8.0,10.2,0.78,False,False,40.0,316100.0,315150.0,323275.0,0.2023,12664.230031948882,18.47,3.35,0.0,0.35,1,50.0,0.0,중립,False,최근 중요 공시 신호 없음,0.0,-1.4,회피,-0.02,8.48,Low,RiskOn,중형,0.0014,-0.0037,-0.0042,0.058,2,-0.0332,-0.1445,0.0041,0.0158,1,2,1.4446227929374,-5.952380952380953,-6.092124814264488,-6.092124814264488,0.0,0.0,1.71,0.0,연기금,미확인,"중형주 핵심 연기금, 외국인 0, 연기금 0, 투신·사모 30, 지속성 40",0.17,-7.89,18.97,"시장대비 5일 +0.2%p·20일 -7.9%p, 거래대금 상위 3%, 추세 40",조건미충족,False,0.0,"조건미충족: 20일 -6.0%, 고점대비 -6.1%, MA20 이격 -2.3%, 거래대금 0.78배",6.44,RiskOn,회피,관찰,0.0,역배열/추세 훼손,매도/제외,제외,연기금 수급 0.0 · 주도성 19.0 · 조건미충족 · 공시 중립,제외
금호석유화학,11780,KOSPI,분류안됨,분류안됨,0.0,0,50.2,0.08,상승장 (보수적 반영),117300.0,1.2953367875647714,-0.1729826173870201,-0.0526687712302025,-0.0039846106425185,-0.0328600614084651,0,0,96.3,1.0,30.3,55.9,35.0,57.0,94.2,0.61,False,False,0.0,116600.0,117760.0,121830.0,0.0,29509.357512953367,7.26,4.74,0.0,0.35,1,50.0,0.0,중립,False,최근 중요 공시 신호 없음,0.0,-1.4,회피,-0.01,8.61,Low,RiskOn,중형,-0.0635,-0.1855,-0.24,-0.2845,1,-0.0145,-0.1287,-0.0137,-0.0063,2,0,0.34217279726260763,-7.783018867924529,-11.87077385424493,-11.87077385424493,0.0,0.0,0.0,0.0,연기금,미확인,"중형주 핵심 연기금, 외국인 0, 연기금 0, 투신·사모 0, 지속성 0",-0.94,-9.72,12.16,"시장대비 5일 -0.9%p·20일 -9.7%p, 거래대금 상위 38%, 추세 0",조건미충족,False,0.0,"조건미충족: 20일 -7.8%, 고점대비 -11.9%, MA20 이격 -3.7%, 거래대금 0.61배",4.28,RiskOn,회피,관찰,0.0,역배열/추세 훼손,매도/제외,제외,연기금 수급 0.0 · 주도성 12.2 · 조건미충족 · 공시 중립,제외
POSCO홀딩스,5490,KOSPI,분류안됨,분류안됨,0.0,2,48.0,-0.8,상승장 (보수적 반영),311000.0,1.4681892332789603,-0.3593334130831594,0.0036704789259159,0.1481951747703438,-0.0361144001601924,0,1,96.0,1.1,34.1,86.9,506.9,559.0,683.1,0.82,False,False,0.0,308800.0,313950.0,323850.0,0.0,246440.86460032628,20.25,1.18,0.0,0.35,1,50.0,0.0,중립,False,최근 중요 공시 신호 없음,0.0,-1.4,회피,0.0,9.47,Low,RiskOn,대형,-0.0422,-0.1579,-0.235,-0.4285,1,-0.1448,-0.2847,0.0027,-0.0069,1,3,-0.16051364365970988,-5.757575757575761,-9.064327485380119,-9.064327485380119,4.0,24.26,2.65,0.0,외국인,미확인,"대형주 핵심 외국인, 외국인 0, 연기금 0, 투신·사모 0, 지속성 20",-1.44,-7.7,23.28,"시장대비 5일 -1.4%p·20일 -7.7%p, 거래대금 상위 84%, 추세 0",조건미충족,False,0.0,"조건미충족: 20일 -5.8%, 고점대비 -9.1%, MA20 이격 -4.0%, 거래대금 0.82배",7.95,RiskOn,회피,관찰,0.0,역배열/추세 훼손,매도/제외,제외,외국인 수급 0.0 · 주도성 23.3 · 조건미충족 · 공시 중립,제외
삼성카드,29780,KOSPI,분류안됨,분류안됨,0.0,0,50.2,0.08,상승장 (보수적 반영),42000.0,0.3584229390680926,-0.1407151502532395,-0.039618804360316,-0.1216953703462266,0.0061830410950731,0,0,94.7,0.4,20.6,40.8,17.7,39.0,40.6,0.96,False,False,0.0,42380.0,42855.0,44330.0,0.0,48659.78494623656,8.51,7.45,0.0,0.35,1,50.0,0.0,중립,False,최근 중요 공시 신호 없음,0.0,-1.4,회피,0.0,8.54,Low,RiskOn,중형,-0.0127,-0.018,-0.0962,-0.4427,2,0.0493,-0.0763,-0.0546,0.0057,2,0,-1.0600706713780883,-7.488986784140971,-9.967845659163988,-9.967845659163988,0.0,0.0,0.01,0.0,연기금,미확인,"중형주 핵심 연기금, 외국인 6, 연기금 0, 투신·사모 0, 지속성 0",-2.34,-9.43,9.44,"시장대비 5일 -2.3%p·20일 -9.4%p, 거래대금 상위 22%, 추세 0",조건미충족,False,0.0,"조건미충족: 20일 -7.5%, 고점대비 -10.0%, MA20 이격 -5.3%, 거래대금 0.96배",3.32,RiskOn,회피,관찰,0.0,역배열/추세 훼손,매도/제외,제외,연기금 수급 0.0 · 주도성 9.4 · 조건미충족 · 공시 중립,제외
롯데정밀화학,4000,KOSPI,분류안됨,분류안됨,0.0,0,50.2,0.08,상승장 (보수적 반영),42500.0,-0.234741784037562,-0.1780757114596157,-0.4832858523577584,-0.0663484819140395,-0.0053063278702563,0,0,94.9,0.7,29.9,57.8,9.8,15.9,21.9,0.73,False,False,0.0,43200.0,43665.0,44777.5,0.0,10964.201877934272,5.95,4.42,0.0,0.35,1,50.0,0.0,중립,False,최근 중요 공시 신호 없음,0.0,-1.4,회피,0.0,8.45,Low,RiskOn,중형,-0.0852,-0.2603,-0.2938,-0.4311,2,0.0266,-0.175,-0.0136,-0.0006,1,0,-1.39211136890951,-7.508161044613715,-9.090909090909093,-9.090909090909093,0.0,0.0,0.0,0.0,연기금,미확인,"중형주 핵심 연기금, 외국인 0, 연기금 0, 투신·사모 0, 지속성 0",-2.67,-9.45,7.0,"시장대비 5일 -2.7%p·20일 -9.4%p, 거래대금 상위 10%, 추세 0",조건미충족,False,0.0,"조건미충족: 20일 -7.5%, 고점대비 -9.1%, MA20 이격 -5.1%, 거래대금 0.73배",2.47,RiskOn,회피,관찰,0.0,역배열/추세 훼손,매도/제외,제외,연기금 수급 0.0 · 주도성 7.0 · 조건미충족 · 공시 중립,제외
한국카본,17960,KOSPI,분류안됨,분류안됨,0.0,3,43.8,-2.48,상승장 (보수적 반영),20600.0,1.4778325123152802,0.0019844143844808,-0.4028005898359047,-0.1938998829629697,-0.0392608081714439,0,2,96.9,1.2,36.6,83.5,22.4,26.0,33.4,0.78,False,False,0.0,20242.0,20496.0,21255.5,0.0,10645.024630541871,0.0,0.0,0.0,0.35,1,50.0,0.0,중립,False,최근 중요 공시 신호 없음,0.0,-1.4,회피,0.0,6.97,Low,RiskOn,중형,0.0027,-0.0817,-0.2512,-0.3937,1,-0.1082,-0.127,-0.0524,-0.0198,1,2,1.7283950617283939,-6.997742663656881,-8.849557522123897,-8.849557522123897,0.0,0.0,3.02,0.0,연기금,미확인,"중형주 핵심 연기금, 외국인 0, 연기금 0, 투신·사모 0, 지속성 40",0.45,-8.94,14.8,"시장대비 5일 +0.5%p·20일 -8.9%p, 거래대금 상위 18%, 추세 0",조건미충족,False,0.0,"조건미충족: 20일 -7.0%, 고점대비 -8.8%, MA20 이격 -3.1%, 거래대금 0.78배",4.56,RiskOn,회피,관찰,0.0,역배열/추세 훼손,매도/제외,제외,연기금 수급 0.0 · 주도성 14.8 · 조건미충족 · 공시 중립,제외
LG화학,51910,KOSPI,분류안됨,분류안됨,0.0,3,43.0,-2.8,상승장 (보수적 반영),260500.0,1.3618677042801508,-0.7773784088426955,0.3958701789875763,0.1918836892325421,-0.0649770040078559,0,1,97.4,1.2,39.3,71.0,332.5,452.3,527.3,0.86,False,False,0.0,256200.0,258100.0,267425.0,0.4531,183892.72762645915,-14.52,-5.5,0.0,0.35,1,50.0,0.0,중립,False,최근 중요 공시 신호 없음,0.0,-1.4,회피,-0.01,7.94,Low,RiskOn,대형,0.0183,0.0207,-0.0283,-0.0516,3,-0.0558,-0.2141,0.0047,-0.0099,2,3,3.168316831683171,-3.1598513011152463,-9.233449477351918,-9.233449477351918,12.0,23.91,6.24,0.0,외국인,미확인,"대형주 핵심 외국인, 외국인 0, 연기금 31, 투신·사모 0, 지속성 40",1.89,-5.1,30.56,"시장대비 5일 +1.9%p·20일 -5.1%p, 거래대금 상위 79%, 추세 0",조건미충족,False,0.0,"조건미충족: 20일 -3.2%, 고점대비 -9.2%, MA20 이격 -2.6%, 거래대금 0.86배",10.0,RiskOn,회피,관찰,0.0,연기금 10일 순매수 · 역배열/추세 훼손,매도/제외,제외,외국인 수급 0.0 · 주도성 30.6 · 조건미충족 · 공시 중립,제외
카카오,35720,KOSPI,분류안됨,분류안됨,0.0,0,47.2,-1.12,상승장 (보수적 반영),33350.0,-0.5961251862891204,-0.3114441716644201,-0.1530909221855504,-0.02952967044797,0.0368222322339698,0,0,97.1,1.1,37.2,106.2,367.0,329.9,479.2,0.69,False,False,40.0,33660.0,33615.0,34337.5,0.0,147740.00298062593,44.57,4.59,0.0,0.35,1,50.0,0.0,중립,False,최근 중요 공시 신호 없음,0.0,-1.4,회피,0.0,7.94,Low,RiskOn,대형,-0.0405,-0.0992,-0.0482,-0.2135,1,-0.0306,-0.1061,0.0048,-0.0182,1,2,-0.2989536621823663,-4.985754985754987,-8.755129958960328,-8.755129958960328,4.0,31.95,0.94,0.0,외국인,미확인,"대형주 핵심 외국인, 외국인 0, 연기금 0, 투신·사모 0, 지속성 20",-1.58,-6.93,29.61,"시장대비 5일 -1.6%p·20일 -6.9%p, 거래대금 상위 78%, 추세 40",조건미충족,False,0.0,"조건미충족: 20일 -5.0%, 고점대비 -8.8%, MA20 이격 -2.9%, 거래대금 0.69배",10.08,RiskOn,회피,관찰,0.0,역배열/추세 훼손,매도/제외,제외,외국인 수급 0.0 · 주도성 29.6 · 조건미충족 · 공시 중립,제외
카카오페이,377300,KOSPI,분류안됨,분류안됨,0.0,0,47.4,-1.04,상승장 (보수적 반영),40050.0,0.0,-0.1682056369608947,-0.132842823001827,-0.0618705178363814,-0.0083999732408142,1,0,92.8,0.5,37.4,70.5,37.7,49.8,112.3,0.44,False,False,0.0,40240.0,40295.0,43155.0,0.0,54187.0,74.65,2.41,0.0,0.35,1,50.0,0.0,중립,False,최근 중요 공시 신호 없음,0.0,-1.4,회피,0.0,7.98,Low,RiskOn,중형,-0.0171,-0.1287,-0.1415,-0.1566,1,-0.0043,-0.0179,-0.0129,-0.0002,2,2,-1.4760147601476037,-10.502793296089386,-17.3374613003096,-17.3374613003096,0.0,0.0,0.0,0.0,연기금,미확인,"중형주 핵심 연기금, 외국인 0, 연기금 0, 투신·사모 0, 지속성 40",-2.75,-12.44,8.44,"시장대비 5일 -2.8%p·20일 -12.4%p, 거래대금 상위 42%, 추세 0",조건미충족,False,0.0,"조건미충족: 20일 -10.5%, 고점대비 -17.3%, MA20 이격 -7.2%, 거래대금 0.44배",2.69,RiskOn,회피,관찰,0.0,역배열/추세 훼손,매도/제외,제외,연기금 수급 0.0 · 주도성 8.4 · 조건미충족 · 공시 중립,제외
유안타증권,3470,KOSPI,분류안됨,분류안됨,0.0,0,42.2,-3.12,상승장 (보수적 반영),4350.0,-0.4576659038901587,-0.4312622509678652,-0.0016830692235236,0.1016632304365631,0.0372700903104267,0,0,95.0,0.5,29.9,91.7,7.7,8.1,11.5,0.7,False,False,0.0,4368.0,4427.5,4579.75,0.0,8381.464530892448,0.0,0.0,0.0,0.35,1,50.0,0.0,중립,False,최근 중요 공시 신호 없음,0.0,-1.4,회피,0.0,7.39,Low,RiskOn,소형,0.0027,0.0026,-0.0107,-0.269,0,-0.0567,-0.2605,-0.0113,0.0001,1,1,-1.3605442176870763,-6.951871657754005,-9.657320872274145,-9.657320872274145,0.0,0.0,0.26,0.0,연기금,유지,"소형주 핵심 연기금, 외국인 0, 연기금 12, 투신·사모 0, 지속성 20",-2.64,-8.89,6.01,"시장대비 5일 -2.6%p·20일 -8.9%p, 거래대금 상위 5%, 추세 0",조건미충족,False,0.0,"조건미충족: 20일 -7.0%, 고점대비 -9.7%, MA20 이격 -5.0%, 거래대금 0.70배",1.32,RiskOn,회피,관찰,0.0,연기금 10일 순매수 · 역배열/추세 훼손,매도/제외,제외,연기금 수급 0.0 · 주도성 6.0 · 조건미충족 · 공시 중립,제외
한화,880,KOSPI,분류안됨,분류안됨,0.0,0,47.4,-1.04,상승장 (보수적 반영),127300.0,2.495974235104681,0.4666485738807784,0.0672527678949026,0.017701383924324,-0.056771994315377,1,0,94.8,0.8,44.0,85.6,90.5,108.5,146.7,0.74,False,False,0.0,127180.0,130000.0,134240.0,0.0,67887.18357487924,16.11,3.3,0.0,0.35,1,50.0,0.0,중립,False,최근 중요 공시 신호 없음,0.0,-1.4,회피,-0.01,7.98,Low,RiskOn,중형,-0.008,-0.01,-0.0361,0.0614,2,0.0529,0.0804,0.0127,-0.0178,3,0,-2.076923076923076,0.6324110671936722,-11.41266527487822,-11.41266527487822,5.0,0.0,1.63,0.0,연기금,미확인,"중형주 핵심 연기금, 외국인 26, 연기금 0, 투신·사모 0, 지속성 0",-3.36,-1.31,14.46,"시장대비 5일 -3.4%p·20일 -1.3%p, 거래대금 상위 48%, 추세 0",조건미충족,False,0.0,"조건미충족: 20일 +0.6%, 고점대비 -11.4%, MA20 이격 -5.2%, 거래대금 0.74배",4.8,RiskOn,회피,관찰,0.0,역배열/추세 훼손,매도/제외,제외,연기금 수급 0.0 · 주도성 14.5 · 조건미충족 · 공시 중립,제외
하이브,352820,KOSPI,분류안됨,분류안됨,0.0,0,42.2,-3.12,상승장 (보수적 반영),155100.0,-0.7042253521126751,-0.5749639905024451,-0.4080340656840476,-0.1297821567353556,-0.2231473019689035,0,0,92.6,2.1,29.6,71.1,220.6,284.8,296.6,0.96,False,False,0.0,157700.0,159560.0,167475.0,0.0,66857.8309859155,-19.59,-7.33,0.0,0.35,1,50.0,0.0,중립,False,최근 중요 공시 신호 없음,0.0,-1.4,회피,0.0,6.94,Low,RiskOn,중형,-0.0588,-0.2856,-0.5787,-0.2783,1,-0.036,-0.6299,0.0179,-0.0646,2,2,-1.0841836734693855,-11.724530449630056,-14.498346196251378,-14.498346196251378,8.0,0.0,1.76,0.0,연기금,미확인,"중형주 핵심 연기금, 외국인 0, 연기금 0, 투신·사모 0, 지속성 40",-2.36,-13.67,15.1,"시장대비 5일 -2.4%p·20일 -13.7%p, 거래대금 상위 65%, 추세 0",조건미충족,False,0.0,"조건미충족: 20일 -11.7%, 고점대비 -14.5%, MA20 이격 -7.4%, 거래대금 0.96배",4.5,RiskOn,회피,관찰,0.0,역배열/추세 훼손,매도/제외,제외,연기금 수급 0.0 · 주도성 15.1 · 조건미충족 · 공시 중립,제외
CJ CGV,79160,KOSPI,분류안됨,분류안됨,0.0,1,42.2,-3.12,상승장 (보수적 반영),5030.0,0.1992031872509958,0.1871916703054052,0.0528926450679943,0.0441873143238738,0.0432387515331495,0,0,95.1,0.9,42.6,61.9,10.6,15.8,18.6,0.85,False,False,0.0,5096.0,5165.0,5287.0,0.0183,8328.557768924304,0.0,0.0,0.0,0.35,1,50.0,0.0,중립,False,최근 중요 공시 신호 없음,0.0,-1.4,회피,0.0,7.51,Low,RiskOn,소형,-0.0333,0.0334,0.0304,-0.3008,1,-0.0683,-0.2067,-0.0004,0.0007,2,0,-2.895752895752901,-4.914933837429114,-10.4982206405694,-10.4982206405694,0.0,0.0,0.65,0.0,연기금,미확인,"소형주 핵심 연기금, 외국인 0, 연기금 0, 투신·사모 3, 지속성 0",-4.17,-6.86,0.0,"시장대비 5일 -4.2%p·20일 -6.9%p, 거래대금 상위 9%, 추세 0",조건미충족,False,0.0,"조건미충족: 20일 -4.9%, 고점대비 -10.5%, MA20 이격 -4.9%, 거래대금 0.85배",0.0,RiskOn,회피,관찰,0.0,연기금 10일 순매수 · 역배열/추세 훼손,매도/제외,제외,연기금 수급 0.0 · 주도성 0.0 · 조건미충족 · 공시 중립,제외
에이비엘바이오,298380,KOSDAQ,분류안됨,분류안됨,0.0,0,42.2,-3.12,상승장 (보수적 반영),51500.0,-3.917910447761197,1.3839999664566651,-0.971697232629564,-0.5199247774664364,-0.1946172796963499,0,0,86.8,3.2,29.9,63.3,133.0,185.0,207.2,0.89,False,False,0.0,50620.0,52300.0,59315.0,0.0,28833.274253731342,-47.75,-23.48,0.0,0.35,1,50.0,0.0,중립,False,최근 중요 공시 신호 없음,0.0,-1.4,회피,0.0,6.94,Low,RiskOn,중형,-0.0003,-0.4553,-0.8061,-0.0009,3,0.0254,0.878,0.0271,-0.0402,2,2,1.3779527559055094,-25.685425685425688,-27.871148459383754,-27.871148459383754,12.0,0.0,3.33,0.0,연기금,미확인,"중형주 핵심 연기금, 외국인 72, 연기금 0, 투신·사모 0, 지속성 40",0.1,-27.63,16.92,"시장대비 5일 +0.1%p·20일 -27.6%p, 거래대금 상위 58%, 추세 0",조건미충족,False,0.0,"조건미충족: 20일 -25.7%, 고점대비 -27.9%, MA20 이격 -13.2%, 거래대금 0.89배",5.14,RiskOn,회피,관찰,0.0,역배열/추세 훼손,매도/제외,제외,연기금 수급 0.0 · 주도성 16.9 · 조건미충족 · 공시 중립,제외
LG화학우,51915,KOSPI,분류안됨,분류안됨,0.0,0,42.2,-3.12,상승장 (보수적 반영),116200.0,2.108963093145877,-0.8947854598774898,-0.0392276132467757,0.1231110401601835,0.0674036280910589,0,0,96.5,0.7,35.7,108.0,13.3,12.8,22.8,0.56,False,False,0.0,114540.0,115700.0,120380.0,0.7149,8933.513181019332,0.0,0.0,0.0,0.35,1,50.0,0.0,중립,False,최근 중요 공시 신호 없음,0.0,-1.4,회피,0.0,6.94,Low,RiskOn,소형,0.0,0.0002,0.0,-0.2385,2,-0.1219,-0.4166,0.0001,0.0,2,0,1.6622922134733153,-5.451586655817742,-10.615384615384615,-10.615384615384615,0.0,0.0,0.32,0.0,연기금,유지,"소형주 핵심 연기금, 외국인 0, 연기금 1, 투신·사모 1, 지속성 0",0.38,-7.39,10.14,"시장대비 5일 +0.4%p·20일 -7.4%p, 거래대금 상위 11%, 추세 0",조건미충족,False,0.0,"조건미충족: 20일 -5.5%, 고점대비 -10.6%, MA20 이격 -3.5%, 거래대금 0.56배",2.77,RiskOn,회피,관찰,0.0,연기금 10일 순매수 · 역배열/추세 훼손,매도/제외,제외,연기금 수급 0.0 · 주도성 10.1 · 조건미충족 · 공시 중립,제외
STX엔진,77970,KOSPI,분류안됨,분류안됨,0.0,1,42.8,-2.88,상승장 (보수적 반영),22650.0,0.6666666666666599,-0.6515451402253548,0.094728825432575,-0.040995323988642,-0.0141315012723765,3,0,97.7,1.2,47.6,58.6,16.4,22.4,30.9,0.72,False,False,0.0,22090.0,22585.0,23180.0,0.0,9093.22,0.0,0.0,0.0,0.35,1,50.0,0.0,중립,False,최근 중요 공시 신호 없음,0.0,0.0,대기,0.0,6.94,Low,RiskOn,소형,0.0206,0.0197,0.0614,0.2416,5,0.0047,-0.4257,0.0574,0.0017,4,1,3.1890660592255093,-2.370689655172409,-8.669354838709676,-8.669354838709676,13.41,0.0,3.65,1.11,연기금,유지,"소형주 핵심 연기금, 외국인 0, 연기금 32, 투신·사모 48, 지속성 20",1.91,-4.31,17.95,"시장대비 5일 +1.9%p·20일 -4.3%p, 거래대금 상위 16%, 추세 0",조건미충족,False,0.0,"조건미충족: 20일 -2.4%, 고점대비 -8.7%, MA20 이격 -2.3%, 거래대금 0.72배",6.06,RiskOn,회피,관찰,0.0,연기금 10일 순매수 · 역배열/추세 훼손,매도/제외,제외,연기금 수급 1.1 · 주도성 17.9 · 조건미충족 · 공시 중립,제외
SK바이오팜,326030,KOSPI,분류안됨,분류안됨,0.0,0,42.2,-3.12,상승장 (보수적 반영),75800.0,-1.1734028683181186,-0.4647959713466462,-0.1278141928794772,0.0559610739795723,-0.0899273440200827,0,0,95.4,0.5,25.1,66.0,46.3,65.2,87.7,0.74,False,False,0.0,75600.0,76530.0,79425.0,0.0,59361.18383311604,0.0,0.0,0.0,0.35,1,50.0,0.0,중립,False,최근 중요 공시 신호 없음,0.0,-1.4,회피,0.0,6.94,Low,RiskOn,중형,-0.0099,-0.0327,-0.0313,-0.4049,1,-0.0974,-0.3434,0.0034,-0.0046,0,1,-0.13175230566534468,-12.166859791425255,-12.471131639722866,-12.471131639722866,0.0,0.0,0.1,0.0,연기금,미확인,"중형주 핵심 연기금, 외국인 0, 연기금 0, 투신·사모 0, 지속성 20",-1.41,-14.11,10.49,"시장대비 5일 -1.4%p·20일 -14.1%p, 거래대금 상위 35%, 추세 0",조건미충족,False,0.0,"조건미충족: 20일 -12.2%, 고점대비 -12.5%, MA20 이격 -4.6%, 거래대금 0.74배",2.89,RiskOn,회피,관찰,0.0,역배열/추세 훼손,매도/제외,제외,연기금 수급 0.0 · 주도성 10.5 · 조건미충족 · 공시 중립,제외
KB발해인프라,415640,KOSPI,분류안됨,분류안됨,0.0,0,42.2,-3.12,상승장 (보수적 반영),10100.0,0.2979145978152964,0.5040234430179565,0.0,-0.4241547029406101,-0.4865527468499767,0,0,97.3,0.4,33.8,30.1,3.9,10.0,26.3,0.38,False,False,0.0,10092.0,10228.0,10375.0,0.0,12376.762661370409,0.0,0.0,0.0,0.35,1,50.0,0.0,중립,False,최근 중요 공시 신호 없음,0.0,-1.4,회피,0.0,6.94,Low,RiskOn,중형,0.0,0.0,-0.4685,-1.0343,0,-0.0535,0.034,-0.1152,-0.0778,1,0,-0.8832188420019649,-3.7178265014299328,-4.896421845574384,-4.896421845574384,0.0,0.0,0.25,0.0,연기금,미확인,"중형주 핵심 연기금, 외국인 0, 연기금 0, 투신·사모 0, 지속성 0",-2.16,-5.66,7.41,"시장대비 5일 -2.2%p·20일 -5.7%p, 거래대금 상위 12%, 추세 0",조건미충족,False,0.0,"조건미충족: 20일 -3.7%, 고점대비 -4.9%, MA20 이격 -2.7%, 거래대금 0.38배",1.81,RiskOn,회피,관찰,0.0,역배열/추세 훼손,매도/제외,제외,연기금 수급 0.0 · 주도성 7.4 · 조건미충족 · 공시 중립,제외
